{
  "model": "openai-community/gpt2",
  "fit_corpus": "wikitext-2-raw-v1(train)",
  "fit_tokens": 99840,
  "n_sample_vectors_per_layer": 15000,
  "eval_corpus": "wikitext-2-raw-v1(test)",
  "eval_tokens": 10240,
  "seq_len": 256,
  "ranks": [
    8,
    16,
    32,
    64,
    128,
    256
  ],
  "patch": "h -> mean_l + P_r P_r^T (h - mean_l) on block outputs (residual stream)",
  "baseline": {
    "kl_mean": 0.0,
    "top1_agreement": 1.0,
    "nll": 3.9975466500076595,
    "ppl": 54.46436583900754,
    "top1_accuracy": 0.31019607843137254
  },
  "configs": {
    "shared|all|r8": {
      "kl_mean": 4.220572137832642,
      "top1_agreement": 0.0271484375,
      "nll": 8.364521388633579,
      "ppl": 4292.057019096535,
      "top1_accuracy": 0.003137254901960784,
      "ppl_ratio": 78.80486540105001
    },
    "random|all|r8": {
      "kl_mean": 4.6267626762390135,
      "top1_agreement": 0.03447265625,
      "nll": 8.754007831648284,
      "ppl": 6336.031034779892,
      "top1_accuracy": 0.02176470588235294,
      "ppl_ratio": 116.33351342983981
    },
    "perlayer|all|r8": {
      "kl_mean": 4.797920370101929,
      "top1_agreement": 0.04638671875,
      "nll": 8.88482479319853,
      "ppl": 7221.549298874021,
      "top1_accuracy": 0.004705882352941176,
      "ppl_ratio": 132.59218550749975
    },
    "shared|L6|r8": {
      "kl_mean": 3.901628875732422,
      "top1_agreement": 0.1228515625,
      "nll": 7.950325472962622,
      "ppl": 2836.4980036606576,
      "top1_accuracy": 0.043627450980392155,
      "ppl_ratio": 52.0798867289693
    },
    "random|L6|r8": {
      "kl_mean": 6.123305988311768,
      "top1_agreement": 0.03203125,
      "nll": 10.138762637867647,
      "ppl": 25305.13548888636,
      "top1_accuracy": 0.004705882352941176,
      "ppl_ratio": 464.61819758787584
    },
    "perlayer|L6|r8": {
      "kl_mean": 3.3061145305633546,
      "top1_agreement": 0.16005859375,
      "nll": 7.242736529181985,
      "ppl": 1397.9141743653447,
      "top1_accuracy": 0.07647058823529412,
      "ppl_ratio": 25.666583147180507
    },
    "shared|L3|r8": {
      "kl_mean": 4.5999997615814205,
      "top1_agreement": 0.07705078125,
      "nll": 8.66221919041054,
      "ppl": 5780.348132624681,
      "top1_accuracy": 0.02980392156862745,
      "ppl_ratio": 106.13082597364566
    },
    "shared|L9|r8": {
      "kl_mean": 3.8915037393569945,
      "top1_agreement": 0.12294921875,
      "nll": 7.806023140701593,
      "ppl": 2455.3464261010154,
      "top1_accuracy": 0.06598039215686274,
      "ppl_ratio": 45.08170412483696
    },
    "shared|all|r16": {
      "kl_mean": 4.6065198421478275,
      "top1_agreement": 0.0857421875,
      "nll": 8.7301025390625,
      "ppl": 6186.362422483267,
      "top1_accuracy": 0.040392156862745096,
      "ppl_ratio": 113.58550360743531
    },
    "random|all|r16": {
      "kl_mean": 4.860205554962159,
      "top1_agreement": 0.02216796875,
      "nll": 8.936124578737745,
      "ppl": 7601.680184418864,
      "top1_accuracy": 0.0004901960784313725,
      "ppl_ratio": 139.57162756450415
    },
    "perlayer|all|r16": {
      "kl_mean": 4.650934076309204,
      "top1_agreement": 0.05302734375,
      "nll": 8.723927791819852,
      "ppl": 6148.280891084585,
      "top1_accuracy": 0.01392156862745098,
      "ppl_ratio": 112.88630274808355
    },
    "shared|L6|r16": {
      "kl_mean": 3.0762269496917725,
      "top1_agreement": 0.16611328125,
      "nll": 7.028215571384804,
      "ppl": 1128.0159492733856,
      "top1_accuracy": 0.07068627450980391,
      "ppl_ratio": 20.71108204229741
    },
    "random|L6|r16": {
      "kl_mean": 5.59301528930664,
      "top1_agreement": 0.03076171875,
      "nll": 9.658104607077206,
      "ppl": 15648.097249533395,
      "top1_accuracy": 0.010294117647058823,
      "ppl_ratio": 287.30890387648986
    },
    "perlayer|L6|r16": {
      "kl_mean": 2.76102819442749,
      "top1_agreement": 0.21572265625,
      "nll": 6.654259823069853,
      "ppl": 776.0832715075848,
      "top1_accuracy": 0.10549019607843137,
      "ppl_ratio": 14.249376809079664
    },
    "shared|L3|r16": {
      "kl_mean": 3.8768466472625733,
      "top1_agreement": 0.14462890625,
      "nll": 7.77851136450674,
      "ppl": 2388.7162446982047,
      "top1_accuracy": 0.07950980392156863,
      "ppl_ratio": 43.858332102113614
    },
    "shared|L9|r16": {
      "kl_mean": 3.014189600944519,
      "top1_agreement": 0.15634765625,
      "nll": 6.883408633961397,
      "ppl": 975.9473438276232,
      "top1_accuracy": 0.08558823529411765,
      "ppl_ratio": 17.9190068367352
    },
    "shared|all|r32": {
      "kl_mean": 5.892538547515869,
      "top1_agreement": 0.044921875,
      "nll": 10.013581016390932,
      "ppl": 22327.6481397228,
      "top1_accuracy": 0.022254901960784314,
      "ppl_ratio": 409.94965783172074
    },
    "random|all|r32": {
      "kl_mean": 4.929855918884277,
      "top1_agreement": 0.02412109375,
      "nll": 8.980663871017157,
      "ppl": 7947.906749408672,
      "top1_accuracy": 0.006862745098039216,
      "ppl_ratio": 145.92856497956979
    },
    "perlayer|all|r32": {
      "kl_mean": 5.67907133102417,
      "top1_agreement": 0.13125,
      "nll": 9.602313017003677,
      "ppl": 14798.972283005927,
      "top1_accuracy": 0.06941176470588235,
      "ppl_ratio": 271.7184356235882
    },
    "shared|L6|r32": {
      "kl_mean": 2.4540255546569822,
      "top1_agreement": 0.233984375,
      "nll": 6.418698251761642,
      "ppl": 613.2043566567506,
      "top1_accuracy": 0.10049019607843138,
      "ppl_ratio": 11.258817526111207
    },
    "random|L6|r32": {
      "kl_mean": 5.796375322341919,
      "top1_agreement": 0.02939453125,
      "nll": 9.857616421568627,
      "ppl": 19103.300909100373,
      "top1_accuracy": 0.01196078431372549,
      "ppl_ratio": 350.74861544460566
    },
    "perlayer|L6|r32": {
      "kl_mean": 2.169136881828308,
      "top1_agreement": 0.28857421875,
      "nll": 6.05951779833027,
      "ppl": 428.1689233029544,
      "top1_accuracy": 0.13372549019607843,
      "ppl_ratio": 7.8614506330357115
    },
    "shared|L3|r32": {
      "kl_mean": 3.0698142528533934,
      "top1_agreement": 0.194921875,
      "nll": 6.997952330346201,
      "ppl": 1094.3899134847113,
      "top1_accuracy": 0.09627450980392156,
      "ppl_ratio": 20.09368688363403
    },
    "shared|L9|r32": {
      "kl_mean": 2.319984245300293,
      "top1_agreement": 0.23203125,
      "nll": 6.204553988587622,
      "ppl": 494.9981318828964,
      "top1_accuracy": 0.11892156862745099,
      "ppl_ratio": 9.088476919864865
    },
    "shared|all|r64": {
      "kl_mean": 4.049351859092712,
      "top1_agreement": 0.14296875,
      "nll": 8.009183517156863,
      "ppl": 3008.459754049786,
      "top1_accuracy": 0.07254901960784314,
      "ppl_ratio": 55.23721258304119
    },
    "random|all|r64": {
      "kl_mean": 5.683716344833374,
      "top1_agreement": 0.02412109375,
      "nll": 9.745278128829657,
      "ppl": 17073.41968610521,
      "top1_accuracy": 0.006862745098039216,
      "ppl_ratio": 313.47871995008484
    },
    "perlayer|all|r64": {
      "kl_mean": 5.826075553894043,
      "top1_agreement": 0.1357421875,
      "nll": 9.533949046415442,
      "ppl": 13821.06347739234,
      "top1_accuracy": 0.08725490196078431,
      "ppl_ratio": 253.7634151152395
    },
    "shared|L6|r64": {
      "kl_mean": 1.7162229299545289,
      "top1_agreement": 0.32412109375,
      "nll": 5.664503054151348,
      "ppl": 288.44460414567436,
      "top1_accuracy": 0.14107843137254902,
      "ppl_ratio": 5.296024284911245
    },
    "random|L6|r64": {
      "kl_mean": 5.5216841220855715,
      "top1_agreement": 0.02314453125,
      "nll": 9.513276558670343,
      "ppl": 13538.280694410929,
      "top1_accuracy": 0.013725490196078431,
      "ppl_ratio": 248.57134542664173
    },
    "perlayer|L6|r64": {
      "kl_mean": 1.4924763798713685,
      "top1_agreement": 0.37744140625,
      "nll": 5.394344314874387,