rank	word	class	total	codex:code	codex:code_qa	codex:conversation	codex:figurative_commonsense	codex:general_qa	codex:narrative	codex:paraphrase_entail	codex:pro	jawiki	seed	in_predicate_check
1	ある	V	1931766	354165	88929	239248	39482	191093	13219	83734	20227	901669	P_EXIST	-
2	する	V	1714673	388677	203873	283359	52494	217269	42521	58353	153358	314769	P_ACT	-
3	なる	V	878203	205876	62339	129596	56392	108411	24527	31360	156307	103395	P_CHANGE	-
4	できる	V	607767	252045	70020	123935	8730	80136	3146	40635	9294	19826	P_STATE	-
5	使う	V	489433	234233	74591	42026	12035	70180	4026	28968	10888	12486	P_CONSUME	-
6	ない	A	395380	109840	45939	93635	7287	32546	22027	37228	16533	30345	-	-
7	見る	V	279015	23831	7572	112436	17831	37397	20369	13767	35636	10176	P_PERCEIVE	-
8	よる	V	268939	45078	10873	17582	2752	47955	151	4884	263	139401	P_STATE	-
9	いい	A	245428	403	2309	144836	1212	89307	759	7	2230	4365	-	-
10	出る	V	237701	58945	18849	74891	8894	22340	9344	12212	29546	2680	P_MOVE	-
11	よい	A	235538	18064	8401	107634	2968	79889	1544	1171	12932	2935	-	-
12	教える	V	218221	40	16304	25468	746	158706	3715	9836	2579	827	P_COMMUNICATE	-
13	返す	V	203178	80859	87326	9463	1694	4645	4542	9931	4554	164	P_GIVE	-
14	書く	V	178913	30016	68627	26078	3466	13569	9950	9325	11922	5960	P_CREATE	-
15	いう	V	171163	9912	4534	14476	8399	19643	1643	49567	2443	60546	P_COMMUNICATE	-
16	作る	V	170017	45134	33858	17691	4833	21058	4904	25650	10281	6608	P_CREATE	-
17	置く	V	164999	15208	2859	32866	6774	12481	13033	7672	46687	27419	P_ACT	-
18	持つ	V	159390	17581	5752	56113	4531	13323	7141	9529	20159	25261	P_POSSESS	-
19	含む	V	153367	61875	36789	691	2932	16285	119	10441	6252	17983	P_POSSESS	-
20	分かる	V	150489	25972	13791	52752	2300	15822	2855	31393	4900	704	P_COGNITION	-
21	ござる	V	145468	24	14	142152	7	3003	40	1	98	129	P_EXIST	-
22	つく	V	142722	2805	8142	13303	5706	30847	3810	14968	29987	33154	P_ACT	-
23	可能	S	137209	91490	6976	8653	436	6982	40	12583	52	9997	-	-
24	違う	V	136089	8212	24348	12601	909	84661	1209	595	2652	902	P_STATE	-
25	残る	V	131047	18807	5197	10718	4737	6807	9575	3583	69259	2364	P_EXIST	-
26	渡す	V	130038	66562	18386	10418	1327	3460	4610	21384	3676	215	P_GIVE	-
27	入れる	V	129922	8571	5393	46084	6728	12766	4456	13167	31092	1665	P_ACT	-
28	読む	V	124491	38345	31251	8863	6316	13393	4952	13819	5580	1972	-	-
29	出す	V	116883	19674	16175	22768	5638	11057	7048	11039	20868	2616	P_GIVE	-
30	使える	V	113720	78860	9478	11413	1281	7474	330	3551	1027	306	P_CONSUME	-
31	行く	V	113608	1817	449	79757	3529	8342	3467	8448	4101	3698	P_MOVE	-
32	入る	V	110593	9223	3617	32883	5946	10287	5927	9119	28431	5160	P_MOVE	-
33	選ぶ	V	109836	34405	7365	15005	2860	20914	3253	15289	7760	2985	-	-
34	行う	V	108846	32570	5838	1139	592	12607	83	4089	71	51857	P_ACT	-
35	聞く	V	108116	16	212	52305	8520	10716	10174	8002	17634	537	P_PERCEIVE	-
36	見える	V	107998	13604	2040	18980	12308	10235	9147	4021	35479	2184	P_PERCEIVE	-
37	長い	A	107191	29214	13067	11642	9347	11814	4625	6215	15085	6182	-	-
38	言う	V	104100	120	1181	44088	4909	15835	9762	3764	14791	9650	P_COMMUNICATE	-
39	食べる	V	102104	7	169	33837	8610	19751	4625	15131	18671	1303	P_CONSUME	-
40	異なる	V	101122	42879	9245	1639	1002	35429	31	3346	10	7541	P_STATE	-
41	思う	V	100088	488	318	65180	2637	2381	5695	492	21203	1694	P_COGNITION	-
42	濡れる	V	100065	0	0	24040	3511	1356	6941	1266	62893	58	P_CHANGE	-
43	待つ	V	98223	17830	2916	38022	5819	3377	13078	5623	11169	389	P_EXIST	-
44	確かめる	V	96373	16169	8482	4309	6914	18516	11609	5523	24799	52	P_PERCEIVE	-
45	呼ぶ	V	94364	19597	4679	5041	1221	6953	5802	2997	2243	45831	P_COMMUNICATE	-
46	調べる	V	94325	46486	21763	3772	1651	14113	1892	3996	282	370	P_PERCEIVE	-
47	買う	V	92379	38	243	40706	3465	3363	3480	27815	12945	324	P_GIVE	-
48	かける	V	91828	427	102	17741	5475	7690	5953	4266	18581	31593	-	-
49	冷たい	A	88698	15	0	2721	3272	1411	1716	628	78700	235	-	yes
50	知る	V	88551	4222	4534	8727	6110	13426	12191	11696	4735	22910	P_COGNITION	-
51	変わる	V	88240	30942	4432	19376	3096	17064	1816	1720	8602	1192	P_CHANGE	-
52	表す	V	87443	30603	10141	170	4889	16407	36	17983	20	7194	P_COMMUNICATE	-
53	おく	V	85127	436	229	1124	112	2161	41	78	95	80851	P_ACT	-
54	決める	V	83477	31301	2205	16509	3383	16833	3718	5405	2133	1990	P_COGNITION	-
55	伝える	V	83098	10112	768	27014	2945	22100	3668	10610	3797	2084	P_COMMUNICATE	-
56	示す	V	82291	33400	11122	339	1492	12554	1184	13019	1578	7603	-	yes
57	多い	A	81860	8613	3940	18161	2108	20339	704	8587	2920	16488	-	-
58	大丈夫	S	79586	229	125	74303	126	3599	164	2	982	56	-	-
59	願う	V	79563	102	16341	57552	1017	3261	353	52	584	301	P_COMMUNICATE	-
60	来る	V	79522	1418	810	44009	3193	4345	10707	8065	5716	1259	P_MOVE	-
61	久しい	A	79385	3	0	77310	403	547	508	5	575	34	-	-
62	いる	V	79270	1126	589	19418	3637	7620	9554	17375	5181	14770	P_EXIST	-
63	合わせる	V	77528	36838	3182	10317	3730	12255	2895	835	4867	2609	-	-
64	つける	V	76056	1583	408	34985	4245	12966	2809	1842	12671	4547	P_ACT	-
65	白い	A	75511	4	58	4751	8815	2411	6736	2364	49142	1230	-	-
66	新しい	A	75493	19969	9494	12753	2644	5671	5515	9119	7482	2846	-	-
67	呼び出す	V	74933	66880	6945	344	59	91	179	57	233	145	P_COMMUNICATE	-
68	歩く	V	74488	2	149	25329	6694	4394	9718	5975	21757	470	P_MOVE	-
69	戻る	V	74247	5288	1126	20350	1806	3041	12454	2976	26140	1066	P_MOVE	-
70	分ける	V	73114	32213	14153	4870	1867	9173	4011	2219	2994	1614	-	-
71	短い	A	72630	20657	9413	11040	2615	9967	3028	2852	11450	1608	-	-
72	扱う	V	70732	45098	12354	1731	759	5408	214	540	618	4010	-	-
73	受け取る	V	70408	22477	12555	5440	1056	4022	2836	18605	3041	376	P_POSSESS	-
74	強い	A	70152	2002	106	15990	5612	15336	1833	3021	22568	3684	-	-
75	くださる	V	69655	122	16510	39000	29	13612	113	20	148	101	P_GIVE	-
76	見つける	V	68879	15033	3369	5610	4738	6454	19400	5697	8178	400	P_PERCEIVE	-
77	含める	V	68819	39690	18312	3175	101	2943	25	240	44	4289	P_POSSESS	-
78	探す	V	68347	10353	9943	16532	3251	7171	9728	3608	7319	442	P_PERCEIVE	-
79	大きい	A	68293	12075	7508	11220	3575	13293	2056	2657	10052	5857	-	yes
80	乾く	V	67779	0	0	5569	2642	4473	1884	2402	50742	67	P_CHANGE	-
81	避ける	V	65060	29768	4751	6604	2418	10909	1493	1137	7358	622	-	-
82	開ける	V	64748	1634	1475	9133	3227	2684	8293	7756	30189	357	P_ACT	-
83	始める	V	64673	4580	925	10473	3283	11709	7155	7113	15916	3519	P_CHANGE	-
84	まとめる	V	63423	26824	14682	7408	1072	5998	380	1398	2163	3498	P_CREATE	-
85	直す	V	62672	12107	19644	7225	1519	3449	4718	3907	9995	108	P_CHANGE	-
86	忘れる	V	62413	2732	199	27563	3176	3147	4674	3378	17130	414	P_COGNITION	-
87	すぎる	V	61993	6542	1068	17071	3554	9988	1203	493	20633	1441	-	-
88	飲む	V	61921	9	34	20697	2977	5132	2541	5850	24298	383	P_CONSUME	-
89	すむ	V	61612	3	14	57305	376	1091	151	264	468	1940	-	-
90	合う	V	61271	23793	4472	17243	2115	9200	847	589	2653	359	P_STATE	-
91	取る	V	60657	3428	3549	16910	3343	8564	3070	7993	11030	2770	P_POSSESS	-
92	数える	V	60555	8913	36678	1365	1880	1881	2884	2091	3107	1756	P_COGNITION	-
93	開く	V	59097	8892	3823	8773	3508	7543	6774	5756	11492	2536	-	-
94	助かる	V	58927	108	15	57756	68	562	115	8	282	13	-	-
95	古い	A	58195	12863	4232	3678	3206	1776	9893	6407	13364	2776	-	-
96	受ける	V	58121	5926	1288	2180	4098	8319	1517	11528	11556	11709	P_POSSESS	-
97	指す	V	57980	7946	1272	391	627	23253	1551	3497	1324	18119	-	-
98	落ちる	V	57369	743	535	4223	4009	2663	7353	845	36631	367	P_CHANGE	-
99	小さい	A	57121	7927	5443	10565	2024	4896	3887	1155	19354	1870	-	-
100	赤い	A	56127	34	275	4953	5109	1171	6596	6558	30277	1154	-	-
101	考える	V	55936	9239	539	16148	1981	15930	1836	819	2291	7153	P_COGNITION	-
102	急ぐ	V	55654	89	1	34296	1121	1609	5804	947	11735	52	-	-
103	進む	V	53872	7484	2393	15095	5721	6621	5120	1957	7806	1675	P_MOVE	-
104	切る	V	53786	2209	456	9724	4169	8423	2152	11208	14787	658	P_ACT	-
105	送る	V	52389	11275	3542	20432	1193	3767	1562	7730	1547	1341	P_GIVE	-
106	鳴る	V	52299	5	1	3484	5141	1270	7512	1439	33332	115	-	-
107	残す	V	52221	18918	6695	3235	1749	4613	3206	2096	8602	3107	-	-
108	やる	V	51986	46	307	25813	1213	17224	1683	1867	1663	2170	-	-
109	続ける	V	51939	13085	1692	6699	4730	9144	3584	2826	6944	3235	P_ACT	-
110	高い	A	51139	3202	2711	5687	3985	11525	1611	6090	7245	9083	-	-
111	付ける	V	49750	27176	10778	2077	561	2580	280	2082	691	3525	P_ACT	-
112	静か	S	49499	173	79	5781	4892	2273	8525	1994	25583	199	-	yes
113	有効	S	49437	36844	7666	450	136	2844	1	381	5	1110	-	-
114	続く	V	48864	4143	1797	9379	4529	8137	4684	1662	9252	5281	-	-
115	終わる	V	48260	6638	2658	22484	1444	4087	1459	3975	3686	1829	P_CHANGE	-
116	見つかる	V	47985	14481	10888	12915	786	1775	3044	1386	2129	581	P_PERCEIVE	-
117	わかる	V	47911	180	1148	30366	1717	9204	2011	552	1803	930	P_COGNITION	-
118	重い	A	47752	1657	239	7583	1744	3257	1066	2031	29686	489	-	-
119	起きる	V	47270	26161	1535	4954	1480	6586	653	1592	2167	2142	-	-
120	走る	V	45849	851	171	12381	5472	5033	4056	6470	9464	1951	P_MOVE	-
121	広がる	V	45552	1375	13	1690	5260	6494	2903	550	25195	2072	P_CHANGE	-
122	少ない	A	44993	3744	1287	4957	1742	4835	588	21501	2875	3464	-	-
123	帰る	V	44759	0	19	27219	1908	966	6527	2323	5384	413	P_MOVE	-
124	運ぶ	V	44739	198	30	4561	3864	4074	5599	15654	10144	615	P_MOVE	-
125	求める	V	44137	7505	23655	866	454	6115	773	2340	168	2261	P_COMMUNICATE	-
126	並べる	V	43561	5808	19048	1604	2699	1881	3319	3414	5125	663	P_ACT	-
127	軽い	A	43453	751	21	9532	2713	4257	1180	731	23968	300	-	-
128	変える	V	43326	15989	3494	6298	1593	7530	1666	1953	3514	1289	P_CHANGE	-
129	限る	V	43251	17917	2042	2428	267	5398	154	13685	148	1212	P_STATE	-
130	話す	V	42437	4	4	17592	2467	8062	4135	3623	4455	2095	P_COMMUNICATE	-
131	冷える	V	42422	27	0	5783	2557	1423	922	101	31537	72	P_CHANGE	-
132	気づく	V	41492	982	12	12827	2392	2752	9740	976	11662	149	P_PERCEIVE	-
133	得る	V	41470	22285	5679	192	1261	4131	240	2000	32	5650	P_POSSESS	-
134	正しい	A	41247	20956	8578	1283	827	2153	731	4557	1202	960	-	-
135	保つ	V	40592	17942	8127	512	2653	7829	397	506	1979	647	P_POSSESS	-
136	届く	V	40233	2345	675	8047	4718	4141	5130	3792	11139	246	-	-
137	取り出す	V	40066	9300	23572	692	393	1255	957	524	3178	195	-	-
138	適切	S	39890	32261	1319	145	807	4378	73	140	3	764	-	-
139	洗う	V	39591	5	9	4614	3201	7443	1488	5118	17631	82	P_ACT	-
140	薄い	A	39533	327	21	2686	1717	2637	1116	1049	29147	833	-	-
141	遅れる	V	39469	900	39	24097	1456	3118	2056	3880	3586	337	-	-
142	描く	V	39016	51	28	2297	3843	4123	6641	5427	2940	13666	P_CREATE	-
143	加える	V	38983	13743	5923	1867	1365	7511	498	3168	1145	3763	P_GIVE	-
144	始まる	V	38766	4098	7483	3986	8282	3797	1365	3591	1768	4396	P_CHANGE	-
145	甘い	A	38629	0	27	3160	1067	1137	1525	726	30449	538	-	-
146	動く	V	38340	5661	3063	7071	3439	5510	3395	799	8880	522	P_MOVE	-
147	拭く	V	38195	0	6	5146	1574	2381	1807	1943	25323	15	P_ACT	-
148	見せる	V	38188	1741	6241	8653	1433	1819	2483	11287	3749	782	-	-
149	流れる	V	38173	327	42	1189	3680	3831	3926	556	18481	6141	-	yes
150	熱い	A	38143	2	2	3171	2604	2289	694	353	28832	196	-	-
151	閉じる	V	38068	13582	3651	2615	1416	1260	4580	831	9831	302	-	-
152	立つ	V	37367	545	141	3479	4237	1743	4772	1275	19754	1421	P_EXIST	-
153	明るい	A	37160	46	6	5483	4751	3517	2110	630	19439	1178	-	yes
154	早い	A	37097	2957	1172	16035	1775	3151	1331	5538	4131	1007	-	-
155	落ち着く	V	37004	50	1	19365	2239	4473	1207	130	9443	96	-	-
156	通る	V	36982	2739	677	6546	2563	4165	2221	2693	8865	6513	P_MOVE	-
157	青い	A	36790	44	569	5656	2686	601	4467	5596	16437	734	-	-
158	当たる	V	36769	323	271	2490	2787	2264	665	1392	23677	2900	P_STATE	-
159	揺れる	V	36532	295	6	959	3973	1122	7134	193	22768	82	-	-
160	押す	V	36281	329	201	12858	1906	2815	2335	1896	13644	297	P_ACT	-
161	読み取る	V	36187	24561	8184	1429	164	1376	42	56	278	97	P_PERCEIVE	-
162	降る	V	36166	7	141	9776	3442	1936	2326	13944	4282	312	-	-
163	対する	V	35929	11141	4775	95	169	3040	1	387	7	16314	P_STATE	-
164	明確	S	35450	28563	3258	327	185	2079	5	130	5	898	-	-
165	応ずる	V	35302	20874	3820	261	413	8218	66	434	60	1156	-	-
166	整える	V	35285	6267	4720	4075	3209	7739	1932	1095	6037	211	P_CREATE	-
167	着く	V	35218	17	30	19170	1047	789	2868	6030	5191	76	P_MOVE	-
168	聞こえる	V	35185	0	2	4815	4602	1960	4660	750	18260	136	P_PERCEIVE	-
169	伝わる	V	34970	6659	1733	5098	1280	4687	375	56	12746	2336	-	-
170	触れる	V	34830	695	159	1143	1333	3984	1840	1018	24107	551	P_PERCEIVE	-
171	増える	V	34369	13290	1000	7172	3015	4028	1179	1053	3112	520	P_CHANGE	-
172	止める	V	33866	6075	903	5332	1641	3917	4924	2562	8130	382	-	-
173	戻す	V	33359	7710	2241	3562	795	2819	4567	3509	7794	362	-	-
174	務める	V	33242	5	0	22	69	240	118	291	3	32494	-	-
175	落とす	V	33101	720	270	5163	2538	3524	3360	1699	15507	320	-	-
176	感ずる	V	33021	95	6	2207	3443	5801	1327	503	19135	504	-	-
177	止まる	V	32572	3149	780	7472	2206	3006	5576	1459	8710	214	P_EXIST	-
178	消える	V	32476	3285	779	1950	1621	912	7415	607	15609	298	P_CHANGE	-
179	乗る	V	32349	22	8	12665	2885	4094	2502	5040	4394	739	P_MOVE	-
180	並ぶ	V	31767	1245	2539	2732	3039	1622	5475	2395	10024	2696	-	-
181	かかる	V	31479	2527	271	12148	2784	4376	1036	1182	5763	1392	-	-
182	立てる	V	31471	640	129	3205	2936	2646	2003	1162	18094	656	-	-
183	しれる	V	31457	1201	52	26217	137	732	649	170	1015	1284	-	-
184	同じ	S	31120	9503	2104	2949	2453	3499	355	6666	129	3462	-	-
185	済む	V	31026	6236	854	8702	1049	1241	746	3584	8536	78	-	-
186	湿る	V	30679	0	0	1331	898	1952	326	705	25375	92	P_CHANGE	-
187	終える	V	29934	3711	732	768	1504	1663	3929	7664	9425	538	-	-
188	温かい	A	29737	2	5	5412	1138	757	1849	679	19804	91	-	-
189	読み込む	V	29657	21146	8114	194	21	83	3	6	16	74	-	-
190	広い	A	29645	4458	299	3077	1192	8696	732	2919	2982	5290	-	-
191	細い	A	29352	5	0	1893	2337	1434	2738	772	19539	634	-	-
192	迷う	V	29170	881	70	13546	1543	7310	2909	1286	1577	48	P_COGNITION	-
193	覚える	V	28923	736	36	15467	1190	4950	2688	1284	2384	188	P_COGNITION	-
194	近い	A	28894	3389	1956	9937	1995	3582	593	1764	2177	3501	-	-
195	借りる	V	28854	944	115	6272	971	2312	2020	14655	1318	247	P_GIVE	-
196	不要	S	28710	24279	1176	802	172	1418	23	566	40	234	-	-
197	重なる	V	28353	2508	1237	1694	13399	2247	1203	183	5574	308	-	-
198	述べる	V	28249	41	1	14	106	1053	87	24587	46	2314	P_COMMUNICATE	-
199	深い	A	27867	7509	2849	1010	1448	3243	977	469	8316	2046	-	-
200	結ぶ	V	27801	1365	106	1168	2652	3411	3500	1744	2986	10869	-	yes
201	閉める	V	27700	1	6	5843	1066	681	2105	4081	13897	20	P_ACT	-
202	響く	V	27698	40	0	1286	4759	455	2180	52	18834	92	P_PERCEIVE	-
203	光る	V	27694	1	7	500	3373	878	2795	116	19924	100	-	-
204	高等	S	27658	0	0	0	0	55	0	0	0	27603	-	-
205	追う	V	27562	14120	2697	707	1669	1566	2981	714	2567	541	-	-
206	防ぐ	V	27499	12079	839	303	3544	8317	322	327	1065	703	-	-
207	間に合う	V	27233	36	13	24090	372	833	381	943	510	55	-	-
208	決まる	V	26979	5464	890	9204	833	5613	373	3607	378	617	P_CHANGE	-
209	進める	V	26890	6046	3358	5226	1328	7268	576	571	994	1523	-	-
210	関する	V	26732	4416	163	156	50	3589	6	224	1	18127	P_STATE	-
211	焼く	V	26470	3	120	5439	2867	4026	1956	5345	6061	653	P_CREATE	-
212	滑る	V	26235	1	1	6258	1217	1148	1175	729	15634	72	-	yes
213	引く	V	25917	956	2827	2110	2325	2062	2090	1442	11373	732	P_ACT	-
214	役立つ	V	25725	18571	144	938	566	4883	201	70	95	257	-	-
215	頼む	V	25616	15	10	9487	685	2050	1969	9110	2185	105	P_COMMUNICATE	-
216	笑う	V	25597	0	43	3068	2626	613	7375	484	10915	473	P_EMOTION	-
217	低い	A	25306	822	147	930	1731	3553	1255	1958	13183	1727	-	-
218	好き	S	25286	25	195	10696	883	4414	3268	3080	1488	1237	-	-
219	見直す	V	24978	15568	77	2906	569	4153	434	469	709	93	P_PERCEIVE	-
220	用いる	V	24647	1265	106	1	96	2782	0	233	0	20164	P_CONSUME	-
221	上がる	V	24637	1074	39	6474	2710	2614	1350	1723	8269	384	P_MOVE	-
222	取り除く	V	24245	4793	12270	252	665	2723	462	939	1864	277	P_ACT	-
223	硬い	A	24124	0	0	367	341	2047	94	318	20676	281	-	-
224	起こる	V	24091	17333	196	71	372	2880	37	236	195	2771	-	-
225	包む	V	23934	1389	255	2770	2132	2502	2284	2283	9873	446	-	-
226	除く	V	23805	5228	13461	89	119	830	26	255	58	3739	-	-
227	暗い	A	23723	12	1	3963	3514	1751	1850	601	11594	437	-	-
228	抑える	V	23710	10872	664	1165	2507	7013	83	284	660	462	-	-
229	柔らかい	A	23640	0	0	1925	745	1866	132	497	18253	222	-	-
230	休む	V	23571	18	7	9635	1853	4612	1714	2459	3207	66	P_EXIST	-
231	向かう	V	23517	143	176	5892	1996	1924	4923	2041	4412	2010	P_MOVE	-
232	移す	V	23422	6689	1437	1864	741	2576	1443	1829	5923	920	-	-
233	黒い	A	23246	0	4	2852	1346	772	814	502	16111	845	-	-
234	減る	V	23156	10288	167	2815	1576	5063	392	588	2134	133	P_CHANGE	-
235	足す	V	23099	2548	7605	3836	787	1662	828	614	5162	57	-	-
236	そろえる	V	22933	10524	3633	1322	1218	2876	538	709	2085	28	-	-
237	渡る	V	22914	2174	209	6091	2686	1479	2741	3192	2040	2302	P_MOVE	-
238	従う	V	22874	7593	1759	1872	183	8930	261	642	88	1546	P_STATE	-
239	撮る	V	22762	9	0	8436	902	1522	1515	6282	3834	262	-	yes
240	超える	V	22758	10611	5665	957	214	1170	7	1679	144	2311	P_STATE	-
241	座る	V	22583	0	2	5483	1024	1307	3725	1250	9582	210	P_EXIST	-
242	遅い	A	22478	4333	603	10534	756	1805	482	1955	1617	393	-	-
243	十分	S	22275	6764	619	7885	771	3825	142	669	930	670	-	-
244	比べる	V	22263	4191	4450	2815	625	7596	181	985	278	1142	P_COGNITION	-
245	会う	V	22122	0	6	15458	868	1844	1473	1519	647	307	-	-
246	動かす	V	22116	2490	383	3108	2559	4510	1257	872	6640	297	-	-
247	／	V	22092	0	2	0	22059	2	0	1	0	28	-	-
248	属する	V	21915	1271	692	1	6	878	1	327	0	18739	P_STATE	-
249	消す	V	21809	5185	2230	1626	1752	1908	2628	1283	4941	256	-	-
250	返る	V	21646	7540	9425	570	416	195	1302	25	2153	20	-	-
251	絞る	V	21620	11253	2749	2119	226	2048	98	212	2789	126	-	-
252	拾う	V	21555	192	305	1299	1479	682	7754	2548	7217	79	P_POSSESS	-
253	測る	V	21460	6399	647	5772	986	3625	349	2540	899	243	P_PERCEIVE	-
254	す	V	21161	5101	1373	3214	518	3947	22	22	15	6949	-	-
255	濃い	A	21077	0	5	1596	979	1667	630	737	15089	374	-	-
256	集める	V	21051	3202	3089	1043	1175	2419	1581	3451	2856	2235	P_ACT	-
257	届ける	V	20874	120	47	3597	1032	1564	4969	8601	720	224	P_GIVE	-
258	抜ける	V	20862	3715	508	4121	1258	1312	1319	213	8175	241	-	-
259	外す	V	20789	3596	922	4042	630	1505	1807	1210	6911	166	-	-
260	簡単	S	20639	7908	3754	4129	179	2335	116	120	1440	658	-	yes
261	置き換える	V	20523	11043	8071	62	47	501	2	59	6	732	-	-
262	温める	V	20258	35	2	4924	1816	2028	1193	1534	8673	53	-	-
263	早め	S	20150	1602	63	11461	846	4617	214	247	1073	27	-	-
264	守る	V	20088	3066	118	1191	3132	6442	2730	944	1217	1248	P_ACT	-
265	思い出す	V	20041	44	0	2522	1648	1362	3077	91	11222	75	P_COGNITION	-
266	試す	V	20005	4180	1782	7890	289	4162	496	599	537	70	P_ACT	-
267	困る	V	19986	549	237	12556	970	2811	1770	212	816	65	P_COGNITION	-
268	空く	V	19947	2044	672	10176	288	2063	1438	1319	1746	201	P_EXIST	-
269	重要	S	19892	9297	178	182	123	2491	9	42	24	7546	-	-
270	よろしい	A	19815	0	0	11364	3	8427	0	0	10	11	-	-
271	割る	V	19788	1257	10109	982	863	1222	1068	965	3120	202	-	-
272	つながる	V	19680	5828	384	2519	1644	7132	735	163	416	859	-	-
273	尋ねる	V	19660	92	27	1320	805	3958	3101	8155	2168	34	P_COMMUNICATE	-
274	難しい	A	19548	2592	116	10134	593	4419	187	429	546	532	-	yes
275	添える	V	19307	2687	154	4183	2140	3324	1573	1262	3689	295	P_GIVE	-
276	映る	V	19217	2	0	1095	2250	237	4681	124	10748	80	P_PERCEIVE	-
277	離れる	V	18996	507	394	2304	1411	4098	3281	734	3608	2659	-	-
278	完全	S	18739	6816	3429	1235	635	2061	33	365	187	3978	-	-
279	与える	V	18553	3312	710	167	869	4187	211	2294	263	6540	P_GIVE	-
280	伸びる	V	18458	295	38	1532	2820	2344	2527	216	7891	795	-	yes
281	晴れる	V	18441	5	47	4051	1330	445	1108	2441	8911	103	P_CHANGE	-
282	重ねる	V	18399	1524	380	1173	5481	2996	890	858	4464	633	-	-
283	いただける	V	18388	0	0	7592	1	10785	0	2	5	3	-	-
284	減らす	V	18385	5602	329	1508	1967	7399	232	538	510	300	P_CHANGE	-
285	暑い	A	18347	23	19	3883	1742	3246	352	219	8780	83	-	-
286	大切	S	18199	5089	52	2251	935	5646	3052	271	661	242	-	-
287	丸い	A	17977	2	4	779	1860	712	2547	817	10983	273	-	-
288	スマート	S	17972	69	7	2074	232	9113	243	199	3243	2792	-	-
289	広げる	V	17726	1221	109	1197	1559	2540	2087	849	7681	483	-	-
290	特別	S	17704	1730	499	563	61	1591	94	33	183	12950	-	-
291	吹く	V	17673	0	13	440	3366	936	3675	1879	7099	265	-	-
292	細か	S	17386	1259	184	138	770	1622	388	241	12713	71	-	-
293	丸める	V	17312	7852	5615	367	291	326	269	639	1901	52	-	-
294	近づく	V	17243	670	69	1411	1420	2589	3667	913	6323	181	-	-
295	繰り返す	V	17174	8881	2124	505	1138	2620	210	83	558	1055	-	-
296	速い	A	17094	4598	310	1210	1564	4872	774	1241	2061	464	-	-
297	しまう	V	17075	2	1	1732	1983	1043	3879	1519	6576	340	-	-
298	寒い	A	17044	9	11	4041	2808	1892	1059	657	6398	169	-	-
299	貼る	V	16986	114	13	4289	633	1157	1715	5274	3653	138	-	-
300	定める	V	16930	6024	250	23	192	6488	47	384	45	3477	P_CREATE	-
301	誤る	V	16921	14042	813	372	209	691	81	109	258	346	P_COGNITION	-
302	回る	V	16889	165	54	5604	1764	2110	2067	561	4264	300	P_MOVE	-
303	眺める	V	16783	58	6	981	2865	1389	4306	589	6466	123	P_PERCEIVE	-
304	踏む	V	16732	6	0	582	1463	487	1211	264	12469	250	-	-
305	沿う	V	16537	6868	855	1846	583	3596	231	250	1092	1216	P_STATE	-
306	払う	V	16535	13	3	3500	1120	2107	748	1243	7644	157	P_GIVE	-
307	現れる	V	16505	2739	4706	21	785	1132	3679	215	1828	1400	P_EXIST	-
308	くる	V	16367	1	67	2391	365	356	131	28	654	12374	P_MOVE	-
309	増やす	V	16217	7238	2939	1511	401	3069	169	239	345	306	P_CHANGE	-
310	あたる	V	16211	81	99	40	98	1069	10	50	14	14750	-	-
311	いたす	V	16195	0	0	14915	5	1195	5	0	5	70	-	-
312	設ける	V	16193	9695	390	113	429	2650	40	412	5	2459	P_CREATE	-
313	きれい	S	16143	135	39	5328	1284	1853	977	352	5987	188	-	-
314	基づく	V	16043	4554	852	17	43	2848	1	21	0	7707	P_STATE	-
315	振る	V	15953	84	134	978	1226	1063	4409	840	6968	251	-	-
316	贈る	V	15871	0	0	786	228	2080	623	10765	73	1316	P_GIVE	-
317	移る	V	15753	1232	213	1500	1204	2491	1302	751	6216	844	P_MOVE	-
318	似る	V	15725	2726	454	2079	2298	2610	1008	289	956	3305	P_STATE	-
319	大変	S	15652	16	4	14172	187	794	19	11	354	95	-	-
320	着る	V	15546	7	1	7949	2487	1119	439	1611	1561	372	P_CONSUME	-
321	飛ぶ	V	15472	145	130	1739	3164	1402	2292	805	5317	478	P_MOVE	-
322	握る	V	15457	6	0	560	568	590	1964	342	11087	340	P_POSSESS	-
323	読める	V	15364	4459	2277	2862	757	829	780	2169	1147	84	-	-
324	寝る	V	15351	1	63	7389	1078	2509	205	713	3241	152	P_EXIST	-
325	打つ	V	15319	200	47	660	2449	2816	1114	2121	5444	468	P_ACT	-
326	掛ける	V	15319	524	3229	1138	2101	937	739	615	5427	609	-	-
327	つなぐ	V	15237	1222	1886	1856	3359	4090	1035	481	590	718	-	-
328	通す	V	15182	1713	370	1861	1740	2746	350	1662	2966	1774	-	-
329	悪い	A	15155	261	46	8449	1017	2895	182	593	1073	639	-	-
330	押さえる	V	15049	259	259	2379	507	1742	1075	464	8314	50	-	-
331	切れる	V	15013	1431	264	4266	1089	1145	925	1552	4232	109	-	-
332	回す	V	15007	927	264	3839	1581	1148	1064	559	5462	163	-	-
333	別々	S	14986	7583	4284	555	141	1209	333	491	112	278	-	-
334	いく	V	14946	19	74	3661	223	588	150	2117	155	7959	P_MOVE	-
335	とる	V	14852	280	30	1071	1510	3863	226	317	141	7414	-	-
336	迎える	V	14837	8	68	5543	1399	1421	1682	2168	918	1630	-	-
337	差す	V	14799	1	0	2274	1762	189	1661	576	8208	128	-	-
338	足りる	V	14642	2752	648	6567	600	1226	781	540	1453	75	P_STATE	-
339	手伝う	V	14610	0	2	6327	336	1068	1439	4588	742	108	-	-
340	上げる	V	14506	840	233	1825	1312	1768	1589	568	5621	750	-	-
341	単純	S	14491	9870	2652	173	22	707	1	4	7	1055	-	-
342	間違える	V	14409	716	149	6337	491	1275	542	516	4296	87	P_COGNITION	-
343	疲れる	V	14278	0	0	4263	980	3307	614	395	4692	27	P_EMOTION	-
344	細かい	A	14247	1275	203	4391	914	1805	170	502	4621	366	-	-
345	降りる	V	14016	12	18	5134	941	1139	1315	2386	2951	120	P_MOVE	-
346	向く	V	13992	6949	1735	757	402	1813	842	79	1149	266	-	-
347	集まる	V	13989	154	22	2076	1797	2110	2001	1157	3539	1133	-	-
348	吸う	V	13942	0	0	928	959	1664	312	239	9753	87	P_CONSUME	-
349	丁寧	S	13905	99	17	5041	468	3063	893	452	3815	57	-	-
350	照らす	V	13784	1060	24	259	2639	716	1744	147	7077	118	-	-
351	当てる	V	13708	77	6	1629	1128	1985	808	358	6872	845	-	-
352	寄る	V	13597	23	3	9074	430	166	466	467	2763	205	P_MOVE	-
353	浮かぶ	V	13485	0	3	372	2248	529	2409	121	7090	713	P_EXIST	-
354	満たす	V	13402	6898	1341	101	378	1171	354	1143	1104	912	P_STATE	-
355	崩れる	V	13390	2431	182	1586	538	1082	891	258	6346	76	P_CHANGE	-
356	貸す	V	13387	4	0	4354	501	771	1156	5733	761	107	P_GIVE	-
357	自然	S	13308	2357	219	3837	710	4025	185	97	1480	398	-	-
358	混ぜる	V	13073	1981	416	2691	1086	3146	309	1077	2097	270	-	-
359	誘う	V	12903	1	0	8472	552	606	835	595	1629	213	P_COMMUNICATE	-
360	取れる	V	12901	612	266	5808	619	1738	164	741	2792	161	-	-
361	囲む	V	12806	4040	1879	280	1338	1482	1390	173	981	1243	-	-
362	温まる	V	12805	101	0	1144	821	474	250	46	9950	19	-	-
363	備える	V	12744	1516	619	734	1498	4722	310	300	1111	1934	P_POSSESS	-
364	組み合わせる	V	12718	6128	1194	241	232	3395	21	77	19	1411	-	-
365	混む	V	12698	1	0	10083	161	1220	26	770	434	3	-	-
366	驚く	V	12676	7	2	1554	920	363	1824	170	7675	161	P_EMOTION	-
367	持ち上げる	V	12666	1	4	631	298	354	916	299	10074	89	P_POSSESS	-
368	片づける	V	12665	6	4	3109	844	1450	1563	1994	3692	3	-	-
369	付く	V	12663	1369	1101	3144	557	1859	192	921	2440	1080	-	-
370	曲がる	V	12645	0	0	5893	720	818	1386	178	3473	177	-	-
371	許す	V	12583	9140	659	421	127	225	24	1432	21	534	P_COGNITION	-
372	失う	V	12578	6154	489	86	869	1869	296	189	920	1706	P_POSSESS	-
373	隠す	V	12565	3820	1481	982	757	807	1316	632	2374	396	P_POSSESS	-
374	書き込む	V	12525	7207	4096	151	178	195	135	105	342	116	-	-
375	扱える	V	12478	7620	4199	56	26	321	3	163	24	66	-	-
376	飾る	V	12425	0	3	1992	1456	2842	1863	2552	807	910	-	-
377	溶ける	V	12388	0	0	385	708	2638	571	125	7526	435	P_CHANGE	-
378	もらう	V	12332	3	32	3466	518	1241	786	4588	1515	183	P_GIVE	-
379	支える	V	12286	317	7	394	1771	4512	1012	421	3030	822	-	-
380	楽しい	A	12236	4	14	5964	1181	2989	642	104	1059	279	-	-
381	曇る	V	12133	0	0	1296	759	267	774	457	8566	14	-	yes
382	関わる	V	12130	2549	118	423	242	6495	22	110	3	2168	P_STATE	-
383	確実	S	11978	2817	420	6236	117	1480	41	407	58	402	-	-
384	固い	A	11860	3	0	1201	356	611	432	187	8633	437	-	-
385	凍る	V	11848	1	30	414	1087	1105	430	919	7810	52	P_CHANGE	-
386	混ざる	V	11787	4982	1106	876	280	949	118	17	3392	67	-	-
387	厚い	A	11782	2	0	1028	461	1331	206	913	7314	527	-	-
388	黄色い	A	11777	0	2	1532	1114	510	1299	771	6257	292	-	-
389	澄む	V	11762	0	0	117	1542	73	1018	35	8927	50	-	-
390	楽しむ	V	11719	0	3	3841	1921	2730	1005	1033	685	501	P_EMOTION	-
391	抜く	V	11682	6	51	2177	579	1794	949	1542	4070	514	-	-
392	弱い	A	11658	832	127	2442	1116	1785	445	811	3508	592	-	-
393	伸ばす	V	11644	77	58	689	1255	1401	1583	292	5965	324	-	-
394	塗る	V	11634	0	4	1338	714	1977	364	2738	4262	237	-	-
395	行ける	V	11619	1	33	9078	121	1086	174	885	181	60	-	-
396	記す	V	11506	1523	57	54	575	1277	1648	1403	591	4378	P_COMMUNICATE	-
397	組み立てる	V	11484	5875	2618	263	161	815	95	1374	177	106	P_CREATE	-
398	なさる	V	11459	7	2	9174	47	1718	61	3	245	202	-	-
399	過ごす	V	11448	17	2	3227	1382	3083	705	966	1233	833	-	-
400	作れる	V	11430	3642	3210	2066	156	782	89	1302	129	54	-	-
401	たどる	V	11404	3134	3867	127	547	964	2210	70	353	132	-	-
402	焦る	V	11384	6	0	9850	127	278	292	0	824	7	-	yes
403	育てる	V	11283	3	0	1150	625	2584	1009	5280	113	519	P_CREATE	-
404	乾かす	V	11213	0	0	3046	661	2270	576	881	3771	8	-	-
405	伴う	V	11186	2040	124	116	197	2501	33	190	9	5976	P_STATE	-
406	かすか	S	11185	0	0	3	344	3	1231	5	9503	96	-	-
407	やめる	V	11113	459	49	4760	308	1864	1153	962	1291	267	-	-
408	書き換える	V	11089	7995	2788	15	17	82	24	42	21	105	-	-
409	切り替える	V	11061	6669	487	1630	261	1412	101	54	259	188	-	-
410	慣れる	V	11041	74	10	4537	733	2555	899	91	2092	50	P_COGNITION	-
411	働く	V	11027	373	239	1674	1176	3382	1382	811	432	1558	P_ACT	-
412	並べ替える	V	10964	4106	6583	34	5	34	16	91	68	27	-	-
413	咲く	V	10926	3	211	770	3236	1697	1740	1146	1607	516	-	-
414	干す	V	10925	0	9	1611	1599	1041	465	545	5607	48	-	-
415	巻く	V	10903	6	0	2137	1267	860	681	827	4802	323	-	-
416	遠い	A	10834	128	127	1881	1181	502	2710	637	3190	478	-	-
417	出かける	V	10748	0	1	5170	1185	935	655	1185	1552	65	-	-
418	香ばしい	A	10677	0	2	334	344	327	246	67	9346	11	-	-
419	防げる	V	10673	8192	291	235	143	1149	80	116	453	14	-	-
420	受け付ける	V	10637	5717	1954	1450	47	621	8	732	13	95	-	-
421	答える	V	10607	78	62	1300	344	5188	991	1089	1359	196	P_COMMUNICATE	-
422	過ぎる	V	10563	461	602	2694	1233	882	705	1272	2222	492	P_STATE	-
423	鳴らす	V	10549	7	2	347	1725	1023	2487	339	4518	101	-	-
424	沈む	V	10548	0	0	382	927	670	933	125	7323	188	P_EXIST	-
425	流す	V	10545	630	280	955	1046	1390	862	473	4544	365	-	-
426	植える	V	10530	0	4	182	689	1572	1306	5185	1381	211	P_CREATE	-
427	たまる	V	10500	13	23	1097	1090	1749	278	125	5922	203	-	-
428	痛い	A	10480	0	0	5332	186	1185	46	103	3554	74	-	-
429	詰める	V	10463	670	701	2606	487	653	626	1752	2759	209	-	-
430	大事	S	10401	97	5	7381	487	953	682	49	667	80	-	-
431	寄せる	V	10390	605	51	1290	1134	283	1315	194	5243	275	-	-
432	経る	V	10379	145	21	6	88	995	13	53	18	9040	-	-
433	うれしい	A	10366	7	14	6663	1020	1148	277	58	1047	132	-	-
434	涼しい	A	10337	7	5	1271	1079	807	230	149	6759	30	-	-
435	抱える	V	10302	187	0	551	780	256	2800	32	5013	683	P_POSSESS	-
436	こする	V	10235	0	0	744	545	1673	349	34	6862	28	-	yes
437	忙しい	A	10223	43	1	6553	760	934	549	168	1173	42	-	-
438	歌う	V	10186	0	5	790	1384	1549	1794	1879	995	1790	-	-
439	主要	S	10163	619	34	113	16	1216	1	3	0	8161	-	-
440	もつ	V	10094	40	14	986	215	1671	69	128	159	6812	-	-
441	捨てる	V	10077	2442	621	1368	218	1191	638	1134	2244	221	-	-
442	ほどける	V	10076	1	0	425	809	150	2546	117	6023	5	-	-
443	学ぶ	V	10074	262	40	306	364	3857	2685	314	21	2225	P_COGNITION	-
444	書ける	V	10042	4370	2818	1855	90	276	113	238	229	53	-	-
445	淡い	A	9973	0	0	367	839	175	766	24	7527	275	-	-
446	飛ばす	V	9967	1920	1083	1179	734	616	1055	489	2788	103	-	-
447	冷やす	V	9951	0	2	835	1506	1875	148	357	5154	74	-	-
448	取り込む	V	9937	3807	177	1165	397	929	117	864	2200	281	-	-
449	独自	S	9929	6546	599	38	10	526	0	2	0	2208	-	-
450	引っ越す	V	9830	0	0	4920	83	366	1259	2987	102	113	-	-
451	適する	V	9767	6181	1190	45	156	1596	8	72	1	518	-	-
452	見上げる	V	9748	0	11	92	1650	66	3157	96	4611	65	P_PERCEIVE	-
453	生まれる	V	9738	228	9	165	713	2155	458	216	546	5248	-	-
454	張る	V	9734	26	7	755	1220	969	952	740	4694	371	-	-
455	詰まる	V	9683	324	2299	2602	398	889	348	84	2664	75	-	-
456	触る	V	9598	374	21	2842	140	1221	132	133	4693	42	P_PERCEIVE	-
457	漂う	V	9588	0	0	11	411	126	466	7	8508	59	P_EXIST	-
458	目立つ	V	9576	204	6	1995	1157	1690	323	159	3587	455	-	-
459	配る	V	9553	357	23	1183	447	679	797	5014	986	67	P_GIVE	-
460	至る	V	9403	114	6	22	20	255	6	31	13	8936	P_STATE	-
461	いただく	V	9393	0	0	7960	148	1012	69	31	60	113	-	yes
462	隠れる	V	9363	850	30	955	727	758	1603	346	3840	254	P_EXIST	-
463	ずれる	V	9354	2667	525	1824	563	1077	314	66	2217	101	-	-
464	越える	V	9347	1296	337	868	1099	1353	1137	881	1487	889	-	-
465	正式	S	9323	354	53	401	12	695	21	36	6	7745	-	-
466	眠る	V	9295	8	5	264	1368	930	2168	876	3408	268	P_EXIST	-
467	通ずる	V	9274	2221	142	166	237	3346	40	85	37	3000	-	-
468	若い	A	9272	6	21	459	879	502	1890	1270	2217	2028	-	-
469	透明	S	9255	356	33	1021	420	737	775	195	5019	699	-	-
470	向ける	V	9254	328	86	886	925	2294	1098	188	1951	1498	-	-
471	下がる	V	9232	427	27	1618	1316	1289	358	1738	2331	128	-	-
472	同一	S	9186	4073	1320	13	35	254	0	1468	0	2023	-	-
473	積む	V	9176	426	1412	1146	790	387	927	919	2780	389	-	-
474	慌てる	V	9065	5	4	4537	264	289	528	18	3410	10	P_EMOTION	-
475	替える	V	9061	44	39	2581	460	1131	339	535	3887	45	-	-
476	閉まる	V	9043	2	0	3808	231	316	620	1585	2474	7	-	-
477	感じる	V	9012	135	3	1350	3450	2381	49	160	1239	245	P_PERCEIVE	-
478	みる	V	8964	2	58	42	144	148	65	9	30	8466	-	-
479	混じる	V	8872	285	242	178	178	260	434	32	7192	71	-	-
480	起こす	V	8871	908	69	1277	527	1410	638	465	1645	1932	P_CREATE	-
481	いける	V	8820	1160	69	5035	59	872	60	282	75	1208	-	-
482	かしこまる	V	8799	0	0	8723	27	43	2	0	2	2	-	-
483	投げる	V	8783	2618	664	454	889	881	571	1194	1284	228	-	-
484	最適	S	8779	7886	32	4	2	64	0	6	0	785	-	-
485	注ぐ	V	8751	0	0	233	870	1239	999	408	4027	975	-	-
486	言える	V	8615	594	7	3302	205	1062	353	2375	98	619	-	-
487	預かる	V	8568	1	0	6475	77	340	516	927	88	144	-	yes
488	なくす	V	8557	665	254	1924	694	1268	1646	1406	539	161	-	-
489	挟む	V	8540	615	283	1246	361	918	828	142	2595	1552	-	-
490	転がる	V	8512	0	2	196	653	109	2187	36	5301	28	-	yes
491	濡らす	V	8508	0	0	1439	439	223	406	294	5700	7	-	-
492	曖昧	S	8477	5246	533	1385	207	501	60	17	234	294	-	-
493	載せる	V	8464	1852	198	898	420	687	611	1024	2410	364	-	-
494	成り立つ	V	8448	187	37	5	23	182	5	7670	1	338	-	-
495	揃える	V	8438	7044	423	117	37	66	40	3	596	112	-	-
496	あげる	V	8436	0	2	2303	318	1048	269	3288	330	878	P_GIVE	-
497	止む	V	8410	0	1	2191	254	48	1097	751	4049	19	-	-
498	鳴く	V	8397	63	17	827	1101	324	1290	294	4407	74	-	-
499	積もる	V	8380	0	5	471	1356	620	666	1015	4231	16	-	-
500	なくなる	V	8375	1407	481	2023	569	792	400	354	1996	353	-	-
501	下げる	V	8355	1117	38	1236	540	1791	635	317	2443	238	-	-
502	割れる	V	8332	90	375	857	427	1356	873	635	3631	88	-	-
503	下ろす	V	8323	2	2	467	400	151	1184	405	5590	122	-	-
504	いかが	S	8211	1	0	7960	14	171	12	0	10	43	-	-
505	覆う	V	8205	84	2	260	1532	1817	494	1035	2032	949	-	-
506	ぬるい	A	8204	0	0	122	155	59	74	11	7779	4	-	-
507	まく	V	8167	0	11	220	908	980	876	3559	1436	177	-	-
508	認める	V	8110	502	88	311	274	2583	240	1482	25	2605	P_COGNITION	-
509	預ける	V	8037	8	3	2180	395	1373	591	2405	994	88	P_GIVE	-
510	刻む	V	8006	213	444	302	1262	590	1254	950	2518	473	-	-
511	表せる	V	7873	5238	1879	7	43	558	7	92	5	44	-	-
512	煮る	V	7849	0	68	1235	1183	1727	267	1890	1310	169	P_CREATE	-
513	折る	V	7846	2	0	517	316	476	546	3761	2176	52	-	-
514	めでたい	A	7816	0	0	6557	116	601	250	50	186	56	-	-
515	履く	V	7772	0	0	2483	735	422	587	509	2921	115	P_CONSUME	-
516	遊ぶ	V	7747	2	9	1968	1647	1150	843	883	890	355	P_ACT	-
517	任せる	V	7726	3018	681	2004	256	420	324	756	198	69	P_GIVE	-
518	助ける	V	7643	898	44	858	925	2534	1025	730	211	418	-	-
519	訪れる	V	7623	111	307	54	597	1595	849	2770	226	1114	-	yes
520	暖かい	A	7551	3	17	1504	991	852	120	325	3635	104	-	-
521	冷める	V	7526	0	0	953	517	514	816	214	4492	20	-	yes
522	非常	S	7496	1091	172	156	605	1488	455	222	362	2945	-	-
523	削る	V	7474	469	760	355	650	1235	222	733	2875	175	-	-
524	磨く	V	7422	1	0	108	1059	697	922	809	3748	78	-	-
525	控える	V	7401	95	85	2475	390	2565	345	663	580	203	-	-
526	壊れる	V	7350	3146	680	1277	179	680	405	597	278	108	-	-
527	焦げる	V	7345	0	0	1396	283	523	471	206	4461	5	-	-
528	おいしい	A	7344	0	14	3900	432	745	256	102	1588	307	-	-
529	揺らす	V	7321	13	0	76	1022	211	1084	130	4765	20	-	-
530	泳ぐ	V	7299	1	37	574	1164	1048	599	2164	1603	109	-	yes
531	書き直す	V	7296	166	5514	434	51	57	201	188	655	30	-	-
532	使い分ける	V	7263	2104	2252	67	46	2671	4	24	18	77	P_CONSUME	-
533	うまい	A	7239	22	56	3469	559	1406	242	62	877	546	-	-
534	住む	V	7213	3	4	1619	95	1006	1158	441	255	2632	P_EXIST	-
535	収まる	V	7208	2317	974	573	195	370	361	101	2215	102	-	-
536	える	V	7197	2924	819	132	192	320	9	1021	3	1777	-	-
537	そろう	V	7186	847	233	2138	675	756	621	348	1527	41	-	-
538	脱ぐ	V	7164	0	0	774	417	226	354	358	4991	44	P_CONSUME	-
539	単独	S	7137	1618	644	26	24	526	11	113	14	4161	-	-
540	わたる	V	7123	77	141	2	383	583	566	102	41	5228	-	-
541	祝う	V	7108	0	0	940	560	1703	568	2834	119	384	-	-
542	譲る	V	7071	143	1	296	436	352	1482	3495	644	222	P_GIVE	-
543	危ない	A	7049	3	18	5389	105	630	154	16	705	29	-	-
544	渡せる	V	7037	5059	900	546	30	61	148	249	39	5	-	-
545	区切る	V	7032	2001	2986	488	167	1026	19	2	195	148	-	-
546	やさしい	A	7031	0	128	485	903	1223	1057	69	2846	320	-	-
547	選べる	V	7022	2363	583	1989	144	1036	124	650	101	32	-	-
548	弱まる	V	7007	47	1	1621	564	616	599	765	2757	37	-	-
549	見分ける	V	6994	1532	453	351	312	3216	155	419	501	55	P_PERCEIVE	-
550	謝る	V	6957	0	0	4844	296	430	619	301	462	5	P_COMMUNICATE	-
551	分かれる	V	6949	1200	534	674	275	2091	303	139	285	1448	-	-
552	狭い	A	6931	986	25	1449	311	862	237	1061	1417	583	-	yes
553	会える	V	6921	0	0	5545	244	255	448	192	192	45	-	-
554	震える	V	6915	0	0	471	237	140	1159	10	4876	22	-	-
555	傾く	V	6902	1	2	463	287	270	1025	56	4710	88	-	-
556	こもる	V	6890	0	0	531	582	514	53	29	4862	319	-	-
557	持ち帰る	V	6833	1	0	1760	426	651	1527	1018	1341	109	P_POSSESS	-
558	単一	S	6823	4520	981	3	1	346	0	7	0	965	-	-
559	担う	V	6822	762	38	21	146	3551	33	90	4	2177	P_POSSESS	-
560	通う	V	6818	678	46	1792	261	487	508	574	1473	999	-	-
561	つれる	V	6809	26	0	7	554	256	228	11	5303	424	-	-
562	吐く	V	6800	1	1	1215	699	941	284	70	3538	51	-	-
563	安い	A	6798	98	80	2721	219	601	50	2494	297	238	-	-
564	跳ねる	V	6788	10	0	250	741	59	1011	96	4605	16	-	-
565	買える	V	6778	0	2	3837	253	661	93	1785	114	33	-	-
566	逃げる	V	6736	75	5	905	768	1751	743	134	2060	295	-	-
567	倒れる	V	6730	11	0	790	332	1234	1005	595	2632	131	-	-
568	連れる	V	6724	0	0	2951	224	535	1102	935	742	235	-	-
569	聴く	V	6700	0	0	1710	1074	2231	261	1009	76	339	-	-
570	確か	S	6692	36	2	3322	79	359	535	1511	734	114	-	-
571	見落とす	V	6639	2104	96	1893	185	300	214	346	1491	10	-	yes
572	まとまる	V	6587	498	765	2232	538	1362	95	20	944	133	-	-
573	詳しい	A	6587	1176	59	3133	141	965	87	587	38	401	-	-
574	怖い	A	6537	2	8	2948	105	1519	603	92	1123	137	-	-
575	かぶる	V	6532	1	0	880	1343	238	997	472	2454	147	-	-
576	有名	S	6496	4	2	85	26	502	26	53	1	5797	-	yes
577	ゆでる	V	6464	1	18	472	1454	2305	92	1719	325	78	-	-
578	ぬれる	V	6451	0	1	269	1681	459	558	1383	2046	54	-	-
579	勧める	V	6438	88	1	649	136	735	459	3469	701	200	P_COMMUNICATE	-
580	鮮やか	S	6394	0	0	46	466	142	104	108	5307	221	-	-
581	かく	V	6326	0	169	771	712	707	74	39	2440	1414	-	-
582	振り返る	V	6280	124	0	156	494	835	1926	27	2601	117	-	-
583	漏れる	V	6280	1932	88	768	223	479	333	36	2361	60	-	-
584	有する	V	6250	0	0	0	0	7	0	0	0	6243	-	yes
585	眠い	A	6232	0	3	2917	354	503	454	67	1916	18	-	-
586	敷く	V	6231	0	0	970	396	518	243	625	3282	197	-	-
587	なす	V	6208	3	3209	14	65	149	16	22	9	2721	-	-
588	厳密	S	6157	3611	1036	70	91	557	0	101	0	691	-	-
589	にじむ	V	6123	0	0	352	398	126	423	22	4785	17	-	-
590	出せる	V	6076	568	400	3317	208	552	240	418	301	72	-	-
591	わずか	S	6044	248	146	16	819	355	1077	209	2619	555	-	-
592	傷む	V	6040	0	0	922	975	2161	258	514	1197	13	-	-
593	固まる	V	6018	107	32	1222	296	1136	94	73	3009	49	-	yes
594	つかむ	V	6005	259	19	294	790	1192	550	195	2227	479	P_POSSESS	-
595	告げる	V	5962	0	1	10	563	181	2412	1076	1545	174	P_COMMUNICATE	-
596	果たす	V	5958	37	8	16	103	489	123	15	21	5146	-	-
597	喜ぶ	V	5937	0	0	3599	435	362	534	480	452	75	P_EMOTION	-
598	引っかかる	V	5917	9	1	1042	162	184	999	7	3501	12	-	-
599	噛む	V	5886	0	0	274	336	393	56	19	4753	55	P_CONSUME	-
600	同様	S	5884	903	212	6	1	151	1	25	0	4585	-	-
601	やわらかい	A	5872	0	1	595	918	1159	194	135	2815	55	-	-
602	張りつく	V	5861	0	0	80	64	26	101	7	5583	0	-	-
603	断る	V	5813	20	16	3207	112	907	83	1124	195	149	P_COMMUNICATE	-
604	読み取れる	V	5808	3160	1764	297	31	161	24	265	84	22	-	-
605	シンボリック	S	5799	2704	3064	0	0	10	0	0	0	21	-	-
606	映す	V	5781	3	0	186	1057	215	877	50	3334	59	-	-
607	伺う	V	5778	0	1	5547	1	209	0	0	1	19	-	-
608	こぼれる	V	5776	0	0	517	600	200	952	27	3455	25	-	-
609	受け取れる	V	5753	2128	505	1521	116	335	38	1058	37	15	-	-
610	たたむ	V	5752	1	6	1490	530	267	980	501	1962	15	-	-
611	離す	V	5742	13	0	1200	266	981	554	69	2528	131	-	-
612	しみる	V	5736	0	2	552	284	226	79	27	4061	505	-	-
613	様々	S	5733	5	0	1	2	1	0	0	0	5724	-	-
614	転ぶ	V	5729	0	0	1378	483	411	521	455	2469	12	-	yes
615	外れる	V	5715	781	134	968	410	680	861	243	1428	210	-	-
616	ありがたい	A	5690	0	0	4119	170	57	43	15	1277	9	-	-
617	浮く	V	5677	3	0	861	415	805	404	55	3041	93	P_EXIST	-
618	無事	S	5675	0	0	2591	123	119	1798	51	918	75	-	-
619	折れる	V	5649	0	0	963	266	304	534	334	3178	70	-	-
620	育つ	V	5633	6	0	287	1075	2180	667	457	281	680	-	-
621	きる	V	5602	38	23	567	284	1349	275	97	1561	1408	-	-
622	頼る	V	5571	3020	328	661	158	846	218	91	100	149	-	-
623	上る	V	5563	8	5	786	731	164	835	531	2181	322	-	-
624	追いかける	V	5535	45	63	699	633	255	1664	367	1727	82	-	-
625	すすめる	V	5529	265	13	3396	93	979	176	367	90	150	-	-
626	達する	V	5502	2648	560	52	75	500	3	269	14	1381	P_STATE	-
627	受け入れる	V	5499	2527	876	171	107	777	84	380	39	538	-	-
628	欲しい	A	5499	146	1458	2344	257	224	207	351	429	83	-	-
629	挙げる	V	5480	37	9	162	54	697	100	518	113	3790	-	-
630	やむ	V	5446	6	2	657	205	247	445	1617	1063	1204	-	-
631	弾く	V	5428	130	123	942	420	914	269	1105	1298	227	-	-
632	目指す	V	5414	236	6	422	248	1494	211	48	42	2707	-	-
633	留める	V	5411	320	7	860	665	382	558	653	1865	101	-	-
634	食い違う	V	5407	1437	18	49	61	156	7	3660	8	11	-	-
635	のぞく	V	5399	0	0	326	616	57	1737	61	2507	95	-	-
636	立ち止まる	V	5399	1	0	418	162	244	2299	95	2177	3	-	-
637	鈍い	A	5341	6	0	62	98	87	19	4	5024	41	-	-
638	差し出す	V	5331	0	0	16	227	164	2739	348	1804	33	-	yes
639	浅い	A	5288	1277	158	358	256	834	151	137	1551	566	-	-
640	穏やか	S	5278	25	11	437	824	855	482	113	2400	131	-	-
641	すごい	A	5270	0	11	4296	92	488	12	0	27	344	-	-
642	加わる	V	5242	649	117	105	739	997	655	374	696	910	-	-
643	売る	V	5228	0	4	804	423	939	558	2001	91	408	P_GIVE	-
644	つらい	A	5207	0	8	3180	330	848	32	3	365	441	-	-
645	静的	S	5186	4872	127	0	0	33	0	0	0	154	-	-
646	差し込む	V	5174	76	20	590	401	202	367	117	3356	45	-	-
647	くれる	V	5158	4	2	969	249	63	363	1526	989	993	-	-
648	つくる	V	5154	1	1	129	629	2438	404	7	348	1197	-	-
649	強まる	V	5147	11	0	333	309	554	612	411	2869	48	-	-
650	近づける	V	5131	225	48	600	395	941	419	52	2383	68	-	-
651	またぐ	V	5108	1665	2139	85	77	267	148	29	530	168	-	-
652	見送る	V	5105	17	4	824	394	155	2307	609	698	97	P_PERCEIVE	-
653	和らぐ	V	5094	0	0	157	451	259	65	68	4089	5	-	-
654	欠ける	V	5093	2275	381	165	129	254	416	43	1289	141	-	-
655	割り当てる	V	5063	3458	459	13	23	329	23	102	0	656	-	-
656	編む	V	5055	0	6	895	367	328	699	1576	1057	127	P_CREATE	-
657	支払う	V	5054	52	33	1312	310	1801	1	1076	26	443	-	yes
658	こぼす	V	5044	0	0	721	364	334	276	112	3223	14	-	-
659	特殊	S	5033	1675	345	11	0	47	0	0	0	2955	-	-
660	茶色い	A	5022	0	0	325	210	297	43	23	4101	23	-	-
661	叩く	V	5011	0	7	130	232	262	957	43	3218	162	-	-
662	嫌	S	5011	0	0	2468	64	1189	56	271	834	129	-	-
663	焼ける	V	5008	0	10	931	383	242	366	245	2789	42	-	-
664	補う	V	5007	1804	350	132	523	1792	44	46	156	160	-	-
665	乗せる	V	4986	7	22	1345	398	569	446	647	1104	448	-	-
666	柔らか	S	4961	0	0	22	302	154	140	35	4262	46	-	-
667	埋める	V	4959	824	1463	261	195	318	647	204	841	206	-	-
668	見守る	V	4943	1	2	630	446	846	1827	393	729	69	-	-
669	散る	V	4895	24	9	235	1027	230	349	32	2918	71	-	-
670	見当たる	V	4865	1018	6	2440	53	179	796	55	279	39	-	-
671	ぶつかる	V	4862	128	8	506	351	568	289	120	2814	78	-	-
672	黙る	V	4859	1558	24	492	433	145	1277	44	859	27	-	-
673	痛む	V	4845	0	0	1012	101	480	59	65	3107	21	-	-
674	楽しめる	V	4839	0	0	2426	512	1337	88	90	199	187	P_EMOTION	-
675	負ける	V	4833	60	17	1186	503	319	227	649	1700	172	-	-
676	辛い	A	4823	0	5	1782	410	436	131	880	1056	123	-	-
677	かじる	V	4809	0	0	235	275	279	454	72	3414	80	-	yes
678	懐かしい	A	4791	0	0	2078	325	116	487	7	1717	61	-	-
679	問い合わせる	V	4780	779	325	1599	15	1921	7	119	4	11	-	-
680	いらっしゃる	V	4775	0	0	4554	8	112	27	0	40	34	-	-
681	見つめる	V	4773	0	0	80	504	38	2238	63	1729	121	-	-
682	保てる	V	4759	2908	533	142	152	586	29	75	323	11	-	-
683	話せる	V	4758	2	0	3351	225	670	105	252	92	61	-	-
684	埋め込む	V	4742	4082	425	1	1	35	6	5	5	182	-	-
685	動的	S	4739	3974	395	0	2	76	0	0	0	292	-	-
686	きつい	A	4733	0	2	2644	204	523	16	14	1005	325	-	-
687	勝つ	V	4728	43	4	544	282	778	113	2022	265	677	-	-
688	おる	V	4724	1	4	2209	155	42	385	14	111	1803	P_EXIST	-
689	むく	V	4721	0	11	198	961	509	304	806	1771	161	-	-
690	立ち上がる	V	4718	8	0	366	193	204	675	67	3131	74	-	-
691	さまざま	S	4700	154	18	34	371	1882	9	36	21	2175	-	-
692	控えめ	S	4673	42	4	1784	386	925	92	86	1313	41	-	-
693	取り消す	V	4662	3347	108	258	17	237	25	538	37	95	-	-
694	整う	V	4659	375	32	523	586	621	182	59	2189	92	-	-
695	グローバル	S	4638	2791	430	0	0	21	0	0	0	1396	-	-
696	舞う	V	4629	0	1	116	1061	79	553	40	2675	104	-	-
697	等しい	A	4614	1993	1474	23	29	360	5	211	4	515	-	-
698	余る	V	4610	106	92	1245	184	374	517	1144	923	25	P_EXIST	-
699	沸かす	V	4604	0	6	494	1053	351	526	559	1593	22	P_CREATE	-
700	聞ける	V	4591	1	0	3395	130	565	120	231	127	22	-	-
701	途切れる	V	4589	125	25	178	339	277	1048	55	2476	66	-	-
702	まぶしい	A	4583	0	1	259	514	113	295	31	3339	31	-	-
703	休める	V	4579	0	0	1970	571	679	490	103	760	6	-	-
704	炒める	V	4575	0	6	1822	293	872	21	886	558	117	P_CREATE	-
705	たしか	S	4565	0	41	4241	42	112	107	1	7	14	-	-
706	招く	V	4557	1485	28	114	243	925	385	832	40	505	-	-
707	収める	V	4551	849	834	68	183	331	211	202	299	1574	-	-
708	効く	V	4517	542	44	1068	209	658	55	19	1818	104	-	-
709	ほどく	V	4496	12	15	553	611	104	959	173	2057	12	-	-
710	滑らか	S	4485	42	2	102	501	446	33	176	2962	221	-	-
711	さす	V	4452	0	754	1483	456	87	146	42	167	1317	-	-
712	言い換える	V	4420	189	0	59	199	354	2	3406	18	193	-	-
713	通り過ぎる	V	4413	4	1	812	233	85	769	222	2268	19	-	-
714	酸っぱい	A	4401	0	0	212	143	202	186	85	3562	11	-	-
715	切り分ける	V	4393	2481	66	85	225	270	361	285	586	34	-	-
716	通れる	V	4356	26	4	1553	162	761	217	1422	201	10	-	-
717	片付ける	V	4354	847	284	552	143	442	87	1577	415	7	-	-
718	太い	A	4346	0	16	295	191	631	103	305	2293	512	-	-
719	暮らす	V	4341	1	4	379	217	1483	482	908	107	760	P_EXIST	-
720	薄れる	V	4289	51	0	24	162	50	329	5	3638	30	-	-
721	促す	V	4277	665	49	63	334	1112	197	957	531	369	-	-
722	めくる	V	4252	0	0	163	573	84	778	46	2577	31	-	-
723	引き継ぐ	V	4250	1632	171	469	60	391	56	186	11	1274	P_POSSESS	-
724	載る	V	4239	169	20	1714	131	508	363	907	276	151	-	-
725	膨らむ	V	4238	615	5	496	289	404	222	59	2024	124	-	yes
726	空ける	V	4232	185	24	1216	247	544	740	199	1037	40	-	-
727	きしむ	V	4222	0	0	34	257	6	368	3	3239	315	-	-
728	解く	V	4213	321	9	1457	319	872	192	469	216	358	-	-
729	冷ます	V	4206	0	0	630	376	653	177	265	2097	8	-	-
730	垂れる	V	4194	0	0	438	222	62	212	23	3217	20	-	-
731	生ずる	V	4175	1122	53	15	124	1653	8	77	0	1123	-	-
732	ちなむ	V	4168	0	1	36	25	380	1	1	0	3724	-	-
733	傾ける	V	4165	0	0	280	321	199	911	55	2336	63	-	-
734	直せる	V	4164	673	1522	1006	85	328	143	268	137	2	-	-
735	ふくらむ	V	4141	0	0	185	865	362	942	47	1720	20	-	-
736	のせる	V	4129	0	0	929	400	378	357	196	1381	488	-	-
737	取り違える	V	4127	2102	116	421	336	229	219	110	577	17	-	-
738	反する	V	4122	1037	12	6	22	249	0	2469	22	305	-	-
739	歩ける	V	4115	0	0	2231	162	188	183	661	670	20	-	-
740	称す	V	4110	0	0	0	0	0	0	0	0	4110	-	-
741	染める	V	4104	0	0	131	415	385	333	152	2567	121	-	-
742	新規	S	4080	2167	1115	63	13	87	0	58	0	577	-	-
743	接する	V	4071	3	76	34	75	1191	3	15	4	2670	-	-
744	下りる	V	4057	3	1	1205	236	58	724	213	1547	70	-	-
745	きく	V	4040	0	410	120	78	77	79	9	450	2817	-	-
746	なぞる	V	4035	4	0	17	156	76	621	105	3016	40	-	-
747	生じる	V	4010	756	94	15	482	1314	3	43	1	1302	-	-
748	待ち合わせる	V	3992	86	11	2767	301	114	332	114	255	12	-	-
749	覚める	V	3991	0	0	857	312	76	63	12	2646	25	-	-
750	要る	V	3989	767	65	1669	176	111	348	71	777	5	-	-
751	ほしい	A	3977	28	2464	851	199	113	46	22	46	208	-	-
752	細長い	A	3973	2	0	105	408	1094	124	240	1368	632	-	-
753	まつ	V	3970	0	523	17	98	8	10	6	8	3300	-	-
754	巨大	S	3960	2074	90	9	46	134	129	2	6	1470	-	-
755	破れる	V	3948	21	0	806	156	373	572	327	1641	52	-	-
756	ぶつける	V	3934	0	1	283	55	262	21	32	3238	42	-	-
757	結びつける	V	3921	228	14	130	1351	1652	148	81	88	229	-	-
758	畳む	V	3906	5	5	635	182	43	454	144	2425	13	-	-
759	縫う	V	3898	0	0	258	610	191	446	1682	676	35	P_CREATE	-
760	弾む	V	3882	0	0	230	893	214	624	10	1900	11	-	-
761	心地よい	A	3880	0	0	47	183	173	50	6	3393	28	-	-
762	うなずく	V	3866	0	0	41	215	27	993	36	2544	10	-	-
763	弱める	V	3850	117	1	672	336	629	310	272	1470	43	-	-
764	汚れる	V	3845	56	0	887	376	679	65	87	1660	35	-	-
765	新た	S	3838	492	40	27	81	647	6	82	4	2459	-	-
766	多め	S	3837	56	9	2437	59	335	87	87	752	15	-	-
767	面する	V	3836	0	0	145	5	1244	57	49	16	2320	-	-
768	結び直す	V	3835	34	4	217	427	82	1134	193	1744	0	-	-
769	ワイルド	S	3831	1764	456	4	37	785	1	15	0	769	-	-
770	割り込む	V	3821	3441	57	36	34	98	47	25	33	50	-	-
771	増す	V	3816	134	1	203	731	337	112	124	1994	180	-	-
772	詰め込む	V	3815	856	716	974	216	696	15	10	298	34	-	-
773	崩す	V	3806	279	39	645	356	580	173	175	1449	110	-	-
774	称する	V	3803	0	0	0	3	55	0	0	0	3745	-	-
775	写る	V	3797	8	1	609	254	342	683	544	1209	147	-	-
776	鋭い	A	3792	0	0	66	507	320	55	99	2508	237	-	-
777	返せる	V	3789	1677	548	520	70	428	83	438	23	2	-	-
778	入り込む	V	3787	127	1	78	155	512	165	10	2638	101	-	-
779	仕上げる	V	3783	23	1	1122	239	1144	256	477	420	101	-	-
780	ずらす	V	3780	325	471	1126	158	287	95	68	1194	56	-	-
781	入れ替える	V	3779	669	566	374	188	549	57	709	576	91	-	-
782	締める	V	3772	7	29	616	677	361	125	267	1650	40	-	-
783	吸い込む	V	3770	1	0	175	221	628	222	3	2479	41	P_CONSUME	-
784	受け止める	V	3767	55	23	243	686	1173	337	106	1103	41	-	-
785	横切る	V	3766	3	0	139	496	204	914	101	1735	174	-	-
786	たたく	V	3759	1	57	80	926	408	667	367	1201	52	-	-
787	折りたたむ	V	3747	12	2	2698	88	127	171	109	464	76	-	-
788	遠のく	V	3687	0	0	93	106	27	331	11	3114	5	-	-
789	たつ	V	3660	25	53	480	323	310	31	10	352	2076	-	-
790	組む	V	3656	164	30	601	179	1081	141	171	211	1078	-	-
791	割り切れる	V	3653	526	2946	7	47	102	0	0	0	25	-	-
792	決めつける	V	3647	1398	66	918	17	679	455	20	91	3	-	-
793	幼い	A	3635	0	0	2	132	219	2404	100	361	417	-	-
794	ほのか	S	3628	0	5	6	84	7	208	10	3230	78	-	-
795	浴びる	V	3608	0	0	92	639	251	118	88	2136	284	-	yes
796	厳しい	A	3578	561	13	1681	206	446	27	70	219	355	-	-
797	染まる	V	3571	0	0	32	477	59	259	71	2585	88	-	yes
798	公的	S	3553	0	2	114	11	2587	1	6	0	832	-	-
799	取り入れる	V	3547	59	0	71	172	2222	24	98	2	899	-	-
800	平ら	S	3528	79	140	472	164	1081	81	121	1232	158	-	-
801	教わる	V	3519	0	0	473	82	129	739	1611	442	43	P_COGNITION	-
802	刺す	V	3512	0	3	293	320	706	42	126	1881	141	-	-
803	取り出せる	V	3509	978	1920	117	81	153	32	96	125	7	-	-
804	亡くなる	V	3503	0	0	118	15	1118	1220	25	105	902	-	-
805	切り捨てる	V	3471	1007	2450	1	0	3	0	0	1	9	-	-
806	なじむ	V	3466	11	0	445	416	838	35	14	1624	83	-	-
807	細める	V	3457	0	0	28	94	10	231	1	3092	1	-	-
808	抱く	V	3456	0	0	83	577	137	997	147	1001	514	-	yes
809	因む	V	3449	0	0	0	0	0	0	0	0	3449	-	-
810	登る	V	3436	0	5	265	488	438	585	1093	359	203	-	-
811	頻繁	S	3421	2172	114	61	45	441	1	74	8	505	-	-
812	つなげる	V	3407	649	425	326	613	1042	73	96	40	143	-	-
813	傷める	V	3389	1	0	310	383	1830	173	153	533	6	-	-
814	摘む	V	3385	0	1	91	942	341	568	367	1054	21	-	yes
815	炊く	V	3363	0	0	1216	386	757	35	658	261	50	P_CREATE	-
816	帯びる	V	3359	0	0	5	318	264	42	14	2316	400	-	-
817	ユニバーサル	S	3358	42	0	15	0	76	0	0	0	3225	-	-
818	占める	V	3357	275	233	2	51	585	32	12	14	2153	P_POSSESS	-
819	きれる	V	3352	200	9	915	216	485	242	206	852	227	-	-
820	フル	S	3352	121	34	30	30	197	0	44	0	2896	-	-
821	越す	V	3347	9	7	2203	543	151	287	37	55	55	-	-
822	ふさぐ	V	3343	17	0	644	364	749	493	282	756	38	-	-
823	簡易	S	3332	1208	1023	112	6	254	1	2	10	716	-	-
824	あく	V	3326	1	5	1896	172	51	19	10	17	1155	-	-
825	縮む	V	3322	61	8	254	194	399	73	3	2317	13	-	-
826	すくう	V	3321	0	2	99	525	151	384	50	1951	159	-	-
827	省く	V	3293	1942	407	228	44	321	72	111	78	90	-	-
828	掃く	V	3292	0	0	67	329	90	489	355	1955	7	-	-
829	くっつく	V	3291	2	2	428	133	589	174	21	1909	33	-	-
830	見かける	V	3290	151	57	1852	115	435	246	272	46	116	P_PERCEIVE	-
831	飼う	V	3287	0	0	1661	36	467	163	739	54	167	-	-
832	つまむ	V	3284	0	0	68	276	228	137	22	2538	15	-	-
833	ざらつく	V	3280	0	0	2	30	15	10	3	3211	9	-	-
834	まとわりつく	V	3277	0	0	28	110	20	21	0	3096	2	-	-
835	追える	V	3256	2358	570	47	39	144	12	18	66	2	-	-
836	語る	V	3234	1	0	28	416	667	475	231	143	1273	P_COMMUNICATE	-
837	壊す	V	3231	1701	382	224	30	279	60	347	122	86	-	-
838	眠れる	V	3231	0	0	1067	233	461	440	155	804	71	-	-
839	かう	V	3230	0	3	1	78	13	1	1	0	3133	-	-
840	頑張る	V	3228	1	0	2547	89	313	45	3	150	80	-	-
841	切り出す	V	3210	1508	1024	91	30	369	7	86	39	56	-	-
842	いえる	V	3205	86	37	0	13	71	0	1848	0	1150	-	-
843	妨げる	V	3205	953	21	108	370	1368	27	159	53	146	-	-
844	結び付ける	V	3204	2078	151	8	299	439	0	111	7	111	-	-
845	多様	S	3194	95	7	1	51	741	2	6	0	2291	-	-
846	置ける	V	3192	1080	63	1429	33	161	28	276	104	18	-	-
847	面白い	A	3189	0	0	1356	195	933	139	48	306	212	-	-
848	長引く	V	3168	254	13	1637	252	529	79	139	233	32	-	-
849	吹き込む	V	3166	0	0	940	232	147	266	53	1455	73	-	-
850	覚ます	V	3163	0	0	126	294	69	823	101	1727	23	-	-
851	次ぐ	V	3158	0	0	5	9	63	1	2	1	3077	-	-
852	幅広い	A	3153	94	27	104	43	1205	1	16	9	1654	-	-
853	踏まえる	V	3151	1795	78	63	30	967	1	8	0	209	-	-
854	絞り込む	V	3149	2064	1006	12	2	40	0	0	1	24	-	-
855	またがる	V	3148	326	48	27	20	685	17	10	63	1952	-	-
856	着ける	V	3148	0	2	1333	338	389	78	627	161	220	-	-
857	見比べる	V	3128	911	67	539	177	523	339	124	445	3	-	-
858	かわいい	A	3118	0	2	2019	114	191	26	20	77	669	-	-
859	みなす	V	3116	1072	585	4	2	203	0	5	0	1245	-	-
860	余計	S	3114	744	182	1008	185	144	33	7	792	19	-	-
861	苦い	A	3114	0	2	185	99	73	41	35	2626	53	-	-
862	流れ込む	V	3104	26	2	40	367	380	132	188	1787	182	-	-
863	明らか	S	3081	992	38	44	126	332	6	247	4	1292	-	-
864	素早い	A	3079	2096	46	11	202	186	24	31	345	138	-	-
865	夢中	S	3077	0	0	815	386	135	489	20	1152	80	-	-
866	拭き取る	V	3075	0	0	119	187	747	69	54	1893	6	-	-
867	燃える	V	3062	0	0	203	900	590	171	18	924	256	-	-
868	意外	S	3058	24	4	1686	363	195	29	4	681	72	-	-
869	褒める	V	3055	0	0	662	500	502	158	989	217	27	P_COMMUNICATE	-
870	引っ張る	V	3054	16	2	1113	108	472	77	61	1139	66	-	-
871	切り詰める	V	3048	1567	1420	6	3	21	2	7	10	12	-	-
872	ひどい	A	3045	1	0	2089	151	215	19	64	437	69	-	-
873	泊まる	V	3024	0	0	1009	106	249	313	1264	59	24	P_EXIST	-
874	つる	V	3020	0	10	331	184	220	472	1	1035	767	-	-
875	名乗る	V	3010	13	0	105	80	265	197	32	19	2299	P_COMMUNICATE	-
876	踊る	V	3006	0	0	268	638	210	745	319	262	564	-	-
877	曲げる	V	2995	0	0	146	231	593	53	756	1129	87	-	-
878	すすぐ	V	2987	0	0	122	110	820	43	29	1855	8	-	-
879	味わう	V	2983	0	0	234	774	334	664	147	776	54	P_CONSUME	-
880	かむ	V	2981	0	4	83	384	704	24	48	529	1205	-	-
881	持ち込む	V	2968	538	4	444	164	607	147	349	473	242	-	-
882	寂しい	A	2956	0	0	1365	511	160	319	9	548	44	-	-
883	絡む	V	2955	110	16	286	126	275	416	7	1559	160	-	-
884	挟まる	V	2945	9	2	532	97	71	1109	29	1089	7	-	-
885	息苦しい	A	2938	0	0	1872	23	759	11	22	247	4	-	-
886	属す	V	2933	43	2	0	0	26	0	13	0	2849	-	-
887	手早い	A	2922	1271	42	688	117	272	36	20	468	8	-	-
888	掘る	V	2919	2	1	65	334	410	595	584	747	181	P_CREATE	-
889	輝く	V	2918	0	2	16	577	16	286	8	1295	718	-	-
890	熟する	V	2917	0	5	49	434	213	184	488	1489	55	-	-
891	減らせる	V	2892	1661	13	161	629	309	79	22	15	3	-	-
892	高める	V	2892	958	12	13	155	956	0	8	1	789	-	-
893	ゆく	V	2886	0	122	6	478	17	48	0	0	2215	-	-
894	立ちのぼる	V	2864	0	0	1	354	5	207	1	2295	1	-	-
895	遠ざかる	V	2861	89	67	14	192	63	558	48	1763	67	-	-
896	点く	V	2843	1	0	1301	81	61	274	55	1069	1	-	-
897	かすれる	V	2839	0	0	548	175	180	263	12	1654	7	-	-
898	波打つ	V	2838	0	0	200	262	153	426	33	1738	26	-	-
899	満ちる	V	2836	2	1	7	438	107	688	10	1419	164	-	-
900	傷つける	V	2831	0	0	205	251	1241	180	223	662	69	-	-
901	率いる	V	2831	0	0	1	6	194	5	7	0	2618	-	-
902	飲める	V	2830	0	0	1326	172	495	67	264	486	20	-	-
903	染みる	V	2821	0	0	212	49	40	25	21	2470	4	-	-
904	着替える	V	2813	0	0	1347	238	225	15	269	706	13	-	-
905	供える	V	2810	0	0	185	399	1596	156	8	423	43	-	-
906	切り上げる	V	2810	193	773	933	99	207	80	70	449	6	-	-
907	重たい	A	2798	0	0	353	90	20	40	7	2280	8	-	-
908	差し替える	V	2794	1986	230	424	3	35	4	33	20	59	-	-
909	温め直す	V	2791	0	0	439	58	191	167	443	1493	0	-	-
910	読み返す	V	2789	213	37	361	233	352	336	88	1162	7	-	-
911	ぼやける	V	2786	15	1	305	206	188	97	4	1959	11	-	-
912	乗り換える	V	2785	0	0	1261	100	382	31	877	61	73	-	-
913	見逃す	V	2779	1547	47	215	118	121	89	234	365	43	-	-
914	付き合う	V	2773	0	0	2197	58	348	17	67	24	62	-	-
915	取り組む	V	2773	25	0	210	187	1270	14	77	7	983	-	-
916	ビッグ	S	2764	258	31	9	0	31	0	0	0	2435	-	-
917	残念	S	2756	0	0	2125	62	190	113	11	218	37	-	-
918	泣く	V	2755	0	0	412	351	506	585	169	470	262	P_EMOTION	-
919	ぬぐう	V	2751	0	0	1	328	50	301	2	2066	3	-	-
920	なめらか	S	2737	1	2	144	470	581	26	81	1386	46	-	-
921	浸す	V	2735	0	0	131	292	503	51	338	1347	73	-	-
922	略す	V	2733	58	3	14	1	31	0	2	1	2623	-	-
923	刈る	V	2729	0	0	6	178	97	106	1149	1171	22	-	-
924	薄手	S	2725	0	1	1871	130	67	0	19	624	13	-	-
925	掲げる	V	2723	7	0	8	141	382	736	198	191	1060	-	-
926	巡る	V	2719	9	4	170	314	623	284	272	167	876	-	-
927	散らばる	V	2716	396	221	143	256	127	187	25	1312	49	-	-
928	生きる	V	2715	454	33	93	85	502	58	97	58	1335	P_EXIST	-
929	書き出す	V	2688	1210	484	223	156	492	33	20	60	10	-	-
930	訪ねる	V	2688	9	34	132	160	426	631	1079	137	80	-	-
931	手掛ける	V	2683	0	0	0	0	2	0	0	0	2681	-	-
932	捕まえる	V	2681	1089	300	75	108	220	89	354	374	72	-	-
933	なでる	V	2677	0	0	28	392	78	164	27	1975	13	-	-
934	戻れる	V	2672	161	33	1660	49	225	234	74	218	18	-	-
935	乗れる	V	2671	0	0	1257	128	248	40	911	71	16	-	-
936	送れる	V	2671	572	171	1457	63	164	23	162	39	20	-	-
937	伝う	V	2666	0	0	14	178	26	225	4	2206	13	-	-
938	ゆるむ	V	2661	0	0	98	447	196	308	14	1596	2	-	-
939	優秀	S	2659	9	3	32	12	12	2	10	1	2578	-	-
940	試せる	V	2653	758	260	1116	17	441	10	45	6	0	-	-
941	結びつく	V	2639	167	7	48	102	1931	63	9	43	269	-	-
942	まっすぐ	S	2638	0	0	1028	291	81	421	108	662	47	-	-
943	無難	S	2632	619	18	1272	16	697	0	0	0	10	-	-
944	破る	V	2629	101	4	39	203	279	54	490	660	799	-	-
945	押し込む	V	2624	96	45	386	46	332	65	20	1603	31	-	-
946	気づける	V	2623	568	28	1155	216	360	81	48	166	1	-	-
947	構える	V	2622	0	0	89	178	364	222	52	553	1164	-	-
948	ひねる	V	2614	0	0	416	67	180	72	13	1821	45	-	-
949	苦しい	A	2607	1	0	1274	289	627	30	11	334	41	-	-
950	写す	V	2606	217	63	228	180	821	332	478	166	121	-	-
951	貼りつく	V	2606	0	0	20	49	18	209	16	2294	0	-	-
952	かじかむ	V	2600	0	0	100	94	2	85	10	2304	5	-	-
953	短め	S	2600	24	2	2153	22	252	4	2	131	10	-	-
954	食い込む	V	2599	1	0	27	19	66	17	0	2423	46	-	-
955	行える	V	2595	1518	413	9	20	263	1	98	1	272	-	-
956	めぐる	V	2593	3	2	46	229	973	191	55	7	1087	-	-
957	揚げる	V	2593	0	0	215	302	720	139	690	253	274	P_CREATE	-
958	倒す	V	2588	40	2	364	79	351	70	360	1076	246	-	-
959	習う	V	2588	5	0	569	86	238	230	1275	22	163	P_COGNITION	-
960	遅らせる	V	2587	508	27	754	137	333	103	457	166	102	-	-
961	下る	V	2573	6	0	273	367	167	442	148	937	233	-	-
962	撫でる	V	2572	0	0	48	132	4	226	0	2155	7	-	yes
963	代わる	V	2559	20	0	959	9	202	28	336	81	924	-	-
964	和らげる	V	2558	69	2	60	634	936	25	15	777	40	-	-
965	ふく	V	2553	0	9	11	291	118	10	6	72	2036	-	-
966	かかわる	V	2551	476	365	108	13	327	4	143	10	1105	-	-
967	裏返す	V	2551	0	0	258	197	143	527	91	1323	12	-	-
968	急かす	V	2550	0	0	1405	149	161	317	56	461	1	-	-
969	仕える	V	2541	0	0	5	3	194	1	0	0	2338	-	-
970	見積もる	V	2537	1317	21	172	140	706	14	21	53	93	-	-
971	著名	S	2531	0	0	2	2	38	0	0	0	2489	-	-
972	迫る	V	2528	1	4	1009	199	409	364	120	136	286	-	-
973	良い	A	2527	241	59	249	113	203	42	96	75	1449	-	-
974	悩む	V	2516	10	3	1560	114	551	113	20	13	132	P_COGNITION	-
975	試みる	V	2507	1300	464	4	13	165	3	89	1	468	-	-
976	飛び出す	V	2505	1	0	132	190	315	751	57	958	101	-	-
977	取り付ける	V	2498	0	0	189	195	560	96	817	101	540	-	-
978	盛る	V	2468	0	0	175	388	243	107	679	809	67	-	-
979	高まる	V	2460	489	5	20	689	866	8	41	54	288	-	-
980	導く	V	2459	99	1	7	257	328	461	614	39	653	-	-
981	生える	V	2456	4	0	38	365	1082	75	88	219	585	-	-
982	緩む	V	2452	3	0	253	228	66	211	13	1661	17	-	-
983	もらえる	V	2446	0	0	1791	31	402	13	142	36	31	-	-
984	及ぶ	V	2443	475	10	6	105	460	5	58	18	1306	P_STATE	-
985	疑う	V	2439	1088	1	100	75	782	120	62	25	186	P_COGNITION	-
986	くぐる	V	2435	0	0	254	446	221	337	237	704	236	-	-
987	こわばる	V	2427	0	0	87	259	46	45	0	1988	2	-	-
988	築く	V	2418	0	0	9	107	886	27	2	2	1385	P_CREATE	-
989	濁る	V	2412	0	0	121	89	359	59	30	1694	60	-	-
990	手がける	V	2409	0	0	0	0	27	0	0	0	2382	-	-
991	つまずく	V	2407	16	0	295	140	214	183	8	1548	3	-	-
992	沸く	V	2402	0	0	414	531	187	247	304	700	19	-	-
993	そんな	S	2387	0	0	2284	7	32	7	0	31	26	-	-
994	狙う	V	2385	105	10	271	361	723	137	132	269	377	-	-
995	薄暗い	A	2378	0	0	29	59	12	92	8	2164	14	-	-
996	戦う	V	2376	0	0	25	26	650	14	67	4	1590	P_ACT	-
997	蒸す	V	2374	0	0	361	231	672	59	430	467	154	P_CREATE	-
998	弾ける	V	2368	11	17	258	138	96	88	258	1483	19	-	-
999	柔軟	S	2367	496	67	289	138	481	4	53	585	254	-	-
1000	訳す	V	2367	0	0	98	20	300	7	50	0	1892	-	-
1001	戻せる	V	2366	1247	158	344	39	376	24	101	75	2	-	-
1002	閉じ込める	V	2366	1017	20	27	92	335	315	2	426	132	-	-
1003	揃う	V	2356	1139	98	264	33	25	40	0	622	135	-	-
1004	通りかかる	V	2350	0	0	71	29	0	1753	181	308	8	-	-
1005	べたつく	V	2347	0	0	177	49	171	6	11	1933	0	-	-
1006	隣り合う	V	2342	407	1455	6	18	262	57	19	25	93	-	-
1007	思い込む	V	2338	273	8	527	21	47	217	5	1206	34	-	yes
1008	すくめる	V	2330	0	0	15	41	8	89	0	2169	8	-	-
1009	入れ替わる	V	2325	105	50	72	156	196	31	1461	164	90	-	-
1010	申し込む	V	2325	1	3	941	25	488	33	797	10	27	P_COMMUNICATE	-
1011	あふれる	V	2315	148	110	193	243	284	132	39	974	192	-	-
1012	診る	V	2315	0	0	1226	68	427	41	488	38	27	-	yes
1013	研ぐ	V	2307	0	0	101	361	216	33	482	1105	9	-	-
1014	作り直す	V	2290	1518	105	231	6	78	108	120	103	21	-	-
1015	停める	V	2289	0	0	1631	85	180	13	191	185	4	-	-
1016	放つ	V	2288	0	0	22	314	267	125	184	1105	271	-	-
1017	聞き取る	V	2284	1	0	515	347	491	52	177	671	30	-	-
1018	打ち消す	V	2283	2091	4	15	1	122	0	22	0	28	-	-
1019	蹴る	V	2280	0	0	39	270	633	88	343	848	59	-	-
1020	ひく	V	2270	0	24	896	249	231	76	142	254	398	-	-
1021	込める	V	2270	5	3	99	299	742	127	34	462	499	-	-
1022	採る	V	2269	226	5	30	161	362	137	247	390	711	-	-
1023	構う	V	2269	567	317	1012	2	324	3	2	8	34	-	-
1024	溶かす	V	2256	0	0	147	243	797	65	261	638	105	-	-
1025	すく	V	2253	0	3	713	126	213	119	26	252	801	-	-
1026	思い出せる	V	2253	14	0	847	216	209	405	123	425	14	-	-
1027	ほぐす	V	2250	0	0	436	390	405	65	110	831	13	-	-
1028	飛び立つ	V	2249	0	0	10	169	21	840	128	1064	17	-	-
1029	伏せる	V	2248	490	206	128	90	73	251	13	958	39	-	-
1030	浮かべる	V	2243	0	0	133	363	222	524	156	803	42	-	-
1031	青白い	A	2243	0	0	50	191	26	135	0	1810	31	-	-
1032	クリーン	S	2242	1946	10	13	0	33	0	2	0	238	-	-
1033	読み込める	V	2242	1501	699	30	0	6	1	0	3	2	-	-
1034	刺さる	V	2241	0	0	239	211	258	90	8	1416	19	-	-
1035	見失う	V	2240	174	9	174	160	171	608	80	840	24	-	-
1036	ながい	A	2239	0	10	1	88	5	12	0	0	2123	-	-
1037	かざす	V	2234	0	0	796	169	86	225	18	920	20	-	-
1038	はねる	V	2228	0	3	260	451	87	153	53	1007	214	-	-
1039	やわらぐ	V	2215	0	0	46	271	83	140	4	1668	3	-	-
1040	絞れる	V	2211	1231	144	651	7	140	5	3	27	3	-	-
1041	しる	V	2210	0	6	14	10	21	1	0	3	2155	-	-
1042	丈夫	S	2208	0	0	639	115	459	129	224	551	91	-	-
1043	架かる	V	2203	0	0	5	94	37	84	29	31	1923	-	-
1044	飲み込む	V	2202	19	1	304	210	738	73	67	741	49	P_CONSUME	-
1045	散らす	V	2188	138	5	74	392	129	94	121	1205	30	-	-
1046	素敵	S	2186	0	0	1874	14	139	3	1	3	152	-	-
1047	手渡す	V	2171	1	0	17	92	50	434	1236	318	23	-	yes
1048	怒る	V	2160	0	259	1150	181	264	94	27	69	116	P_EMOTION	-
1049	生む	V	2159	511	10	5	232	927	52	8	17	397	P_CREATE	-
1050	優しい	A	2154	7	0	550	214	208	148	42	728	257	-	-
1051	珍しい	A	2149	40	1	485	73	97	190	239	108	916	-	-
1052	併せる	V	2148	940	110	42	0	167	0	3	0	886	-	-
1053	組み込む	V	2147	1041	148	18	21	379	1	4	2	533	-	-
1054	建てる	V	2146	0	0	21	30	349	39	150	2	1555	P_CREATE	-
1055	指さす	V	2146	0	0	29	82	27	764	127	1113	4	-	-
1056	帰れる	V	2144	0	0	1403	80	61	317	96	171	16	-	-
1057	取り戻す	V	2143	14	0	107	132	143	507	28	1022	190	-	-
1058	照らし合わせる	V	2137	784	10	402	53	664	111	44	58	11	-	-
1059	逃がす	V	2127	42	2	68	344	353	258	86	940	34	-	-
1060	いれる	V	2125	0	0	784	195	22	178	299	178	469	-	-
1061	図る	V	2125	2	1	13	4	260	0	0	0	1845	-	-
1062	透ける	V	2103	0	0	329	145	68	104	11	1421	25	-	-
1063	締まる	V	2088	0	0	202	79	123	31	15	1632	6	-	-
1064	奪う	V	2077	45	1	14	213	291	84	309	589	531	P_POSSESS	-
1065	やり直す	V	2076	998	20	333	50	158	132	88	280	17	-	-
1066	埋まる	V	2068	129	47	780	91	116	195	139	535	36	-	yes
1067	亡し	A	2066	0	0	0	5	3	1871	0	95	92	-	-
1068	延ばす	V	2064	605	30	453	93	253	88	316	184	42	-	-
1069	話し合う	V	2060	3	0	160	253	1283	112	160	49	40	-	-
1070	やすむ	V	2057	0	1	448	9	1445	27	0	46	81	-	-
1071	問う	V	2044	193	290	71	76	368	17	62	1	966	-	yes
1072	出会う	V	2042	48	65	38	251	390	519	147	49	535	-	-
1073	ためる	V	2041	143	69	85	339	689	48	105	524	39	-	-
1074	直る	V	2041	533	28	927	51	190	152	40	117	3	-	-
1075	望む	V	2036	197	5	34	157	417	75	251	9	891	-	-
1076	幼稚	S	2030	0	0	23	17	252	7	10	3	1718	-	-
1077	映える	V	2028	0	0	146	136	10	37	1	1683	15	-	-
1078	責める	V	2022	6	0	800	122	523	241	240	73	17	-	-
1079	遮る	V	2022	6	0	227	377	350	63	89	855	55	-	-
1080	降ろす	V	2022	0	1	1167	20	32	99	477	181	45	-	-
1081	優れる	V	2021	56	6	64	17	125	0	37	0	1716	P_STATE	-
1082	定まる	V	2019	335	100	16	54	348	15	954	27	170	-	-
1083	汚す	V	2018	134	14	188	167	161	65	166	1099	24	-	-
1084	立てかける	V	2018	0	0	172	29	18	286	12	1496	5	-	-
1085	気軽	S	2015	20	1	1097	103	725	3	4	17	45	-	-
1086	にぎやか	S	2014	0	0	489	439	80	287	78	628	13	-	-
1087	呼べる	V	2005	1419	237	142	14	44	27	65	9	48	-	-
1088	持てる	V	2003	565	113	496	98	206	46	132	299	48	-	-
1089	激しい	A	2003	2	0	141	353	364	85	91	293	674	-	-
1090	束ねる	V	2002	90	13	53	220	103	191	448	778	106	-	-
1091	すべる	V	1994	0	0	62	609	48	490	2	754	29	-	-
1092	美しい	A	1991	0	0	12	204	219	142	36	123	1255	-	yes
1093	逃す	V	1984	15	1	879	236	144	110	76	392	131	-	-
1094	身近	S	1981	3	2	332	152	1165	54	3	102	168	-	-
1095	いでる	V	1978	0	1	1160	9	30	104	2	63	609	-	-
1096	びしょびしょ	S	1978	0	0	1735	14	108	0	0	121	0	-	-
1097	延びる	V	1969	340	1	749	179	265	36	80	60	259	-	-
1098	なれる	V	1966	44	0	635	100	261	74	128	443	281	-	-
1099	量る	V	1964	0	0	205	141	442	107	527	531	11	-	-
1100	丸まる	V	1962	6	9	114	56	75	122	15	1550	15	-	-
1101	温か	S	1962	0	0	5	197	26	504	3	1217	10	-	-
1102	去る	V	1952	0	0	6	243	35	521	147	650	350	-	-
1103	小さめ	S	1950	9	20	1612	39	160	9	4	75	22	-	-
1104	打ち上げる	V	1950	0	0	87	77	101	98	73	138	1376	-	-
1105	痛める	V	1949	0	0	732	95	99	196	225	572	30	-	-
1106	耕す	V	1946	0	0	0	98	47	109	1628	42	22	-	-
1107	思える	V	1939	5	0	149	249	84	85	26	1294	47	-	-
1108	熟れる	V	1938	0	0	46	330	1	155	22	1371	13	-	-
1109	高度	S	1935	48	15	6	24	463	5	9	1	1364	-	-
1110	はめる	V	1932	0	0	66	191	53	340	95	1152	35	-	-
1111	大きめ	S	1931	28	54	1370	53	202	5	13	151	55	-	-
1112	まめ	S	1925	0	1252	40	330	65	54	5	1	178	-	-
1113	甘酸っぱい	A	1925	0	0	5	33	35	28	1	1809	14	-	-
1114	転がす	V	1919	0	0	101	265	149	246	89	1043	26	-	-
1115	こまめ	S	1917	31	0	521	271	869	12	19	188	6	-	-
1116	引き上げる	V	1915	67	3	34	66	138	358	39	1079	131	-	-
1117	めくれる	V	1911	0	0	82	71	11	207	1	1536	3	-	-
1118	引き受ける	V	1910	42	2	644	126	346	215	383	42	110	-	-
1119	承る	V	1906	0	0	1892	4	1	0	2	1	6	-	-
1120	思い浮かべる	V	1901	0	0	64	262	269	220	0	1069	17	-	yes
1121	上回る	V	1887	361	106	10	70	286	0	691	3	360	-	-
1122	行なう	V	1884	0	0	0	0	0	0	0	0	1884	-	-
1123	さらす	V	1877	10	1	61	479	433	24	142	553	174	-	-
1124	狭める	V	1875	897	434	11	45	70	14	15	370	19	-	-
1125	示せる	V	1875	1183	194	44	41	374	8	27	2	2	-	-
1126	まとう	V	1874	0	0	3	326	32	133	7	1209	164	-	-
1127	無い	A	1871	16	65	4	4	19	0	1	0	1762	-	-
1128	渇く	V	1869	0	0	227	145	236	122	37	1088	14	-	-
1129	思い返す	V	1866	0	0	23	118	52	139	1	1531	2	-	-
1130	折り返す	V	1863	255	328	606	37	101	44	173	254	65	-	-
1131	介する	V	1858	592	66	1	18	486	1	10	0	684	-	-
1132	持ち歩く	V	1856	1	0	1133	156	246	39	25	235	21	-	-
1133	ふる	V	1850	0	21	32	302	57	26	30	24	1358	-	-
1134	分け合う	V	1849	3	0	12	265	112	1146	15	266	30	-	-
1135	過ごせる	V	1828	0	0	885	206	436	30	74	184	13	-	-
1136	照れる	V	1822	0	0	748	144	37	333	7	552	1	-	yes
1137	演ずる	V	1820	0	0	2	11	48	39	40	2	1678	-	-
1138	捉える	V	1818	155	5	15	154	903	7	74	43	462	-	-
1139	せつ	S	1812	0	0	0	57	4	11	7	0	1733	-	-
1140	交わす	V	1810	1	0	8	306	175	583	36	498	203	-	-
1141	もたらす	V	1809	5	2	2	109	397	2	68	0	1224	-	-
1142	かぶせる	V	1807	0	0	184	169	250	275	143	741	45	-	-
1143	強いる	V	1807	20	0	1	5	19	2	1627	0	133	-	-
1144	わく	V	1799	0	68	61	366	138	35	6	69	1056	-	-
1145	埋もれる	V	1787	272	174	92	88	93	396	10	602	60	-	-
1146	命ずる	V	1786	0	0	0	8	103	27	1274	1	373	-	-
1147	見返す	V	1786	40	0	489	237	221	95	116	582	6	-	-
1148	見張る	V	1783	0	1	225	289	71	961	85	102	49	-	-
1149	成る	V	1782	128	33	0	2	281	0	4	0	1334	-	-
1150	解ける	V	1778	16	2	410	362	277	108	317	212	74	-	-
1151	ぬかるむ	V	1762	0	0	326	208	22	197	324	680	5	-	-
1152	浮かび上がる	V	1757	0	0	1	65	13	316	4	1325	33	-	-
1153	探せる	V	1756	640	299	209	87	269	50	169	31	2	-	-
1154	施す	V	1748	10	1	2	42	462	3	361	5	862	P_GIVE	-
1155	聞き取れる	V	1741	0	0	354	26	531	69	448	305	8	-	-
1156	ひらく	V	1738	0	5	1	568	3	705	0	16	440	-	-
1157	垂らす	V	1737	0	0	100	76	81	122	22	1296	40	-	-
1158	読み直す	V	1737	742	96	201	48	142	155	120	231	2	-	-
1159	吠える	V	1736	0	0	241	77	167	125	43	1049	34	-	-
1160	グレート	S	1733	0	0	0	0	34	0	0	0	1699	-	-
1161	ゆるい	A	1730	1	1	413	296	327	117	27	354	194	-	-
1162	聞き逃す	V	1728	0	0	433	95	86	116	176	821	1	-	yes
1163	擦れる	V	1726	0	0	58	39	33	34	0	1559	3	-	-
1164	運べる	V	1723	11	5	231	80	132	86	852	316	10	-	-
1165	こねる	V	1722	5	31	368	137	82	228	381	409	81	-	-
1166	話しかける	V	1720	0	0	348	129	468	320	186	244	25	-	-
1167	じょする	V	1717	0	0	0	1	0	0	0	0	1716	-	-
1168	しおれる	V	1714	0	0	77	190	353	243	81	761	9	-	-
1169	のぼる	V	1714	0	7	7	496	28	370	2	154	650	-	-
1170	くわえる	V	1712	0	0	261	47	38	769	109	419	69	-	-
1171	気まずい	A	1711	0	0	886	356	209	51	0	206	3	-	-
1172	名付ける	V	1710	368	30	9	6	19	34	6	0	1238	-	-
1173	容易	S	1699	833	3	0	6	50	0	14	0	793	-	-
1174	好む	V	1697	12	1	50	63	346	40	532	71	582	P_EMOTION	-
1175	待てる	V	1695	533	85	704	53	92	62	28	128	10	-	-
1176	きらめく	V	1694	0	0	0	334	9	138	2	1168	43	-	-
1177	少なめ	S	1693	5	2	1213	11	238	12	32	173	7	-	-
1178	溶く	V	1693	0	0	416	169	277	62	277	462	30	-	-
1179	こわい	A	1687	0	1	31	197	201	50	0	1057	150	-	-
1180	すける	V	1682	0	0	0	3	2	0	1	0	1676	-	-
1181	しんどい	A	1681	0	0	1305	14	271	0	0	1	90	-	-
1182	枯れる	V	1672	0	0	51	207	455	195	292	402	70	-	yes
1183	漬ける	V	1672	0	2	98	94	413	41	204	753	67	-	-
1184	すする	V	1671	0	0	42	218	0	140	6	1253	12	-	-
1185	営む	V	1669	0	0	1	3	262	166	102	0	1135	-	-
1186	触れ合う	V	1669	0	0	16	68	28	34	0	1501	22	-	-
1187	偏る	V	1659	495	125	83	120	620	7	7	144	58	-	-
1188	洗い流す	V	1659	0	0	107	137	594	21	14	780	6	-	-
1189	ゆれる	V	1658	0	0	1	802	10	732	2	47	64	-	-
1190	生かす	V	1656	28	2	78	190	911	79	6	12	350	-	-
1191	さく	V	1654	0	3	0	9	0	0	0	0	1642	-	-
1192	洗える	V	1638	0	0	1031	30	251	6	39	279	2	-	-
1193	よぶ	V	1635	0	3	1	39	8	7	0	5	1572	-	-
1194	順調	S	1631	1	1	1410	39	48	10	19	28	75	-	-
1195	あおい	A	1630	91	711	6	174	20	107	113	6	402	-	-
1196	淹れる	V	1629	0	0	767	69	25	173	53	518	24	-	-
1197	焦がす	V	1622	0	0	481	108	195	48	208	570	12	-	-
1198	独特	S	1619	3	0	30	47	324	3	2	268	942	-	-
1199	盛り上がる	V	1616	0	0	513	256	188	128	9	449	73	-	-
1200	動ける	V	1615	52	0	637	138	299	172	53	240	24	-	-
1201	寄れる	V	1615	0	0	1588	3	5	6	4	8	1	-	-
1202	恥ずかしい	A	1610	0	0	775	198	227	104	2	266	38	-	-
1203	釣る	V	1609	0	0	422	194	20	65	799	75	34	-	-
1204	書き留める	V	1606	3	1	34	265	111	234	233	711	14	-	-
1205	静まる	V	1605	0	0	1	185	17	276	15	1107	4	-	-
1206	有力	S	1603	31	1	20	9	417	0	2	0	1123	-	-
1207	口ずさむ	V	1600	0	0	36	194	61	974	13	315	7	-	-
1208	背負う	V	1597	10	0	270	232	79	264	74	552	116	-	-
1209	納める	V	1595	0	0	94	110	1094	44	61	17	175	-	-
1210	嗅ぐ	V	1594	0	0	95	86	40	77	6	1263	27	-	-
1211	読み上げる	V	1594	48	2	191	46	123	280	521	326	57	-	-
1212	ゆるめる	V	1588	0	0	139	182	286	269	4	685	23	-	-
1213	追いつく	V	1587	115	5	461	93	168	465	87	152	41	-	-
1214	あおる	V	1585	0	0	147	113	41	171	46	1049	18	-	-
1215	争う	V	1584	1	0	1	20	392	29	2	5	1134	-	-
1216	取り扱う	V	1583	11	0	39	1	69	0	14	0	1449	-	-
1217	浸かる	V	1582	0	0	54	111	136	17	29	1222	13	-	-
1218	見立てる	V	1582	17	7	42	779	254	198	15	75	195	-	-
1219	わらう	V	1581	0	153	0	549	176	276	6	0	421	-	-
1220	手間取る	V	1581	0	0	504	50	8	14	5	995	5	-	-
1221	へこむ	V	1578	0	0	260	26	145	31	18	1091	7	-	-
1222	舞い上がる	V	1578	0	0	8	139	48	284	16	1072	11	-	-
1223	熱する	V	1576	0	0	41	573	321	8	141	407	85	-	-
1224	立ち上る	V	1569	0	0	0	71	9	29	2	1449	9	-	-
1225	呼びかける	V	1563	0	2	158	116	201	270	475	127	214	-	-
1226	買い替える	V	1559	0	0	1285	26	168	6	62	12	0	-	-
1227	撮れる	V	1557	0	0	1123	29	50	38	205	104	8	-	-
1228	頼もしい	A	1554	0	0	760	208	10	43	0	531	2	-	-
1229	しゃがむ	V	1549	0	0	291	56	21	230	0	944	7	-	-
1230	かわす	V	1546	0	0	9	68	66	6	89	6	1302	-	-
1231	置き換わる	V	1546	897	444	2	8	27	1	2	1	164	-	-
1232	法的	S	1545	11	5	13	3	675	0	5	0	833	-	-
1233	足し合わせる	V	1544	179	1340	1	0	18	0	0	0	6	-	-
1234	損ねる	V	1536	173	0	101	101	117	45	49	927	23	-	-
1235	貸し出す	V	1536	17	48	588	23	117	71	579	7	86	-	-
1236	蓄える	V	1535	69	26	3	237	890	26	132	59	93	-	-
1237	手軽	S	1531	391	137	393	45	471	0	5	11	78	-	-
1238	おっしゃる	V	1528	0	0	1373	1	153	0	0	0	1	-	-
1239	引っ込める	V	1523	0	0	21	63	19	64	67	1283	6	-	-
1240	新鮮	S	1521	23	22	242	155	223	43	239	448	126	-	-
1241	任す	V	1517	47	0	259	73	85	614	271	56	112	-	-
1242	親しむ	V	1515	0	0	78	128	401	8	12	11	877	-	-
1243	出来る	V	1514	0	0	3	1	3	1	1	5	1500	-	-
1244	あたたかい	A	1511	0	0	84	446	114	291	29	533	14	-	-
1245	握りつぶす	V	1509	1394	74	1	0	2	0	0	35	3	-	-
1246	競う	V	1505	8	1	23	117	497	111	56	48	644	-	-
1247	呼び出せる	V	1502	1247	211	6	3	11	0	17	1	6	-	-
1248	頼める	V	1502	1	6	1139	6	175	15	145	15	0	-	-
1249	つぶす	V	1501	1	0	276	125	420	28	87	506	58	-	-
1250	ほぐれる	V	1499	0	0	175	159	93	16	32	1021	3	-	-
1251	導ける	V	1497	38	0	0	1	10	3	1438	0	7	-	-
1252	こい	A	1496	0	1	1	7	1	0	0	0	1486	-	-
1253	羽織る	V	1493	0	0	683	124	35	14	9	613	15	-	-
1254	しかめる	V	1492	0	0	44	54	0	74	0	1313	7	-	-
1255	絡まる	V	1491	0	12	303	104	84	285	10	677	16	-	-
1256	引き起こす	V	1490	83	0	2	21	182	1	35	0	1166	-	-
1257	つぶれる	V	1487	0	1	230	56	117	12	28	1027	16	-	-
1258	かすむ	V	1486	0	0	146	232	22	78	11	976	21	-	-
1259	引き出す	V	1486	26	6	219	216	319	45	10	545	100	-	-
1260	深まる	V	1485	21	0	23	467	211	85	4	648	26	-	-
1261	改める	V	1476	129	5	70	30	257	38	53	6	888	-	-
1262	通り抜ける	V	1476	3	0	116	182	136	158	121	702	58	-	-
1263	売れる	V	1467	0	153	164	80	201	121	409	89	250	-	-
1264	彫る	V	1453	0	0	46	14	978	80	170	52	113	-	-
1265	悔しい	A	1452	0	0	579	275	128	68	2	380	20	-	-
1266	似合う	V	1451	0	0	674	190	17	124	101	326	19	-	-
1267	兼ねる	V	1451	29	5	378	21	93	11	23	11	880	-	-
1268	はさむ	V	1448	3	10	71	185	290	278	47	263	301	-	-
1269	強める	V	1446	92	1	63	127	594	46	38	357	128	-	-
1270	吹きかける	V	1442	0	0	16	83	64	180	2	1094	3	-	-
1271	上手	S	1438	0	0	596	246	211	143	77	93	72	-	-
1272	産む	V	1438	0	0	30	71	397	11	711	32	186	-	-
1273	見なす	V	1438	276	31	0	3	23	1	0	0	1104	-	-
1274	色づく	V	1436	0	0	118	516	160	92	50	470	30	-	-
1275	連なる	V	1436	14	22	2	154	555	60	2	91	536	-	-
1276	立派	S	1435	11	0	758	211	99	227	16	62	51	-	-
1277	よみがえる	V	1434	0	0	6	249	29	116	1	950	83	-	-
1278	腫れる	V	1434	0	0	659	24	412	0	6	312	21	-	-
1279	煮込む	V	1431	0	0	247	179	169	67	327	309	133	-	-
1280	かゆい	A	1429	0	0	807	64	210	2	0	325	21	-	-
1281	巻き込む	V	1429	109	3	154	189	220	28	127	210	389	-	-
1282	携わる	V	1426	0	0	2	0	19	4	15	0	1386	-	-
1283	こすれる	V	1423	0	0	30	139	121	54	1	1075	3	-	-
1284	引き続く	V	1423	564	58	97	1	37	0	6	5	655	-	-
1285	親しい	A	1419	0	0	317	183	626	26	44	40	183	-	-
1286	大げさ	S	1418	14	0	701	458	64	47	2	118	14	-	-
1287	残せる	V	1415	680	153	193	69	170	45	18	63	24	-	-
1288	えらい	A	1412	0	0	1098	44	82	36	93	6	53	-	-
1289	ともる	V	1407	0	0	1	410	2	578	0	367	49	-	-
1290	ぴったり	S	1404	42	39	1006	91	55	41	3	108	19	-	-
1291	差し引く	V	1402	145	229	153	57	770	1	7	1	39	-	-
1292	表れる	V	1399	391	57	6	272	480	37	8	57	91	-	-
1293	なめる	V	1398	2	0	135	149	92	49	50	678	243	-	-
1294	ほどよい	A	1397	37	0	93	33	45	21	2	1159	7	-	-
1295	ひる	V	1396	0	1	49	10	5	0	0	69	1262	-	-
1296	豊か	S	1393	2	0	18	261	220	73	17	111	691	-	-
1297	思る	V	1385	0	0	1196	0	0	0	0	0	189	-	-
1298	イイ	A	1382	0	0	3	0	10	0	0	0	1369	-	-
1299	挿す	V	1381	5	1	438	54	330	143	11	370	29	-	-
1300	受け渡す	V	1379	989	48	16	35	196	15	33	32	15	-	-
1301	握り直す	V	1373	0	0	3	19	2	115	6	1228	0	-	-
1302	綴る	V	1373	693	4	1	13	48	34	2	91	487	-	yes
1303	座れる	V	1371	0	0	607	87	135	69	231	239	3	-	-
1304	仕上がる	V	1370	0	0	513	59	149	52	44	512	41	-	-
1305	売り切れる	V	1370	0	1	657	16	85	41	493	69	8	-	-
1306	申し出る	V	1369	0	0	163	20	419	268	428	24	47	-	-
1307	嬉しい	A	1360	0	0	751	61	44	68	1	390	45	-	-
1308	四角い	A	1358	4	0	109	45	63	160	179	737	61	-	-
1309	片づく	V	1356	1	1	725	97	50	65	22	395	0	-	-
1310	振り向く	V	1353	0	0	33	95	5	731	3	470	16	-	-
1311	華やか	S	1350	0	0	396	371	216	29	43	190	105	-	-
1312	とどまる	V	1347	46	7	12	121	437	82	155	91	396	-	-
1313	切らす	V	1347	1	0	449	45	43	146	313	349	1	-	-
1314	煮える	V	1346	0	0	89	284	48	122	24	774	5	-	-
1315	見知る	V	1345	0	0	2	87	74	1015	32	80	55	-	-
1316	蒸し暑い	A	1344	0	0	399	116	16	25	70	717	1	-	-
1317	さらう	V	1342	0	0	10	149	22	381	71	667	42	-	-
1318	よし	A	1339	0	9	15	17	1	17	0	0	1280	-	-
1319	慌ただしい	A	1337	0	0	887	85	73	15	1	273	3	-	-
1320	知的	S	1337	0	0	7	1	71	0	0	0	1258	-	-
1321	切り替わる	V	1334	405	99	361	73	167	30	4	138	57	-	-
1322	取り上げる	V	1329	5	10	125	13	250	10	35	54	827	-	-
1323	はじける	V	1326	0	1	11	274	17	82	3	918	20	-	-
1324	守れる	V	1323	426	4	183	98	266	156	72	109	9	-	-
1325	ゆう	V	1322	1	7	21	5	35	1	16	0	1236	-	-
1326	信ずる	V	1318	19	2	173	63	177	130	41	224	489	-	-
1327	観る	V	1318	0	0	775	12	68	7	191	34	231	-	-
1328	早める	V	1315	55	0	677	50	112	41	217	148	15	-	-
1329	引っぱる	V	1312	0	0	230	112	280	133	13	541	3	-	-
1330	昇る	V	1312	0	0	8	255	123	406	13	344	163	-	-
1331	運び出す	V	1307	0	0	59	12	37	196	746	242	15	-	-
1332	よける	V	1306	0	0	67	183	27	342	33	646	8	-	-
1333	冠する	V	1305	0	0	0	5	9	1	0	0	1290	-	-
1334	受け継ぐ	V	1302	51	0	14	47	325	106	30	9	720	-	yes
1335	点ける	V	1301	1	0	162	123	57	219	89	643	7	-	-
1336	あわせる	V	1299	119	43	203	13	252	2	4	0	663	-	-
1337	はじめる	V	1299	3	153	10	72	92	254	0	319	396	-	-
1338	持ち替える	V	1298	0	0	73	12	12	40	1	1147	13	-	-
1339	軽やか	S	1295	0	0	58	527	38	116	0	544	12	-	-
1340	立ち寄る	V	1294	0	0	298	90	142	148	484	79	53	-	-
1341	読み飛ばす	V	1294	592	586	40	5	23	12	4	32	0	-	-
1342	敗れる	V	1291	3	0	0	9	123	1	212	0	943	-	-
1343	ふらつく	V	1288	0	0	633	60	175	29	2	386	3	-	-
1344	目覚める	V	1286	2	0	41	235	107	295	60	432	114	-	-
1345	凍える	V	1282	0	0	2	63	2	109	13	1082	11	-	-
1346	成す	V	1282	4	0	0	11	13	0	0	0	1254	-	-
1347	掛かる	V	1282	13	1	117	67	8	449	41	454	132	-	-
1348	居る	V	1281	0	0	92	163	90	225	67	90	554	-	-
1349	結び付く	V	1274	919	54	1	13	242	0	12	0	33	-	-
1350	あう	V	1271	0	7	11	45	140	33	6	2	1027	-	-
1351	かすめる	V	1266	0	0	0	131	0	119	4	999	13	-	-
1352	見回る	V	1266	0	0	37	58	12	537	515	106	1	-	-
1353	聞き返す	V	1263	0	0	342	147	297	65	36	375	1	-	-
1354	ならす	V	1260	10	13	12	108	87	196	185	544	105	-	-
1355	ほる	V	1258	0	7	15	37	8	2	0	46	1143	-	-
1356	こびりつく	V	1257	0	0	14	79	69	8	2	1083	2	-	-
1357	よそう	V	1255	0	0	138	133	9	161	220	583	11	-	-
1358	誇る	V	1255	0	0	1	21	3	24	0	0	1206	-	-
1359	読み違える	V	1250	200	10	159	58	41	72	31	676	3	-	-
1360	しょっぱい	A	1246	0	0	223	47	305	14	43	605	9	-	-
1361	裏返る	V	1246	0	0	389	53	3	233	30	536	2	-	-
1362	つぐ	V	1237	0	4	0	12	6	1	4	19	1191	-	-
1363	やわらか	S	1236	0	0	8	347	98	213	7	528	35	-	-
1364	まし	S	1234	0	1	491	17	4	0	0	176	545	-	-
1365	耐える	V	1234	122	4	51	87	319	38	45	364	204	-	-
1366	別れる	V	1227	0	0	78	120	283	467	12	111	156	-	-
1367	くすぐる	V	1225	0	0	0	79	2	83	2	1049	10	-	-
1368	くける	V	1224	0	1074	0	1	1	5	0	0	143	-	-
1369	乱れる	V	1224	38	4	134	192	163	94	78	472	49	-	-
1370	だす	V	1214	0	0	76	160	52	511	4	104	307	-	-
1371	心強い	A	1213	0	0	910	93	49	25	0	134	2	-	-
1372	かんする	V	1207	0	0	0	0	0	0	0	0	1207	-	-
1373	重大	S	1201	346	40	48	17	417	0	7	0	326	-	-
1374	こす	V	1200	0	1	91	119	156	157	35	75	566	-	-
1375	明瞭	S	1200	608	87	3	72	197	4	5	29	195	-	-
1376	したがう	V	1199	143	398	33	19	58	7	15	8	518	-	-
1377	潤す	V	1199	0	0	30	117	76	89	28	826	33	-	-
1378	裂ける	V	1197	0	0	70	38	138	127	8	737	79	-	-
1379	見届ける	V	1196	1	0	41	23	24	737	62	292	16	-	-
1380	損なう	V	1192	518	13	1	186	334	12	10	16	102	-	-
1381	とりどり	S	1190	0	0	14	239	17	273	16	611	20	-	-
1382	混み合う	V	1190	6	9	470	163	352	40	35	108	7	-	-
1383	跳ぶ	V	1188	2	1	19	346	290	132	250	115	33	-	yes
1384	緩める	V	1187	64	1	79	66	125	52	14	753	33	-	-
1385	ぬらす	V	1186	0	0	44	251	302	58	334	192	5	-	-
1386	渋い	A	1185	0	0	108	25	12	13	0	992	35	-	-
1387	わすれる	V	1182	0	14	0	201	41	727	37	0	162	-	-
1388	召し上がる	V	1177	0	0	1050	2	115	2	0	2	6	-	yes
1389	爽やか	S	1177	0	0	32	74	12	31	4	1004	20	-	-
1390	かたい	A	1172	0	0	68	200	303	33	9	287	272	-	-
1391	とれる	V	1170	0	0	184	142	624	8	19	8	185	-	-
1392	切り離す	V	1169	697	16	13	29	128	18	28	92	148	-	-
1393	震わせる	V	1168	0	0	2	26	37	96	6	999	2	-	-
1394	くむ	V	1167	0	0	9	173	40	110	22	137	676	-	-
1395	急速	S	1165	16	6	97	44	499	4	0	10	489	-	-
1396	発する	V	1165	9	0	0	42	137	3	11	1	962	-	-
1397	走れる	V	1163	1	0	361	77	193	16	425	78	12	-	-
1398	手伝える	V	1162	0	0	1009	13	84	13	25	18	0	-	-
1399	薄める	V	1161	1	0	170	42	407	26	64	428	23	-	-
1400	砕ける	V	1159	0	0	28	97	39	55	18	898	24	-	-
1401	だるい	A	1158	0	0	622	60	188	0	0	283	5	-	-
1402	ふやける	V	1158	0	0	136	36	18	9	0	958	1	-	-
1403	報ずる	V	1158	0	0	139	1	37	0	40	4	937	-	-
1404	長め	S	1157	56	9	784	27	133	3	17	114	14	-	-
1405	とまる	V	1156	0	1	1	275	16	386	91	233	153	-	-
1406	あける	V	1154	1	8	98	193	214	193	52	135	260	-	-
1407	追い払う	V	1153	0	0	26	157	143	143	138	519	27	-	-
1408	探る	V	1150	24	0	30	162	131	118	44	516	125	-	-
1409	継ぐ	V	1150	0	0	8	41	79	92	11	12	907	-	-
1410	安易	S	1149	1050	13	3	7	57	1	0	0	18	-	-
1411	おごる	V	1148	0	0	1049	9	0	9	72	2	7	-	-
1412	のる	V	1148	0	3	44	136	99	39	22	268	537	-	-
1413	書き足す	V	1148	25	53	135	32	19	383	18	480	3	-	-
1414	クリエイティブ	S	1147	0	0	0	0	0	0	0	0	1147	-	-
1415	取り置く	V	1147	0	0	428	2	8	32	666	11	0	-	-
1416	気楽	S	1147	0	0	913	72	82	2	10	24	44	-	-
1417	慣らす	V	1145	0	0	214	132	726	8	0	64	1	-	-
1418	生み出す	V	1145	2	0	0	45	326	0	3	1	768	-	-
1419	つつく	V	1141	0	0	41	175	23	210	132	523	37	-	-
1420	惜しい	A	1141	0	0	611	39	15	76	9	373	18	-	-
1421	たくさん	S	1137	9	25	157	293	308	50	130	61	104	-	-
1422	押しつける	V	1137	5	0	242	94	216	41	37	491	11	-	-
1423	測れる	V	1137	370	16	411	65	154	39	65	16	1	-	-
1424	負う	V	1134	25	0	6	14	493	10	17	7	562	-	-
1425	及ぼす	V	1131	55	0	0	28	416	2	11	1	618	-	-
1426	外せる	V	1127	173	27	597	12	148	10	104	47	9	-	-
1427	いらしゃる	V	1126	0	0	1117	0	2	0	0	0	7	-	-
1428	ちる	V	1125	0	1	6	4	8	24	3	0	1079	-	-
1429	弱る	V	1125	0	0	93	144	308	123	58	385	14	-	-
1430	みずみずしい	A	1124	0	0	2	157	51	21	1	874	18	-	-
1431	際立つ	V	1124	0	0	1	151	78	1	3	798	92	-	-
1432	純粋	S	1123	546	18	2	2	39	0	0	0	516	-	-
1433	冷え込む	V	1118	0	0	229	260	40	65	191	326	7	-	-
1434	留まる	V	1117	34	6	96	104	62	100	10	314	391	-	-
1435	払える	V	1116	0	0	711	50	147	10	167	25	6	-	-
1436	甘辛い	A	1113	0	2	54	21	38	0	11	952	35	-	-
1437	うなる	V	1112	0	0	7	89	24	92	0	885	15	-	-
1438	締め直す	V	1111	0	0	35	81	16	97	17	865	0	-	-
1439	そびれる	V	1109	0	0	605	103	48	191	7	153	2	-	-
1440	砕く	V	1108	0	0	194	53	226	23	30	504	78	-	-
1441	叱る	V	1107	0	0	77	47	361	96	220	284	22	-	-
1442	押し出す	V	1105	7	3	18	82	337	73	89	422	74	-	-
1443	ともす	V	1104	0	2	6	176	29	353	46	54	438	-	-
1444	持ち出す	V	1100	92	0	65	77	119	104	268	326	49	-	-
1445	錆びる	V	1097	0	0	19	45	5	227	11	776	14	-	-
1446	恐れ入る	V	1093	0	0	1062	0	31	0	0	0	0	-	-
1447	貴重	S	1090	3	0	187	54	369	14	54	47	362	-	-
1448	うざい	A	1089	0	0	2	1	0	0	0	0	1086	-	-
1449	はまる	V	1088	0	0	401	88	42	155	3	336	63	-	-
1450	飲み干す	V	1085	0	0	16	26	57	193	19	770	4	-	yes
1451	届け出る	V	1083	0	0	120	31	437	16	457	2	20	-	-
1452	塩辛い	A	1082	0	0	28	41	102	25	173	701	12	-	-
1453	広まる	V	1082	2	0	15	36	601	8	0	0	420	-	-
1454	かき消す	V	1078	0	0	12	50	0	80	11	919	6	-	-
1455	付き添う	V	1076	0	0	486	32	28	91	384	33	22	-	-
1456	づ	V	1072	0	5	1	3	70	0	0	0	993	-	-
1457	かえる	V	1071	8	21	252	42	91	48	91	26	492	-	-
1458	なし	A	1071	0	8	45	28	9	4	0	1	976	-	-
1459	怪しい	A	1070	12	1	691	32	269	8	8	10	39	-	-
1460	飛び散る	V	1065	0	0	45	175	259	24	5	547	10	-	-
1461	引き寄せる	V	1064	0	0	4	80	136	187	15	605	37	-	-
1462	張り切る	V	1064	0	0	741	66	0	44	0	212	1	-	-
1463	かき混ぜる	V	1062	0	0	42	135	158	82	63	559	23	-	-
1464	寝ぼける	V	1062	0	0	273	44	1	79	0	665	0	-	-
1465	しゃべる	V	1060	0	0	654	41	131	115	0	17	102	-	-
1466	ほつれる	V	1060	0	0	163	113	32	158	42	550	2	-	-
1467	書き込める	V	1054	776	247	7	7	2	5	3	4	3	-	-
1468	焼き上がる	V	1054	0	0	195	54	51	308	81	361	4	-	-
1469	取り分ける	V	1053	1	2	148	130	210	62	328	161	11	-	-
1470	汲む	V	1053	0	3	6	219	2	157	0	286	380	-	-
1471	着せる	V	1053	0	0	381	104	88	30	187	199	64	-	-
1472	取り消せる	V	1052	686	45	52	3	233	0	33	0	0	-	-
1473	つかまる	V	1049	0	0	283	104	123	137	47	345	10	-	-
1474	ばらばら	S	1047	77	55	196	124	116	82	0	379	18	-	-
1475	著す	V	1046	0	0	0	0	34	0	0	0	1012	-	-
1476	はみ出す	V	1042	17	32	212	50	85	90	26	502	28	-	-
1477	投る	V	1042	0	0	23	17	1	0	5	11	985	-	-
1478	遠ざける	V	1038	47	12	7	100	168	180	16	492	16	-	-
1479	まくる	V	1035	0	2	305	118	51	17	21	361	160	-	-
1480	折り畳む	V	1035	4	2	291	30	15	73	72	465	83	-	-
1481	こぐ	V	1034	3	2	24	261	175	38	37	190	304	-	-
1482	救う	V	1034	0	0	167	61	36	140	12	81	537	-	-
1483	真っ白	S	1028	4	0	321	62	49	193	12	359	28	-	-
1484	うたう	V	1027	18	9	142	11	56	69	1	3	718	-	-
1485	待ち受ける	V	1026	342	634	9	6	19	3	0	0	13	-	-
1486	泡立てる	V	1026	0	0	27	99	304	34	131	412	19	-	-
1487	造る	V	1026	0	0	4	15	422	18	12	0	555	-	-
1488	捕らえる	V	1025	0	0	0	108	334	7	388	1	187	-	-
1489	諦める	V	1025	34	4	364	38	35	146	23	300	81	-	-
1490	一様	S	1024	441	10	2	8	320	1	2	3	237	-	-
1491	荒れる	V	1024	0	0	193	150	175	52	118	293	43	-	-
1492	縮める	V	1022	266	107	48	93	129	39	28	246	66	-	-
1493	励ます	V	1020	0	0	125	221	325	100	156	62	31	-	-
1494	引っかける	V	1019	0	0	145	65	27	63	11	703	5	-	-
1495	性的	S	1018	0	0	0	0	25	0	0	0	993	-	-
1496	追い越す	V	1018	3	0	42	93	50	169	566	88	7	-	-
1497	ドライ	S	1016	107	34	76	16	306	1	4	71	401	-	-
1498	仕方ない	A	1014	0	0	927	5	21	9	0	40	12	-	-
1499	とくべつ	S	1012	0	2	0	0	3	0	0	0	1007	-	-
1500	転ずる	V	1012	0	0	1	23	30	2	0	0	956	-	-
1501	落ち着ける	V	1007	0	0	438	170	282	40	0	76	1	-	-
1502	改まる	V	1005	0	0	155	41	784	0	3	13	9	-	-
1503	たずねる	V	1004	0	0	5	211	405	262	57	28	36	-	-
1504	盛ん	S	1001	0	0	3	30	184	2	17	2	763	-	-
1505	おこなう	V	999	0	0	0	0	4	0	0	0	995	-	-
1506	見直せる	V	999	648	3	170	36	122	7	8	5	0	-	-
1507	いろいろ	S	998	0	1	107	293	452	10	2	10	123	-	-
1508	拭う	V	998	0	0	22	96	17	51	0	804	8	-	yes
1509	灯る	V	998	0	0	4	212	2	423	6	344	7	-	-
1510	固める	V	994	19	9	100	57	476	17	26	118	172	-	-
1511	微妙	S	994	16	0	799	14	59	0	0	7	99	-	-
1512	実る	V	992	0	0	46	388	115	205	120	79	39	-	-
1513	吸い取る	V	991	0	0	43	72	157	8	0	703	8	-	-
1514	並べ直す	V	990	200	69	43	10	12	112	174	369	1	-	-
1515	滑り落ちる	V	983	0	0	5	10	16	173	0	778	1	-	-
1516	送り出す	V	983	7	5	30	148	365	111	52	67	198	-	-
1517	うすい	A	982	0	0	7	104	47	63	2	68	691	-	-
1518	くすぐったい	A	980	0	0	16	30	4	26	0	902	2	-	-
1519	塞ぐ	V	976	228	15	64	48	133	221	18	202	47	-	-
1520	飛び込む	V	976	0	0	30	109	76	202	137	378	44	-	-
1521	さわやか	S	973	0	1	13	128	54	35	13	611	118	-	-
1522	見込む	V	973	90	6	236	35	404	2	42	11	147	-	-
1523	ひっくり返す	V	968	0	2	278	125	34	127	13	363	26	-	-
1524	立て直す	V	968	9	2	83	43	305	165	63	269	29	-	-
1525	読み進める	V	968	341	84	47	20	307	73	2	83	11	-	-
1526	買い足す	V	963	0	0	566	33	103	12	98	151	0	-	-
1527	ほめる	V	962	0	0	9	208	321	36	337	15	36	-	-
1528	拾い上げる	V	961	0	0	2	23	10	451	15	455	5	-	-
1529	同等	S	960	445	44	3	0	56	0	8	0	404	-	-
1530	握りしめる	V	960	0	0	22	47	10	323	0	555	3	-	-
1531	押し寄せる	V	958	1	0	2	257	138	56	6	476	22	-	-
1532	色あせる	V	955	0	0	28	129	50	144	1	596	7	-	-
1533	積み重なる	V	952	419	14	135	103	203	9	2	47	20	-	-
1534	手放す	V	951	119	1	116	71	170	138	164	127	45	-	yes
1535	暮れる	V	951	0	0	154	255	40	163	45	279	15	-	-
1536	たたかう	V	950	0	10	0	5	10	1	0	0	924	-	-
1537	貯める	V	946	27	10	273	241	311	16	14	12	42	-	-
1538	ためらう	V	945	0	0	113	59	103	286	8	366	10	-	-
1539	傷つく	V	945	0	0	93	141	420	65	49	111	66	-	-
1540	有害	S	945	0	0	29	20	570	1	2	0	323	-	-
1541	省ける	V	945	743	51	56	9	32	8	8	35	3	-	-
1542	駆ける	V	943	0	0	4	254	3	408	20	196	58	-	yes
1543	はがす	V	941	0	0	78	50	235	76	90	397	15	-	-
1544	ちぎる	V	938	0	0	87	55	141	60	141	401	53	-	-
1545	引きずる	V	938	86	11	154	54	138	93	6	358	38	-	-
1546	おおう	V	937	0	2	0	431	363	5	6	6	124	-	-
1547	経つ	V	936	44	64	513	30	19	3	0	119	144	-	-
1548	真っ赤	S	935	0	0	94	91	11	196	44	476	23	-	-
1549	かなう	V	934	0	1	249	95	73	61	12	17	426	-	-
1550	湧く	V	929	0	0	98	231	122	111	0	327	40	-	-
1551	サイバー	S	925	0	0	12	0	80	0	0	0	833	-	-
1552	地味	S	925	0	0	674	36	61	16	4	72	62	-	-
1553	釣れる	V	925	0	0	538	44	12	93	180	53	5	-	-
1554	引ける	V	923	247	175	162	53	36	15	156	76	3	-	-
1555	強力	S	923	17	0	53	1	62	5	0	50	735	-	-
1556	持ち直す	V	922	0	0	41	14	9	95	8	743	12	-	-
1557	望ましい	A	922	434	1	3	5	314	1	12	0	152	-	-
1558	やわらげる	V	920	0	0	7	278	176	28	0	426	5	-	-
1559	祀る	V	918	0	0	0	3	44	0	0	0	871	-	-
1560	窮屈	S	917	0	1	524	89	38	7	2	248	8	-	-
1561	腰かける	V	914	0	0	1	39	1	449	1	412	11	-	-
1562	舐める	V	913	0	0	113	8	12	19	2	738	21	-	-
1563	就く	V	912	0	0	7	10	151	7	15	4	718	-	-
1564	過度	S	912	382	2	3	37	341	0	3	0	144	-	-
1565	澄ます	V	911	0	0	3	165	10	475	2	251	5	-	-
1566	制する	V	909	0	0	1	8	37	2	37	5	819	-	-
1567	沈める	V	909	0	2	34	85	51	45	10	612	70	-	-
1568	乗り入れる	V	907	0	0	6	1	27	0	18	1	854	-	-
1569	シンプル	S	906	76	74	339	12	22	0	2	0	381	-	-
1570	寝かせる	V	905	1	0	190	52	176	27	81	365	13	-	-
1571	薄まる	V	904	0	0	65	68	174	9	3	580	5	-	-
1572	ユニーク	S	903	240	419	0	0	16	1	0	0	227	-	-
1573	厳格	S	903	704	15	0	8	20	1	0	0	155	-	-
1574	落ち込む	V	900	0	0	235	246	284	43	4	25	63	-	yes
1575	塗り直す	V	897	0	0	119	29	145	62	263	277	2	-	-
1576	がんばる	V	896	1	0	188	113	207	29	0	15	343	-	-
1577	擦る	V	896	0	0	46	25	17	28	0	756	24	-	-
1578	大幅	S	889	74	14	18	9	114	3	3	18	636	-	-
1579	頼りない	A	888	0	0	30	95	7	12	0	737	7	-	-
1580	しびれる	V	887	0	0	149	20	78	5	3	620	12	-	-
1581	伺える	V	887	0	0	750	0	135	0	0	0	2	-	-
1582	火照る	V	887	0	0	1	103	0	2	0	781	0	-	-
1583	煮立つ	V	886	0	0	68	195	78	37	97	411	0	-	-
1584	差し支える	V	883	2	0	626	5	237	0	4	1	8	-	-
1585	絶える	V	883	0	0	4	91	56	31	0	574	127	-	-
1586	こらえる	V	882	0	0	22	120	32	204	17	486	1	-	-
1587	唱える	V	881	0	0	20	53	122	130	24	54	478	-	yes
1588	流れ出す	V	878	0	0	1	89	114	88	2	527	57	-	-
1589	要する	V	871	107	3	36	29	170	3	42	3	478	-	-
1590	みえる	V	870	0	3	0	2	6	16	0	0	843	-	-
1591	悲しい	A	867	0	0	113	385	210	44	3	40	72	-	-
1592	渡れる	V	867	0	0	51	67	77	156	478	30	8	-	-
1593	訴える	V	867	0	0	64	30	113	55	175	60	370	-	-
1594	吹き出す	V	864	0	0	124	49	103	113	2	457	16	-	-
1595	引き返す	V	864	0	0	102	31	116	268	61	259	27	-	-
1596	駆け込む	V	863	0	0	74	54	17	401	16	295	6	-	-
1597	あり	V	860	2	5	22	40	21	5	0	1	764	-	-
1598	素直	S	860	77	54	215	210	52	41	0	148	63	-	-
1599	粗い	A	855	108	17	44	51	284	2	10	207	132	-	-
1600	際する	V	854	1	0	0	0	62	0	10	0	781	-	-
1601	治る	V	853	0	0	481	26	209	18	35	65	19	-	-
1602	きよい	A	852	0	0	1	1	1	9	1	0	839	-	-
1603	死ぬ	V	852	6	0	30	22	83	4	28	0	679	-	-
1604	あったかい	A	851	0	0	706	43	60	8	0	18	16	-	-
1605	吊るす	V	849	0	0	30	75	53	183	66	384	58	-	-
1606	思いがける	V	847	3	0	93	223	118	265	0	125	20	-	-
1607	立ち上げる	V	847	29	11	46	3	40	0	0	19	699	-	-
1608	抜き出す	V	845	64	690	17	0	25	2	10	2	35	-	-
1609	はじく	V	842	0	1	101	251	233	21	18	196	21	-	-
1610	透き通る	V	839	0	0	31	67	14	31	9	669	18	-	-
1611	ひっくり返る	V	838	0	1	670	12	19	44	2	86	4	-	-
1612	堅い	A	837	2	2	583	80	55	6	7	29	73	-	-
1613	ふ	V	836	0	1	2	25	0	7	0	11	790	-	-
1614	つとめる	V	835	0	0	0	1	21	2	0	0	811	-	-
1615	利く	V	834	0	0	476	82	44	17	49	97	69	-	-
1616	踏み固める	V	834	0	0	1	39	18	31	25	717	3	-	-
1617	ハッピー	S	833	0	0	22	6	11	14	0	0	780	-	-
1618	植え替える	V	833	0	0	54	58	420	44	176	76	5	-	-
1619	煮詰める	V	832	0	0	152	88	240	4	222	101	25	-	-
1620	密	S	830	95	162	3	32	115	4	13	14	392	-	-
1621	ひそめる	V	828	0	0	5	91	4	401	6	317	4	-	-
1622	力強い	A	828	0	0	9	236	98	18	5	321	141	-	-
1623	辞める	V	824	0	0	145	12	404	64	37	1	161	-	-
1624	すりおろす	V	823	0	0	59	169	233	14	227	109	12	-	-
1625	練る	V	822	0	0	28	92	317	18	101	133	133	-	-
1626	弱め	S	821	0	0	564	17	147	2	0	88	3	-	-
1627	当てはまる	V	821	164	52	25	6	204	2	260	0	108	-	-
1628	ふかふか	S	820	0	0	32	60	30	49	4	644	1	-	-
1629	間違う	V	820	177	47	268	25	116	14	13	25	135	-	-
1630	せる	V	819	0	2	6	11	3	2	1	1	793	-	-
1631	まねる	V	819	3	3	11	125	223	244	86	100	24	-	-
1632	下す	V	819	0	0	3	8	23	1	18	0	766	-	-
1633	つどう	V	818	0	0	0	1	0	0	0	0	817	-	-
1634	温暖	S	818	0	2	8	18	396	3	8	0	383	-	-
1635	笑える	V	816	0	0	537	67	78	30	5	64	35	-	-
1636	運び込む	V	816	0	0	61	7	11	86	441	196	14	-	-
1637	剥がれる	V	815	0	0	116	14	61	32	5	556	31	-	-
1638	抱き上げる	V	812	0	0	68	4	89	167	31	452	1	-	-
1639	採れる	V	809	2	1	92	52	93	143	133	246	47	-	-
1640	蒸れる	V	809	0	0	133	41	101	2	0	532	0	-	-
1641	吹き抜ける	V	808	0	0	8	211	1	70	2	509	7	-	-
1642	特有	S	806	88	2	0	17	181	0	0	46	472	-	-
1643	はく	V	803	0	0	14	287	19	32	2	147	302	-	-
1644	委ねる	V	803	481	49	8	6	122	4	38	0	95	-	-
1645	遊べる	V	803	1	0	326	154	97	38	81	61	45	-	-
1646	積み上げる	V	800	75	75	8	88	55	91	16	321	71	-	-
1647	さする	V	799	0	0	13	24	7	42	0	712	1	-	-
1648	読み出す	V	799	649	125	0	4	12	0	0	0	9	-	-
1649	きせる	V	798	177	58	0	3	2	2	0	1	555	-	-
1650	豊富	S	798	1	3	20	37	73	0	21	2	641	-	-
1651	演じる	V	797	0	0	3	19	34	16	17	0	708	-	-
1652	あてる	V	796	0	1	18	11	11	42	6	3	704	-	-
1653	跳ね返る	V	796	0	0	5	52	69	33	1	623	13	-	-
1654	すてき	S	795	0	3	262	42	305	15	0	1	167	-	-
1655	ほそい	A	794	0	1	0	17	0	42	0	3	731	-	-
1656	尽きる	V	794	295	85	56	147	53	84	3	40	31	-	-
1657	挽く	V	794	0	0	371	80	43	45	43	167	45	-	-
1658	いかい	A	791	0	2	0	1	0	0	0	0	788	-	-
1659	たどれる	V	791	438	232	7	44	54	2	6	4	4	-	-
1660	建つ	V	791	0	0	15	17	59	55	39	10	596	-	-
1661	つかめる	V	790	83	4	112	71	211	46	96	128	39	-	-
1662	紛れる	V	790	173	13	139	38	19	81	7	310	10	-	-
1663	遭う	V	790	11	0	55	80	279	21	84	52	208	-	-
1664	みせる	V	788	0	6	11	42	1	3	4	6	715	-	-
1665	言い切れる	V	786	19	0	540	3	22	2	189	3	8	-	-
1666	こじる	V	785	0	0	45	4	4	12	0	4	716	-	-
1667	取りかかる	V	785	6	0	219	100	289	31	43	93	4	-	-
1668	殺す	V	784	3	0	0	1	55	14	6	7	698	-	-
1669	速める	V	784	360	8	2	26	147	61	0	175	5	-	-
1670	回せる	V	778	106	4	348	36	71	8	86	119	0	-	-
1671	みつ	V	776	0	3	0	10	5	0	0	0	758	-	-
1672	応える	V	776	4	0	51	65	77	238	32	123	186	-	-
1673	鮮明	S	776	1	1	22	67	54	11	18	521	81	-	-
1674	おかしい	A	775	25	99	113	53	166	3	0	93	223	-	-
1675	広大	S	774	0	0	0	9	293	0	0	1	471	-	-
1676	歪む	V	774	5	0	135	24	75	27	1	426	81	-	-
1677	詠む	V	774	0	0	17	57	243	10	299	0	148	-	-
1678	たかい	A	773	0	3	3	52	0	7	0	0	708	-	-
1679	吹き消す	V	772	0	0	117	27	8	355	148	115	2	-	-
1680	真っ暗	S	772	0	0	360	18	30	65	1	295	3	-	-
1681	広める	V	770	3	0	54	28	291	36	4	1	353	-	-
1682	隔てる	V	770	0	0	2	17	321	10	2	5	413	-	-
1683	下回る	V	769	61	36	22	43	104	1	378	23	101	-	-
1684	思いつく	V	769	1	0	243	100	199	144	2	43	37	-	-
1685	治める	V	769	0	0	7	1	478	3	0	0	280	-	-
1686	青臭い	A	767	0	0	0	0	14	0	0	749	4	-	-
1687	移せる	V	766	423	23	155	12	78	6	38	30	1	-	-
1688	見合わせる	V	765	0	0	77	23	76	194	141	245	9	-	-
1689	録る	V	765	1	0	181	121	300	74	29	34	25	-	-
1690	や	S	764	0	14	111	20	11	1	5	0	602	-	-
1691	かまう	V	762	29	9	65	10	487	7	3	1	151	-	-
1692	腰掛ける	V	762	0	0	5	20	5	52	21	646	13	-	-
1693	交える	V	761	0	10	34	11	454	6	1	31	214	-	-
1694	乗り込む	V	760	0	0	17	24	26	193	48	372	80	-	-
1695	見渡す	V	760	33	4	3	94	80	154	9	335	48	-	-
1696	飛べる	V	760	6	0	14	21	102	71	460	9	77	-	-
1697	擁する	V	759	0	0	0	0	5	0	0	0	754	-	-
1698	有数	S	759	0	0	0	0	44	0	0	0	715	-	-
1699	ごうする	V	758	0	0	0	0	0	0	0	0	758	-	-
1700	わかい	A	758	0	7	0	119	4	49	13	0	566	-	-
1701	のぞき込む	V	756	0	0	8	38	9	211	0	488	2	-	-
1702	号する	V	756	0	0	0	0	0	0	0	0	756	-	-
1703	回れる	V	756	0	0	629	8	83	9	8	14	5	-	-
1704	遣う	V	756	0	0	638	25	46	5	4	29	9	-	-
1705	おもしろい	A	755	0	0	104	22	402	4	0	30	193	-	-
1706	ちらつく	V	755	19	0	134	26	38	32	1	499	6	-	-
1707	よす	V	755	0	0	7	66	0	8	2	7	665	-	-
1708	クール	S	754	0	0	14	36	87	0	13	0	604	-	-
1709	取り替える	V	754	0	0	99	40	81	40	202	264	28	-	-
1710	惜しむ	V	754	0	0	23	194	27	245	8	226	31	-	-
1711	歩き回る	V	753	0	1	272	91	79	47	16	226	21	-	-
1712	つぶやく	V	752	0	0	1	72	2	289	0	375	13	-	-
1713	滴る	V	752	0	0	9	56	3	24	0	650	10	-	-
1714	たける	V	751	0	5	0	6	1	33	6	0	700	-	-
1715	ぐらつく	V	750	0	0	98	34	58	48	9	499	4	-	-
1716	かぐ	V	748	1	1	18	73	32	44	3	249	327	-	-
1717	取り除ける	V	748	146	364	21	68	108	2	25	13	1	-	-
1718	見下ろす	V	748	0	0	3	100	12	165	25	279	164	-	-
1719	くだける	V	747	0	0	268	89	356	1	0	2	31	-	-
1720	打ち明ける	V	746	0	0	4	162	22	475	35	26	22	-	-
1721	漏らす	V	746	482	24	13	46	48	10	36	61	26	-	-
1722	盗む	V	745	2	1	43	29	257	79	164	1	169	-	-
1723	瞬く	V	745	0	0	0	95	18	292	0	317	23	-	-
1724	平たい	A	742	0	0	31	48	223	65	13	238	124	-	-
1725	評す	V	740	0	0	0	2	3	1	4	0	730	-	-
1726	すばやい	A	738	168	20	1	152	164	30	6	168	29	-	-
1727	書き添える	V	737	19	0	25	34	31	213	29	382	4	-	-
1728	スロー	S	736	18	6	5	27	294	1	44	0	341	-	-
1729	切り落とす	V	734	22	82	10	17	78	16	122	323	64	-	-
1730	騒ぐ	V	734	0	0	379	61	71	70	46	55	52	-	-
1731	潜る	V	733	4	3	25	63	108	86	156	242	46	-	yes
1732	肌寒い	A	733	0	0	380	100	16	14	1	221	1	-	-
1733	大まか	S	732	214	3	90	7	247	1	2	1	167	-	-
1734	くろい	A	730	0	0	0	8	0	0	0	0	722	-	-
1735	はる	V	729	0	8	19	35	6	3	0	2	656	-	-
1736	まずい	A	729	0	3	505	3	130	2	61	5	20	-	-
1737	切り取る	V	729	14	32	14	44	264	38	145	101	77	-	-
1738	栄える	V	729	0	0	2	10	381	1	0	0	335	-	-
1739	振る舞う	V	728	146	57	14	56	173	61	140	3	78	-	yes
1740	羽ばたく	V	728	0	0	10	57	36	234	44	329	18	-	-
1741	唸る	V	727	0	0	7	29	12	22	0	648	9	-	-
1742	泳げる	V	726	0	0	51	54	96	14	462	32	17	-	-
1743	透かす	V	725	0	0	1	59	36	47	8	567	7	-	yes
1744	叫ぶ	V	724	0	0	44	83	61	263	0	174	99	-	-
1745	ふさがる	V	722	6	0	384	42	95	49	25	117	4	-	-
1746	走り回る	V	722	0	0	271	112	44	39	11	228	17	-	-
1747	とし	A	721	0	0	0	0	13	1	0	0	707	-	-
1748	飽きる	V	720	0	0	313	64	166	18	2	139	18	-	-
1749	まぶす	V	719	0	0	63	110	170	32	68	191	85	-	-
1750	明かす	V	719	40	1	10	36	106	245	52	5	224	-	-
1751	かしげる	V	718	0	0	61	78	0	398	0	160	21	-	-
1752	しろい	A	718	0	10	1	39	0	12	0	0	656	-	-
1753	むせる	V	718	0	0	65	29	100	12	0	511	1	-	-
1754	見回す	V	718	0	0	12	5	4	257	13	425	2	-	-
1755	愛する	V	715	0	0	1	9	24	8	3	0	670	-	-
1756	押し上げる	V	715	61	1	10	82	162	80	22	245	52	-	-
1757	禁ずる	V	713	22	0	1	1	121	5	293	0	270	-	-
1758	入れ直す	V	712	48	13	369	7	54	39	13	169	0	-	-
1759	しく	V	711	0	3	5	26	0	0	0	1	676	-	-
1760	つややか	S	711	0	0	0	94	6	5	0	604	2	-	-
1761	頬張る	V	710	0	0	0	58	1	81	0	569	1	-	yes
1762	迷い込む	V	703	0	0	6	16	5	600	12	40	24	-	-
1763	あかい	A	702	0	40	1	87	1	31	0	0	542	-	-
1764	起き上がる	V	702	0	0	45	19	12	63	15	536	12	-	-
1765	きょうこ	S	701	0	1	2	0	0	59	66	0	573	-	-
1766	こんな	S	701	0	0	406	51	5	15	1	156	67	-	-
1767	まぎれる	V	700	0	1	31	89	33	259	1	284	2	-	-
1768	はぐれる	V	698	0	0	44	34	247	261	13	52	47	-	-
1769	満たせる	V	698	579	11	6	4	30	4	45	11	8	-	-
1770	軽め	S	698	0	0	641	1	45	2	0	4	5	-	-
1771	はがれる	V	697	0	0	84	38	131	39	87	312	6	-	-
1772	あおぐ	V	696	0	3	7	100	22	73	19	437	35	-	-
1773	とどめる	V	695	212	10	18	62	251	5	14	20	103	-	-
1774	茹でる	V	694	0	0	141	21	18	12	106	276	120	-	-
1775	買わす	V	694	0	0	3	2	0	0	688	0	1	-	-
1776	かさばる	V	693	0	0	443	38	15	2	9	181	5	-	-
1777	ふける	V	693	0	0	4	23	0	0	2	13	651	-	-
1778	危うい	A	693	4	0	532	30	6	27	0	77	17	-	-
1779	はぜる	V	691	0	0	0	78	1	105	0	495	12	-	-
1780	祈る	V	690	0	0	274	79	144	20	7	39	127	-	-
1781	スムーズ	S	689	6	0	458	25	114	0	1	0	85	-	-
1782	切り抜く	V	688	0	0	9	10	120	17	463	54	15	-	-
1783	有利	S	688	311	4	12	24	146	1	19	0	171	-	-
1784	流れ出る	V	688	0	0	7	94	223	10	4	285	65	-	-
1785	活発	S	685	4	0	24	80	185	0	3	23	366	-	-
1786	ひさしい	A	684	0	2	504	11	9	3	0	2	153	-	-
1787	鈍る	V	684	2	0	34	124	70	8	17	418	11	-	-
1788	引き締まる	V	683	0	0	20	74	13	1	3	564	8	-	-
1789	誇らしい	A	682	0	0	61	113	2	176	0	329	1	-	-
1790	ぶれる	V	680	99	15	99	90	93	10	2	247	25	-	-
1791	こむ	V	678	0	23	2	16	2	3	0	43	589	-	-
1792	担ぐ	V	678	0	0	27	168	62	53	0	305	63	-	yes
1793	ひろい	A	677	0	0	0	70	2	9	0	0	596	-	-
1794	待たす	V	673	234	3	53	35	4	3	329	11	1	-	-
1795	深める	V	673	2	0	8	75	204	37	0	85	262	-	-
1796	結べる	V	673	21	2	381	14	49	37	93	70	6	-	-
1797	香る	V	673	0	0	32	158	18	60	0	391	14	-	-
1798	わたす	V	672	0	489	7	57	22	41	2	0	54	-	-
1799	使い回す	V	670	437	25	32	14	136	1	0	23	2	-	-
1800	引き立てる	V	668	0	0	4	85	92	15	9	450	13	-	-
1801	追い出す	V	667	186	196	24	43	31	6	10	81	90	-	-
1802	ふむ	V	666	0	1	9	24	4	2	1	17	608	-	-
1803	率直	S	666	0	0	329	142	147	18	4	2	24	-	-
1804	踏み出す	V	666	0	0	6	48	71	234	4	281	22	-	-
1805	参る	V	664	0	0	392	66	166	15	0	15	10	-	-
1806	おおい	A	663	0	1	0	5	4	0	0	0	653	-	-
1807	霞む	V	663	0	0	15	296	1	12	0	331	8	-	-
1808	黒ずむ	V	663	0	0	3	5	66	1	0	581	7	-	-
1809	プリミティブ	S	662	570	56	0	0	0	0	0	0	36	-	-
1810	知らす	V	662	0	0	2	23	12	75	490	21	39	-	-
1811	こる	V	661	0	2	376	82	50	4	0	94	53	-	-
1812	聞き分ける	V	661	0	0	37	51	240	58	137	133	5	-	-
1813	どける	V	660	0	0	92	31	31	210	22	261	13	-	-
1814	読み戻す	V	660	357	302	0	0	1	0	0	0	0	-	-
1815	しなる	V	659	0	0	5	43	5	37	8	490	71	-	-
1816	呼び止める	V	659	0	0	104	13	3	122	278	133	6	-	-
1817	適正	S	659	9	1	49	28	176	3	1	0	392	-	-
1818	掛け直す	V	658	0	6	16	7	10	76	2	541	0	-	-
1819	欠かせる	V	658	147	3	34	59	181	61	16	65	92	-	-
1820	見誤る	V	657	43	0	22	13	22	12	16	525	4	-	-
1821	速やか	S	657	77	2	12	6	466	1	4	0	89	-	-
1822	真っ黒	S	653	0	0	233	15	27	25	4	338	11	-	-
1823	たとえる	V	652	3	0	18	351	214	2	1	3	60	-	-
1824	アクティブ	S	652	208	22	2	0	127	0	0	0	293	-	-
1825	尖る	V	651	0	0	20	34	58	7	20	355	157	-	-
1826	引き抜く	V	651	0	0	66	6	72	72	9	387	39	-	-
1827	仕分ける	V	649	0	20	64	36	22	80	204	192	31	-	-
1828	消せる	V	646	169	61	95	69	112	48	48	39	5	-	-
1829	うるさい	A	642	0	0	277	24	213	16	11	73	28	-	-
1830	高め	S	640	11	1	320	20	209	0	5	50	24	-	-
1831	あわてる	V	637	0	0	59	164	78	169	5	152	10	-	-
1832	器用	S	637	0	0	150	107	37	77	19	165	82	-	-
1833	探し回る	V	636	12	1	102	43	50	77	1	348	2	-	-
1834	くすむ	V	635	0	0	58	22	51	6	0	409	89	-	-
1835	炊き込む	V	634	0	0	282	30	146	2	86	51	37	-	-
1836	健全	S	633	163	5	0	13	68	0	12	0	372	-	-
1837	打ち切る	V	633	374	85	1	10	6	5	10	0	142	-	-
1838	通じる	V	632	89	0	110	26	117	13	6	8	263	-	-
1839	染み込む	V	631	0	0	11	29	48	9	3	515	16	-	-
1840	張りつめる	V	630	0	0	4	136	5	49	0	436	0	-	-
1841	炊ける	V	629	0	0	309	44	70	11	91	104	0	-	-
1842	燃やす	V	628	0	0	15	109	216	56	67	104	61	-	-
1843	眩しい	A	628	0	0	25	22	2	11	0	555	13	-	-
1844	持ち上がる	V	626	0	0	61	22	34	61	1	409	38	-	-
1845	気遣う	V	624	0	0	181	49	236	33	7	113	5	-	-
1846	炊き上がる	V	624	0	0	285	78	140	11	29	77	4	-	-
1847	先立つ	V	621	11	0	0	4	56	1	172	0	377	-	-
1848	転がり出る	V	621	0	0	0	16	0	389	0	216	0	-	-
1849	毛羽立つ	V	620	0	0	15	33	93	2	0	471	6	-	-
1850	おろす	V	619	0	3	78	155	52	64	155	58	54	-	-
1851	散らかる	V	619	9	33	159	89	131	19	19	160	0	-	-
1852	送出す	V	619	317	293	0	0	0	0	0	0	9	-	-
1853	刈り取る	V	616	0	0	0	35	33	18	345	168	17	-	-
1854	持ち運ぶ	V	616	27	0	210	58	237	6	2	56	20	-	-
1855	潤う	V	616	0	0	23	39	4	28	0	516	6	-	-
1856	旅立つ	V	614	0	0	26	82	24	389	13	39	41	-	-
1857	まるい	A	613	0	11	12	188	7	275	3	7	110	-	-
1858	明ける	V	613	0	0	114	159	113	74	18	88	47	-	-
1859	しのぐ	V	612	0	0	69	167	55	43	26	182	70	-	-
1860	掛け合わせる	V	612	73	401	0	25	20	0	0	0	93	-	-
1861	適度	S	612	34	1	9	89	416	2	3	7	51	-	-
1862	あたためる	V	610	0	0	156	234	31	135	7	33	14	-	-
1863	はためく	V	608	0	0	1	122	1	140	34	304	6	-	-
1864	結構	S	607	0	0	571	11	15	2	0	1	7	-	-
1865	待ち遠しい	A	606	0	0	170	55	130	57	3	189	2	-	-
1866	手短	S	606	15	4	537	12	16	0	3	15	4	-	-
1867	捕る	V	605	0	0	1	95	186	11	279	11	22	-	-
1868	持ち寄る	V	604	1	0	140	26	22	262	90	44	19	-	-
1869	のびる	V	603	0	1	40	206	57	98	1	48	152	-	-
1870	健やか	S	601	0	0	14	169	377	2	4	12	23	-	-
1871	勤める	V	601	0	0	17	5	15	15	69	2	478	-	-
1872	泡立つ	V	601	0	0	30	108	72	25	2	361	3	-	-
1873	滲む	V	601	0	0	4	33	0	37	0	522	5	-	-
1874	まれ	S	600	98	4	4	7	53	0	2	0	432	-	-
1875	切り下げる	V	600	64	529	0	0	0	0	0	0	7	-	-
1876	広め	S	599	22	2	461	6	50	0	0	45	13	-	-
1877	たどり着く	V	598	12	3	35	83	28	334	15	31	57	-	-
1878	深刻	S	597	52	0	55	29	163	5	0	1	292	-	-
1879	除ける	V	597	116	392	2	8	27	3	24	23	2	-	-
1880	名づける	V	595	0	0	0	1	32	174	3	1	384	-	-
1881	たいら	S	594	0	0	0	4	0	0	0	0	590	-	-
1882	熱心	S	594	0	0	137	112	14	37	63	26	205	-	-
1883	申し込める	V	594	2	0	207	2	240	1	140	0	2	-	-
1884	馴染む	V	594	4	0	55	20	11	16	0	473	15	-	-
1885	履き替える	V	593	0	0	184	21	2	10	77	297	2	-	-
1886	押し戻す	V	593	23	0	16	9	9	123	46	361	6	-	-
1887	しのぶ	V	591	0	0	1	55	246	1	2	3	283	-	-
1888	密接	S	591	38	0	0	1	37	0	0	0	515	-	-
1889	引き締める	V	591	0	0	5	102	49	1	4	420	10	-	-
1890	ばれる	V	590	0	0	407	46	43	6	0	38	50	-	-
1891	ずらせる	V	589	4	3	564	0	9	1	2	4	2	-	-
1892	あんな	S	588	0	0	191	4	150	26	14	31	172	-	-
1893	心細い	A	588	0	0	159	123	42	50	0	214	0	-	-
1894	流れ落ちる	V	588	0	0	2	81	41	12	4	421	27	-	-
1895	ダル	S	587	0	0	1	0	3	0	0	0	583	-	-
1896	紛らわしい	A	587	143	40	324	2	26	1	1	3	47	-	-
1897	縮こまる	V	587	0	0	0	6	0	1	0	580	0	-	-
1898	剥がす	V	586	0	0	84	14	45	45	29	337	32	-	-
1899	早まる	V	585	38	0	272	94	16	10	61	85	9	-	-
1900	しみ込む	V	584	0	0	11	120	168	12	10	257	6	-	-
1901	摂る	V	583	0	0	10	16	525	0	5	4	23	-	-
1902	歩き疲れる	V	583	0	0	73	66	44	35	10	355	0	-	-
1903	稀	S	583	20	0	0	2	4	0	0	1	556	-	-
1904	遡る	V	583	50	17	0	9	7	1	0	0	499	-	-
1905	まろやか	S	582	0	0	167	51	57	6	10	277	14	-	-
1906	こすり合わせる	V	581	0	0	0	28	41	15	0	497	0	-	-
1907	頷く	V	580	0	0	0	11	3	116	0	448	2	-	-
1908	見事	S	578	0	0	168	153	33	80	5	46	93	-	-
1909	言い直す	V	578	0	0	153	74	152	53	55	90	1	-	-
1910	つむ	V	577	0	3	1	20	1	1	0	23	528	-	-
1911	捧げる	V	577	0	0	0	5	88	9	0	0	475	-	-
1912	さえぎる	V	574	0	0	97	239	123	24	49	32	10	-	-
1913	そらす	V	574	0	0	245	49	77	58	7	120	18	-	-
1914	揉む	V	574	0	0	111	72	55	3	20	294	19	-	-
1915	とかす	V	573	0	0	30	92	44	13	66	322	6	-	-
1916	パブリック	S	573	8	4	0	0	154	0	0	0	407	-	-
1917	売れ残る	V	570	0	1	23	8	1	284	169	77	7	-	-
1918	縛る	V	569	46	4	45	34	138	26	28	172	76	-	yes
1919	存ずる	V	568	0	0	453	0	107	0	0	0	8	-	-
1920	いふ	V	567	0	1	63	1	0	0	0	0	502	-	-
1921	くり返す	V	567	5	2	5	228	293	14	0	3	17	-	-
1922	寄りかかる	V	567	0	0	37	16	21	39	0	450	4	-	-
1923	まつわる	V	566	0	0	13	54	103	7	2	1	386	-	-
1924	食う	V	566	1	1	50	106	253	9	12	45	89	-	-
1925	交わる	V	565	2	2	4	42	222	21	7	7	258	-	-
1926	溜まる	V	565	3	4	46	3	2	9	0	439	59	-	-
1927	焦げつく	V	565	0	0	108	60	107	6	40	242	2	-	-
1928	付け替える	V	564	289	148	20	6	6	10	56	14	15	-	-
1929	顕著	S	563	0	0	0	0	23	0	0	0	540	-	-
1930	呼び分ける	V	561	77	5	4	2	418	0	3	0	52	-	-
1931	持ち帰れる	V	560	0	0	228	18	46	35	143	90	0	-	-
1932	明快	S	560	444	53	5	17	10	1	0	1	29	-	-
1933	なぐ	V	559	0	0	1	3	1	1	0	0	553	-	-
1934	ふかい	A	559	0	5	0	7	0	2	0	0	545	-	-
1935	襲う	V	558	0	0	3	19	85	14	80	4	353	-	-
1936	計る	V	558	43	49	125	53	134	10	42	42	60	-	-
1937	うく	V	557	0	4	1	6	0	3	0	0	543	-	-
1938	だいじ	S	557	0	0	0	23	1	3	0	0	530	-	-
1939	映り込む	V	557	1	0	30	109	33	94	0	281	9	-	-
1940	以つ	V	556	0	0	0	0	3	0	0	0	553	-	-
1941	博する	V	556	0	0	0	0	0	0	0	0	556	-	-
1942	ちゃう	V	555	0	0	517	5	7	0	0	0	26	-	-
1943	つかる	V	555	0	0	40	168	91	17	27	173	39	-	-
1944	もたれる	V	555	0	0	76	7	6	52	0	408	6	-	-
1945	偉大	S	555	0	0	2	2	3	0	0	0	548	-	-
1946	凍りつく	V	555	0	0	0	22	31	34	0	456	12	-	-
1947	はやい	A	553	0	31	258	43	16	20	0	0	185	-	-
1948	覗く	V	553	9	7	70	29	4	193	0	190	51	-	-
1949	勝てる	V	552	0	0	301	37	18	6	105	11	74	-	-
1950	緩い	A	552	61	1	81	31	41	11	17	238	71	-	-
1951	ついばむ	V	551	0	0	3	47	15	156	69	259	2	-	-
1952	ぼかす	V	551	1	0	99	61	115	25	0	238	12	-	-
1953	置き直す	V	551	17	0	70	3	21	74	20	346	0	-	-
1954	隠せる	V	551	304	1	70	47	26	19	33	45	6	-	-
1955	組み直す	V	550	98	20	180	17	62	41	15	115	2	-	-
1956	さびる	V	548	0	0	7	94	157	180	33	67	10	-	-
1957	織る	V	547	0	1	6	37	347	32	22	5	97	-	-
1958	はるか	S	546	1	5	1	23	67	33	7	0	409	-	-
1959	円滑	S	546	14	0	5	76	177	0	1	0	273	-	-
1960	反る	V	546	0	0	25	15	85	2	8	390	21	-	-
1961	増やせる	V	545	119	64	79	32	232	3	7	5	4	-	-
1962	しぼる	V	544	1	0	29	109	256	25	6	60	58	-	-
1963	焚く	V	543	0	0	23	142	231	20	0	92	35	-	-
1964	こだわる	V	542	2	1	177	22	200	15	6	10	109	-	-
1965	役立てる	V	542	99	1	27	112	207	27	1	3	65	-	-
1966	荒い	A	542	0	0	32	48	40	13	1	216	192	-	-
1967	前向き	S	541	20	14	167	98	133	6	26	18	59	-	-
1968	補える	V	541	106	12	39	99	258	2	12	10	3	-	-
1969	差し入れる	V	540	0	0	49	35	45	90	110	203	8	-	-
1970	熟す	V	540	0	0	5	171	158	37	38	86	45	-	-
1971	選び直す	V	539	151	3	69	10	98	65	35	107	1	-	-
1972	ロマンティック	S	538	0	0	0	0	3	0	0	0	535	-	-
1973	課す	V	538	30	1	2	7	247	0	40	0	211	-	-
1974	振り込む	V	537	0	0	391	29	80	0	15	6	16	-	-
1975	たわむ	V	536	0	0	18	20	22	18	5	436	17	-	-
1976	頑丈	S	536	0	1	24	23	299	22	3	95	69	-	-
1977	作らす	V	535	0	0	0	0	0	0	533	0	2	-	-
1978	色鮮やか	S	535	0	0	5	97	28	53	22	296	34	-	-
1979	むける	V	534	0	0	62	48	71	32	22	150	149	-	-
1980	暖か	S	534	0	0	3	123	3	53	18	328	6	-	-
1981	著しい	A	534	1	0	6	0	92	0	0	0	435	-	-
1982	恋しい	A	532	0	0	98	55	13	28	0	318	20	-	-
1983	模する	V	532	66	22	0	2	21	8	6	4	403	-	-
1984	停まる	V	531	0	0	173	30	57	32	131	99	9	-	-
1985	積み重ねる	V	531	82	10	26	77	107	26	17	131	55	-	-
1986	くらむ	V	530	0	0	6	22	4	4	0	109	385	-	-
1987	吹きつける	V	530	0	0	16	101	30	27	8	341	7	-	-
1988	奇妙	S	530	0	0	0	8	7	16	0	7	492	-	-
1989	書き直せる	V	530	9	474	26	4	0	4	5	6	2	-	-
1990	引っかく	V	529	0	0	34	14	55	56	8	357	5	-	-
1991	暖まる	V	528	1	0	61	126	39	15	2	280	4	-	-
1992	足せる	V	528	81	127	235	23	43	3	5	11	0	-	-
1993	できあがる	V	527	4	3	139	56	58	141	21	85	20	-	-
1994	のむ	V	527	0	0	8	83	6	142	4	205	79	-	-
1995	冴える	V	526	0	0	91	87	9	2	0	310	27	-	-
1996	刷る	V	526	0	0	114	17	352	12	15	6	10	-	-
1997	正す	V	525	182	50	10	148	14	31	0	63	27	-	-
1998	絞り込める	V	525	428	69	7	1	18	0	1	0	1	-	-
1999	ほす	V	523	0	94	0	33	0	3	0	0	393	-	-
2000	押し返す	V	523	0	0	5	17	29	50	28	390	4	-	-
2001	吐き出す	V	518	1	0	31	33	80	20	0	325	28	-	-
2002	拒む	V	518	146	49	4	10	94	7	129	2	77	-	-
2003	振り返す	V	517	0	0	5	0	0	343	3	166	0	-	-
2004	白し	A	517	0	0	1	483	0	0	0	3	30	-	-
2005	ゆるやか	S	516	4	0	8	103	146	71	0	136	48	-	-
2006	つかう	V	515	0	0	98	35	66	17	41	55	203	-	-
2007	繋がる	V	515	1	0	3	0	1	1	0	0	509	-	-
2008	ゆがむ	V	512	0	0	85	29	76	41	24	235	22	-	-
2009	聞き違える	V	512	0	0	125	106	14	39	12	216	0	-	-
2010	見とれる	V	511	0	0	26	124	2	63	0	295	1	-	-
2011	すれ違う	V	509	0	0	83	37	59	129	9	180	12	-	-
2012	乗り出す	V	509	0	0	42	15	16	94	2	269	71	-	-
2013	取り寄せる	V	509	0	0	110	0	22	6	354	0	17	-	-
2014	向き合う	V	509	0	0	33	71	238	57	1	22	87	-	-
2015	放す	V	509	0	0	23	33	76	178	102	76	21	-	-
2016	いじる	V	508	2	18	132	11	117	3	0	25	200	-	-
2017	強め	S	508	1	1	336	11	70	0	0	80	9	-	-
2018	描き足す	V	508	0	0	9	18	11	386	26	56	2	-	-
2019	描ける	V	508	1	0	132	35	52	61	156	34	37	-	-
2020	張り付く	V	506	4	3	15	12	56	11	10	376	19	-	-
2021	うつる	V	505	0	0	40	122	274	23	0	4	42	-	-
2022	薄め	S	505	0	0	349	3	67	3	5	73	5	-	-
2023	見渡せる	V	505	29	7	7	95	73	27	44	182	41	-	yes
2024	鍛える	V	505	0	0	93	111	134	4	5	39	119	-	-
2025	あきらめる	V	504	0	0	30	101	46	154	39	91	43	-	-
2026	たく	V	504	0	42	4	125	100	1	0	24	208	-	-
2027	ふるう	V	504	0	1	7	75	35	85	82	129	90	-	-
2028	跨る	V	504	0	0	0	0	0	0	0	0	504	-	-
2029	厚め	S	502	0	0	211	9	67	2	1	201	11	-	-
2030	賑やか	S	502	0	0	57	30	1	40	3	351	20	-	yes
2031	古びる	V	501	1	0	0	52	23	196	5	219	5	-	-
2032	吊る	V	501	0	0	20	26	26	103	12	210	104	-	-
2033	仕入れる	V	500	0	35	38	37	61	28	239	27	35	-	-
2034	係る	V	500	0	0	20	0	19	1	4	0	456	-	-
2035	逃れる	V	499	0	0	4	19	126	26	2	12	310	-	-
2036	打ち込む	V	498	0	0	6	64	82	14	73	133	126	-	-
2037	攻める	V	498	0	0	31	61	260	0	16	2	128	-	-
2038	裂く	V	498	0	0	11	88	50	41	89	191	28	-	-
2039	だく	V	497	0	1	0	1	0	0	0	0	495	-	-
2040	くべる	V	496	0	0	0	64	37	157	0	209	29	-	-
2041	まじめ	S	495	0	19	33	154	75	167	8	0	39	-	-
2042	取りやめる	V	495	50	5	37	8	39	23	259	43	31	-	-
2043	多大	S	495	0	0	0	0	1	0	0	0	494	-	-
2044	灯す	V	495	0	0	10	105	19	236	9	89	27	-	-
2045	通せる	V	495	33	4	63	26	30	8	279	50	2	-	-
2046	さばく	V	494	0	0	85	31	19	17	158	126	58	-	-
2047	取り込める	V	494	206	1	98	41	46	2	50	46	4	-	-
2048	沈み込む	V	494	0	0	4	8	316	3	0	87	76	-	-
2049	味わえる	V	493	0	0	73	129	121	20	14	122	14	-	-
2050	詰め替える	V	493	19	5	261	0	72	2	5	126	3	-	-
2051	すっぱい	A	492	0	0	15	108	58	72	0	234	5	-	-
2052	肝心	S	492	12	0	109	45	2	34	0	279	11	-	-
2053	軋む	V	492	0	0	1	33	0	51	0	404	3	-	-
2054	ごうかい	S	491	0	0	0	1	0	0	0	0	490	-	-
2055	ささやく	V	491	0	8	4	69	28	277	0	72	33	-	yes
2056	しずか	S	491	0	31	1	173	10	81	14	1	180	-	-
2057	低め	S	490	10	0	250	24	143	1	10	39	13	-	-
2058	彩る	V	490	0	0	1	277	39	44	11	41	77	-	-
2059	抱きしめる	V	490	0	0	9	33	3	152	44	120	129	-	-
2060	洗い出す	V	490	347	36	23	10	66	0	2	2	4	-	-
2061	活かす	V	489	39	3	29	17	53	6	0	0	342	-	-
2062	干せる	V	488	0	0	198	18	126	2	50	93	1	-	-
2063	ねぎらう	V	486	0	0	22	38	222	19	170	11	4	-	-
2064	やく	V	486	0	5	6	50	7	14	0	1	403	-	-
2065	応じる	V	486	25	11	12	48	307	10	29	8	36	-	-
2066	雇う	V	486	0	0	2	7	123	3	27	0	324	-	-
2067	きちょう	S	483	0	0	2	0	0	0	0	0	481	-	-
2068	またたく	V	483	0	2	0	150	10	239	0	73	9	-	-
2069	ゆずる	V	483	0	0	19	106	58	128	49	3	120	-	-
2070	号す	V	482	0	0	0	0	0	0	0	0	482	-	-
2071	吸いつく	V	480	0	0	2	11	5	10	0	452	0	-	-
2072	突き出す	V	480	0	0	1	15	270	6	2	30	156	-	-
2073	騒がしい	A	480	3	0	72	93	30	17	68	188	9	-	-
2074	うける	V	479	0	0	1	5	0	0	2	0	471	-	-
2075	こなす	V	479	1	2	36	46	26	7	17	2	342	-	-
2076	リッチ	S	479	1	0	3	16	8	0	0	0	451	-	-
2077	いぬ	V	478	2	152	1	7	0	5	0	0	311	-	-
2078	甘える	V	478	0	0	403	9	38	3	0	17	8	-	-
2079	かわく	V	476	0	0	26	103	16	0	0	6	325	-	-
2080	ほころぶ	V	476	0	0	2	106	7	132	0	226	3	-	-
2081	噴き出す	V	473	0	0	2	36	122	40	8	249	16	-	-
2082	暖める	V	473	1	0	53	127	109	16	24	120	23	-	-
2083	使い込む	V	472	0	0	52	50	11	13	2	342	2	-	-
2084	押し流す	V	472	1	0	1	21	28	23	22	373	3	-	-
2085	申し立てる	V	472	0	0	0	7	427	0	10	0	28	-	-
2086	乗り過ごす	V	471	0	0	259	16	66	10	35	85	0	-	-
2087	吹きこぼれる	V	471	0	0	93	87	90	18	5	175	3	-	-
2088	掘り出す	V	471	0	0	54	32	16	124	65	156	24	-	-
2089	貼り合わせる	V	469	9	0	1	23	41	1	359	17	18	-	-
2090	かがめる	V	468	0	0	6	9	3	54	0	392	4	-	-
2091	掃き集める	V	468	0	0	1	31	13	50	23	348	2	-	-
2092	急激	S	466	17	0	7	22	176	0	1	1	242	-	-
2093	戸惑う	V	466	16	2	236	51	58	32	4	48	19	-	yes
2094	持ち込める	V	466	18	0	165	3	77	6	183	12	2	-	-
2095	据える	V	466	1	0	11	54	81	55	3	56	205	-	-
2096	替わる	V	465	45	24	85	41	59	33	62	25	91	-	-
2097	申し上げる	V	465	0	0	312	0	140	0	1	1	11	-	-
2098	もむ	V	464	0	3	31	37	40	4	76	64	209	-	-
2099	モダン	S	464	0	0	0	2	10	0	0	0	452	-	-
2100	いたわる	V	463	0	0	51	124	164	64	0	58	2	-	-
2101	運び入れる	V	463	0	0	2	6	1	18	418	16	2	-	-
2102	仕立てる	V	462	0	0	13	56	165	37	91	28	72	-	-
2103	取り直す	V	462	168	6	180	10	18	21	21	38	0	-	-
2104	緩やか	S	462	10	2	43	30	102	8	25	64	178	-	-
2105	みがく	V	461	0	0	14	219	158	8	17	24	21	-	-
2106	宿る	V	461	0	0	30	85	36	172	0	79	59	-	yes
2107	賢い	A	461	0	0	290	37	37	25	11	6	55	-	-
2108	取り外す	V	458	12	3	54	6	191	22	105	13	52	-	-
2109	呈する	V	458	0	0	0	1	6	0	0	0	451	-	-
2110	微小	S	458	71	12	0	12	74	4	1	0	284	-	-
2111	しなやか	S	457	0	0	3	169	86	14	0	145	40	-	-
2112	生臭い	A	457	0	0	5	10	45	0	7	382	8	-	-
2113	おさまる	V	456	0	0	46	49	114	28	8	201	10	-	-
2114	久い	A	456	0	0	0	0	2	1	0	0	453	-	-
2115	片付く	V	456	26	18	278	20	8	7	35	63	1	-	-
2116	踏み込む	V	456	1	1	15	19	78	28	0	284	30	-	-
2117	乱す	V	455	51	0	9	75	102	42	18	116	42	-	-
2118	芽吹く	V	455	0	0	1	270	33	120	5	18	8	-	-
2119	見極める	V	455	155	0	9	37	157	28	20	29	20	-	yes
2120	なぞらえる	V	454	0	0	0	176	120	0	0	1	157	-	-
2121	煮立てる	V	454	0	0	114	79	172	1	15	69	4	-	-
2122	話し込む	V	454	0	0	181	57	28	20	0	168	0	-	-
2123	とける	V	453	0	1	2	294	54	48	20	5	29	-	-
2124	見合う	V	452	333	0	3	21	72	0	0	1	22	-	-
2125	むやみ	S	451	121	3	24	54	185	44	0	13	7	-	-
2126	気付く	V	451	274	5	7	6	47	0	2	5	105	-	-
2127	称える	V	451	0	0	0	10	13	7	26	0	395	-	-
2128	貫く	V	451	0	0	1	22	42	5	2	4	375	-	-
2129	任ずる	V	450	0	0	10	0	115	0	1	0	324	-	-
2130	和む	V	450	0	3	117	154	74	12	2	75	13	-	yes
2131	当てはめる	V	450	96	15	37	14	229	0	11	0	48	-	-
2132	繰り越す	V	450	71	373	1	1	4	0	0	0	0	-	-
2133	貼り付ける	V	450	108	21	20	2	69	0	125	14	91	-	-
2134	雑	S	450	8	73	265	9	25	1	8	38	23	-	-
2135	仕込む	V	448	3	0	92	28	24	77	95	98	31	-	-
2136	ほほえむ	V	447	0	23	2	84	34	193	0	5	106	-	-
2137	おう	V	445	0	0	2	3	3	2	3	1	431	-	-
2138	すくむ	V	445	0	0	14	13	10	14	0	339	55	-	-
2139	努める	V	444	0	0	17	4	35	1	16	1	370	-	-
2140	振り分ける	V	444	112	165	11	9	85	0	4	2	56	-	-
2141	突く	V	444	2	0	21	41	51	4	34	110	181	-	-
2142	さかのぼる	V	443	38	20	6	70	92	8	27	1	181	-	-
2143	可笑しい	A	443	0	0	0	402	2	1	0	30	8	-	-
2144	誓う	V	443	0	0	8	19	104	70	10	2	230	-	-
2145	めいずる	V	442	0	0	0	0	0	0	0	0	442	-	-
2146	切り戻す	V	442	192	0	1	20	188	4	2	32	3	-	-
2147	現す	V	442	0	0	0	38	34	93	1	92	184	-	-
2148	たたえる	V	441	0	0	5	72	88	22	116	39	99	-	-
2149	ぬるめ	S	441	0	0	57	18	50	3	0	313	0	-	-
2150	介す	V	441	192	168	1	2	30	0	2	0	46	-	-
2151	欠く	V	441	39	2	1	8	80	3	13	46	249	-	-
2152	滑り込む	V	440	0	0	35	21	19	107	6	250	2	-	-
2153	ともなう	V	439	0	0	0	13	37	1	0	0	388	-	-
2154	むずかしい	A	439	0	4	53	90	203	72	0	6	11	-	-
2155	青黒い	A	439	0	0	0	9	2	3	0	421	4	-	-
2156	かぶり直す	V	438	0	0	1	6	0	92	0	339	0	-	-
2157	立て替える	V	438	0	0	332	5	37	3	51	2	8	-	-
2158	いむ	V	437	0	60	0	1	0	0	0	0	376	-	-
2159	らりる	V	437	0	403	0	5	17	7	0	0	5	-	-
2160	巻きつく	V	437	0	0	18	101	59	116	8	125	10	-	-
2161	巻き取る	V	437	0	0	6	64	32	28	11	286	10	-	-
2162	聞き直す	V	436	0	0	188	31	69	50	31	67	0	-	-
2163	亡くす	V	435	0	0	1	4	61	239	4	3	123	-	-
2164	聖	S	434	0	0	0	5	8	1	0	0	420	-	-
2165	離せる	V	434	1	0	245	16	20	21	6	123	2	-	-
2166	盛り付ける	V	433	0	2	37	14	69	0	271	9	31	-	-
2167	満つ	V	431	57	57	1	88	34	16	7	45	126	-	-
2168	踏み外す	V	431	0	0	16	19	4	8	0	381	3	-	-
2169	甘め	S	430	0	0	341	3	11	3	1	63	8	-	-
2170	まちがえる	V	429	0	0	64	131	56	148	0	24	6	-	-
2171	まばら	S	429	1	2	0	36	40	45	0	186	119	-	-
2172	擦りむく	V	429	0	0	71	1	9	0	0	347	1	-	-
2173	疑わしい	A	429	318	1	3	1	36	0	0	0	70	-	-
2174	重なり合う	V	429	74	201	0	15	48	3	0	41	47	-	-
2175	ごちゃごちゃ	S	428	0	7	220	0	197	0	0	4	0	-	-
2176	にぎわう	V	428	0	0	74	152	16	58	31	37	60	-	-
2177	ほろ苦い	A	428	0	0	8	51	22	6	0	332	9	-	-
2178	張り替える	V	428	1	1	30	50	41	17	199	86	3	-	-
2179	迅速	S	428	12	8	16	4	133	0	1	0	254	-	-
2180	題する	V	428	0	0	1	0	1	1	0	0	425	-	-
2181	しぜん	S	427	0	0	0	2	4	0	0	0	421	-	-
2182	ひびく	V	427	0	0	0	314	3	64	0	11	35	-	-
2183	和える	V	427	0	0	107	54	153	1	40	19	53	-	-
2184	酔う	V	427	0	0	168	42	138	1	8	29	41	-	-
2185	しぼむ	V	426	0	0	26	112	60	44	1	175	8	-	-
2186	切りそろえる	V	426	20	150	1	9	12	4	94	131	5	-	-
2187	没する	V	426	0	0	0	0	2	0	0	0	424	-	-
2188	焦げ臭い	A	425	0	0	108	2	77	11	0	225	2	-	-
2189	とぶ	V	424	0	1	0	21	3	12	0	6	381	-	-
2190	不確か	S	424	149	12	49	18	132	9	2	3	50	-	-
2191	出会える	V	424	0	0	101	71	164	52	1	14	21	-	-
2192	寄り添う	V	424	0	0	4	124	78	89	2	85	42	-	-
2193	形作る	V	424	5	0	2	26	227	17	16	2	129	-	-
2194	繰り広げる	V	424	0	0	0	7	4	0	0	0	413	-	-
2195	みつぐ	V	423	0	0	0	0	0	0	0	0	423	-	-
2196	引き落とす	V	423	6	4	253	27	124	0	0	3	6	-	-
2197	書かす	V	423	0	0	2	1	0	0	418	1	1	-	-
2198	読み解く	V	423	114	110	35	3	132	7	0	1	21	-	-
2199	退く	V	423	0	0	1	20	53	71	34	76	168	-	-
2200	頼れる	V	423	51	4	157	123	55	20	0	6	7	-	-
2201	そっくり	S	422	0	0	50	18	46	226	1	7	74	-	-
2202	たいする	V	422	0	0	1	0	0	0	0	0	421	-	-
2203	信じる	V	422	20	0	37	26	169	26	6	12	126	-	-
2204	譲り合う	V	422	0	0	36	61	40	167	1	116	1	-	-
2205	適す	V	422	252	26	13	7	68	0	5	0	51	-	-
2206	あまい	A	421	0	0	1	58	2	25	0	1	334	-	-
2207	ゆたか	S	421	0	0	0	23	3	2	0	0	393	-	-
2208	広範	S	421	59	0	0	0	30	0	0	0	332	-	-
2209	拾える	V	421	97	21	127	18	17	28	58	54	1	-	-
2210	浸ける	V	421	0	0	53	20	105	2	19	213	9	-	-
2211	およぶ	V	420	0	0	0	0	0	0	0	0	420	-	-
2212	縫い付ける	V	419	0	0	19	23	21	44	246	48	18	-	-
2213	まじる	V	418	0	0	0	97	14	133	0	132	42	-	-
2214	説く	V	418	0	0	0	15	63	0	2	0	338	-	-
2215	つまる	V	417	0	0	46	47	159	22	5	29	109	-	-
2216	巻き戻す	V	417	227	13	30	82	3	31	2	21	8	-	-
2217	ねんずる	V	416	0	0	1	1	0	0	0	0	414	-	-
2218	尽くす	V	415	16	1	7	40	58	8	11	12	262	-	-
2219	心がける	V	415	22	0	13	14	346	6	6	3	5	-	-
2220	深し	A	413	1	0	0	359	3	0	0	0	50	-	-
2221	うかぶ	V	411	0	0	0	9	0	0	0	0	402	-	-
2222	組込む	V	411	401	0	0	0	0	0	0	0	10	-	-
2223	繕う	V	411	0	0	3	73	1	193	5	135	1	-	-
2224	さかえる	V	410	0	0	1	0	0	0	0	0	409	-	-
2225	微笑む	V	410	0	0	0	11	1	258	2	99	39	-	-
2226	すき	S	409	0	6	41	15	6	7	0	4	330	-	-
2227	形づくる	V	409	0	0	0	68	320	6	0	1	14	-	-
2228	走らす	V	409	0	0	7	0	2	0	396	0	4	-	-
2229	こめる	V	408	0	2	1	88	30	20	0	4	263	-	-
2230	むくむ	V	408	0	0	288	11	35	2	0	52	20	-	-
2231	於く	V	408	0	0	0	0	0	0	0	0	408	-	-
2232	連ねる	V	408	68	5	0	36	53	1	2	11	232	-	-
2233	陥る	V	408	12	0	0	7	11	0	0	0	378	-	-
2234	かばう	V	407	0	0	55	32	14	29	7	261	9	-	-
2235	テクニカル	S	407	0	0	0	0	74	0	2	0	331	-	-
2236	うつす	V	406	0	0	96	34	233	0	3	11	29	-	-
2237	嫌う	V	406	0	0	57	15	33	29	88	37	147	-	-
2238	引き取る	V	406	28	0	154	2	20	49	54	5	94	-	-
2239	ややこしい	A	405	0	11	297	10	75	1	0	0	11	-	-
2240	洗い直す	V	405	0	0	128	2	9	23	7	236	0	-	-
2241	ささやか	S	403	0	16	46	94	24	109	50	25	39	-	-
2242	名残惜しい	A	403	0	0	65	30	21	42	0	245	0	-	-
2243	盛りつける	V	403	0	0	39	54	42	12	157	82	17	-	-
2244	臨む	V	403	0	0	2	39	23	8	15	0	316	-	-
2245	落とせる	V	403	6	7	34	138	97	5	40	72	4	-	-
2246	詰め直す	V	403	80	200	38	1	1	20	4	59	0	-	-
2247	ひび割れる	V	402	0	0	13	14	60	49	2	257	7	-	-
2248	振り回す	V	401	1	0	99	23	63	14	0	149	52	-	-
2249	評する	V	401	0	0	0	57	16	6	0	0	322	-	-
2250	煮崩れる	V	400	0	0	119	17	66	1	16	178	3	-	-
2251	逆らう	V	400	0	0	17	42	117	84	22	94	24	-	-
2252	こたえる	V	399	0	0	59	18	1	2	0	286	33	-	-
2253	上がれる	V	399	1	0	258	8	11	10	78	26	7	-	-
2254	流れ着く	V	399	0	0	33	40	8	254	8	34	22	-	-
2255	ながす	V	398	0	0	0	20	0	0	0	0	378	-	-
2256	受け持つ	V	398	36	4	3	18	199	9	27	4	98	-	-
2257	駆け上がる	V	398	0	0	57	41	2	144	4	136	14	-	-
2258	とらえる	V	397	0	0	1	85	150	4	7	12	138	-	-
2259	ふるえる	V	397	0	0	0	116	8	203	3	41	26	-	-
2260	挑む	V	397	0	0	8	62	19	26	2	8	272	-	-
2261	なかす	V	396	0	0	1	0	0	0	0	0	395	-	-
2262	積み上がる	V	396	167	12	40	52	14	14	0	96	1	-	-
2263	長し	A	396	0	0	0	240	0	0	0	0	156	-	-
2264	脱げる	V	395	0	0	101	92	39	16	10	133	4	-	-
2265	はずむ	V	394	0	0	9	256	12	94	0	10	13	-	-
2266	抱え込む	V	394	36	0	84	60	82	51	2	72	7	-	-
2267	みちる	V	393	0	0	0	6	2	22	0	0	363	-	-
2268	濃厚	S	393	0	0	25	26	72	0	9	119	142	-	-
2269	込む	V	393	4	1	87	45	63	31	4	105	53	-	-
2270	忘れかける	V	392	0	0	171	20	19	52	1	127	2	-	-
2271	突っ込む	V	392	0	1	123	0	18	12	0	203	35	-	-
2272	ふさわしい	A	391	1	0	2	30	251	2	0	4	101	-	-
2273	不当	S	391	1	0	0	3	177	0	2	0	208	-	-
2274	作り出す	V	391	10	1	0	0	30	0	1	0	349	-	-
2275	司る	V	391	0	0	0	1	6	0	0	0	384	-	-
2276	掛け合う	V	391	0	0	10	45	13	94	9	209	11	-	-
2277	立ち尽くす	V	391	0	0	12	10	0	210	0	158	1	-	-
2278	恐れる	V	390	0	0	1	30	79	78	5	20	177	-	-
2279	拭ける	V	390	0	0	243	10	11	8	14	104	0	-	-
2280	拾い集める	V	390	0	0	2	18	2	132	25	205	6	-	-
2281	消えかける	V	390	0	0	10	28	1	166	6	179	0	-	-
2282	生ぬるい	A	390	0	0	0	1	0	0	0	389	0	-	-
2283	奏でる	V	388	0	0	0	106	46	121	0	15	100	-	-
2284	乏しい	A	387	14	0	0	50	127	1	2	3	190	-	-
2285	充てる	V	387	0	0	30	23	118	2	21	1	192	-	-
2286	歌える	V	387	0	0	38	48	72	25	141	42	21	-	-
2287	絡める	V	386	0	1	115	22	85	17	15	75	56	-	-
2288	静まり返る	V	386	0	0	1	114	2	77	0	192	0	-	-
2289	いや	S	384	0	3	110	77	79	4	2	23	86	-	-
2290	咳き込む	V	384	0	0	87	16	3	18	0	260	0	-	-
2291	押し当てる	V	384	0	0	18	21	70	16	3	245	11	-	-
2292	流し込む	V	384	13	6	13	2	106	12	10	197	25	-	-
2293	簡略	S	384	132	11	6	0	73	0	0	0	162	-	-
2294	大好き	S	383	0	4	111	35	23	21	10	3	176	-	-
2295	寝転ぶ	V	383	0	0	6	66	6	50	1	252	2	-	-
2296	かき分ける	V	382	0	0	1	25	6	79	7	260	4	-	-
2297	むかう	V	382	0	0	0	4	0	0	0	0	378	-	-
2298	宜い	A	382	0	0	0	0	0	0	0	0	382	-	-
2299	植え付ける	V	382	0	0	0	14	266	0	84	4	14	-	-
2300	登れる	V	382	0	0	32	13	80	19	204	21	13	-	-
2301	立て込む	V	380	0	0	351	5	18	2	1	2	1	-	-
2302	取り合う	V	379	47	2	44	75	56	70	6	47	32	-	-
2303	怠る	V	379	11	0	28	83	33	34	70	97	23	-	-
2304	せんする	V	378	0	0	0	0	0	0	0	0	378	-	-
2305	過激	S	378	0	0	0	0	3	0	0	0	375	-	-
2306	あたたか	S	377	0	0	5	185	8	131	12	32	4	-	-
2307	ぶら下がる	V	377	15	1	8	43	62	62	28	126	32	-	-
2308	りする	V	377	0	0	1	10	0	0	0	0	366	-	-
2309	ダイレクト	S	377	7	0	1	0	6	0	0	0	363	-	-
2310	安価	S	377	58	1	0	4	13	0	19	0	282	-	-
2311	跳ね上げる	V	376	1	0	9	7	6	17	4	327	5	-	-
2312	ウェット	S	375	0	0	116	0	51	1	2	136	69	-	-
2313	煮詰まる	V	374	0	0	90	58	46	3	40	136	1	-	-
2314	ねじる	V	373	1	0	15	29	45	16	59	134	74	-	-
2315	掘り返す	V	373	0	0	3	11	48	86	60	158	7	-	-
2316	溶け込む	V	373	0	0	6	41	66	12	3	216	29	-	-
2317	いたる	V	372	0	3	3	1	0	0	0	1	364	-	-
2318	さわる	V	372	0	0	5	79	34	18	2	50	184	-	-
2319	とめる	V	372	0	1	0	54	18	9	8	1	281	-	-
2320	のばす	V	372	0	0	27	122	85	31	8	53	46	-	-
2321	念入り	S	372	0	0	48	47	6	10	46	212	3	-	-
2322	富む	V	370	0	0	0	2	47	0	0	0	321	-	-
2323	履ける	V	370	0	0	216	19	35	8	30	60	2	-	-
2324	小ぶり	S	369	0	0	44	4	43	4	7	239	28	-	-
2325	押しつぶす	V	369	0	0	18	17	62	6	8	241	17	-	-
2326	簡素	S	369	78	2	3	18	95	6	0	20	147	-	-
2327	働きかける	V	368	0	0	3	8	150	0	158	0	49	-	-
2328	じょうずる	V	367	0	0	0	0	0	0	0	0	367	-	-
2329	余り	S	367	77	244	11	2	11	0	4	0	18	-	-
2330	冗長	S	367	238	38	2	1	23	0	0	0	65	-	-
2331	せいしん	S	366	0	0	0	0	0	0	0	0	366	-	-
2332	催す	V	366	0	0	2	4	22	2	116	0	220	-	-
2333	希少	S	366	8	0	0	6	18	0	5	0	329	-	-
2334	張り詰める	V	366	0	0	3	92	2	12	0	254	3	-	-
2335	おとなしい	A	365	0	1	173	68	15	14	0	59	35	-	-
2336	ひりつく	V	365	0	0	2	3	2	0	0	358	0	-	-
2337	羽織れる	V	365	0	0	340	9	14	0	0	2	0	-	-
2338	託する	V	365	0	0	5	60	56	170	21	16	37	-	-
2339	みはる	V	364	0	0	0	3	0	1	0	0	360	-	-
2340	よそる	V	364	0	0	6	18	0	64	149	127	0	-	-
2341	炒る	V	364	0	0	16	37	136	6	29	121	19	-	-
2342	もとづく	V	363	0	3	0	0	60	0	0	0	300	-	-
2343	流行る	V	363	0	0	33	0	296	2	0	0	32	-	-
2344	ちぎれる	V	362	0	0	92	20	23	13	14	179	21	-	-
2345	見積もれる	V	362	192	3	50	20	84	1	11	1	0	-	-
2346	囲う	V	361	83	14	19	26	26	65	11	59	58	-	-
2347	陽気	S	361	0	0	16	81	6	15	4	134	105	-	-
2348	駆け寄る	V	360	0	0	0	15	1	204	8	131	1	-	-
2349	からかう	V	359	0	0	61	73	79	32	27	50	37	-	-
2350	しがみつく	V	359	0	0	6	16	13	86	3	225	10	-	-
2351	力任せ	S	359	0	1	43	33	64	54	0	161	3	-	-
2352	支払える	V	359	0	0	27	51	56	0	218	2	5	-	-
2353	貸せる	V	359	1	0	301	1	21	15	19	1	0	-	-
2354	忠実	S	358	19	5	9	66	11	2	0	0	246	-	-
2355	ハマる	V	357	0	0	291	12	31	0	0	0	23	-	-
2356	持ち出せる	V	357	10	1	20	8	52	2	246	16	2	-	-
2357	しゃあない	A	356	0	0	351	5	0	0	0	0	0	-	-
2358	べたべた	S	356	0	0	30	8	16	6	0	296	0	-	-
2359	打てる	V	356	0	0	38	38	100	10	137	26	7	-	-
2360	見通す	V	356	130	60	23	64	56	5	4	4	10	-	-
2361	並び替える	V	355	270	82	0	0	0	1	0	0	2	-	-
2362	分る	V	355	0	1	224	0	121	0	0	0	9	-	-
2363	打ちつける	V	355	0	0	6	28	21	23	22	246	9	-	-
2364	乗り切る	V	354	0	0	211	42	69	2	0	11	19	-	-
2365	めざす	V	352	0	0	1	27	10	18	0	0	296	-	-
2366	笑い合う	V	352	0	0	1	83	3	193	0	72	0	-	-
2367	くもる	V	351	0	0	14	150	67	59	7	42	12	-	-
2368	準ずる	V	351	0	0	0	0	6	0	0	0	345	-	-
2369	繋ぐ	V	351	0	0	6	2	1	2	0	7	333	-	-
2370	座り直す	V	350	0	0	5	6	0	46	2	291	0	-	-
2371	遅め	S	350	2	0	291	2	30	2	1	17	5	-	-
2372	打ち返す	V	349	0	0	2	87	41	6	204	7	2	-	-
2373	すぼめる	V	348	0	0	3	31	11	36	0	266	1	-	-
2374	頑張れる	V	348	0	0	289	9	14	2	0	32	2	-	-
2375	ひかる	V	347	0	2	1	167	0	16	0	0	161	-	-
2376	当然	S	347	4	0	178	15	73	4	4	11	58	-	-
2377	やばい	A	346	0	0	126	2	89	0	0	0	129	-	-
2378	動かせる	V	346	40	10	100	41	87	8	24	27	9	-	-
2379	熱め	S	346	0	0	83	6	2	0	0	255	0	-	-
2380	すます	V	344	0	0	4	76	5	152	0	8	99	-	-
2381	悟る	V	344	0	0	4	25	1	252	2	29	31	-	yes
2382	授ける	V	343	0	0	0	0	43	4	14	0	282	-	-
2383	真面目	S	343	0	0	135	82	17	31	19	12	47	-	-
2384	さびしい	A	342	0	0	6	207	44	49	1	7	28	-	-
2385	ねじれる	V	342	0	0	36	55	31	30	4	101	85	-	-
2386	引き止める	V	342	0	0	283	10	10	21	2	13	3	-	-
2387	摘み取る	V	342	0	0	0	33	164	7	40	97	1	-	-
2388	有る	V	341	0	10	0	0	19	0	1	0	311	-	-
2389	からから	S	340	0	0	42	34	0	6	0	257	1	-	-
2390	まかせる	V	340	0	0	8	31	6	17	158	2	118	-	-
2391	身軽	S	339	0	0	126	122	12	14	45	20	0	-	-
2392	途絶える	V	338	2	0	1	29	71	77	0	18	140	-	-
2393	組み合わさる	V	336	122	5	0	16	150	3	0	2	38	-	-
2394	詫びる	V	336	0	0	115	21	64	81	11	42	2	-	-
2395	いづ	V	335	0	0	0	1	0	0	0	0	334	-	-
2396	からむ	V	335	0	0	17	58	74	30	0	120	36	-	-
2397	ねる	V	335	0	10	7	24	2	0	1	0	291	-	-
2398	押せる	V	335	15	1	140	10	7	14	34	113	1	-	-
2399	書き写す	V	335	6	0	43	10	90	27	69	66	24	-	-
2400	縫い直す	V	335	0	0	17	67	3	85	41	122	0	-	-
2401	間引く	V	335	49	6	0	25	190	4	27	30	4	-	-
2402	しめる	V	334	0	0	9	119	31	4	66	45	60	-	-
2403	気がかり	S	334	0	0	138	70	71	16	0	37	2	-	-
2404	太る	V	333	0	0	50	18	172	9	0	40	44	-	yes
2405	宛てる	V	333	0	0	0	12	6	79	8	123	105	-	-
2406	いとう	V	332	0	0	2	0	0	0	0	0	330	-	-
2407	凝らす	V	332	0	0	6	18	8	60	1	201	38	-	-
2408	あらい	A	331	0	0	0	13	7	0	5	1	305	-	-
2409	見舞う	V	331	0	0	9	32	46	19	119	3	103	-	-
2410	つっぱる	V	330	0	0	88	1	5	0	0	232	4	-	-
2411	わかれる	V	330	0	1	0	91	33	131	6	0	68	-	-
2412	列する	V	330	0	0	0	1	0	0	0	0	329	-	-
2413	逃げ込む	V	329	0	0	5	13	14	76	16	183	22	-	-
2414	遂げる	V	329	0	0	0	2	7	0	0	0	320	-	-
2415	くちい	A	328	0	0	0	0	0	0	0	0	328	-	-
2416	削れる	V	328	6	27	38	32	33	6	34	152	0	-	-
2417	のす	V	327	1	0	2	0	32	0	0	0	292	-	-
2418	わける	V	327	0	46	0	62	27	163	2	0	27	-	-
2419	断れる	V	327	1	0	161	4	65	2	75	16	3	-	-
2420	飛び去る	V	327	0	0	0	20	1	174	15	115	2	-	-
2421	たてる	V	326	0	5	2	13	0	1	5	11	289	-	-
2422	ねむる	V	326	0	8	1	70	6	99	0	0	142	-	-
2423	手頃	S	326	0	0	218	10	29	2	18	36	13	-	-
2424	抱え直す	V	326	0	0	0	4	0	52	2	268	0	-	-
2425	あつい	A	325	0	0	0	82	9	4	0	1	229	-	-
2426	かりる	V	325	0	3	1	8	1	12	0	0	300	-	-
2427	ふるい	A	325	0	1	0	26	0	76	0	0	222	-	-
2428	デラックス	S	325	0	0	0	0	0	0	0	0	325	-	-
2429	書き分ける	V	325	52	49	5	4	205	2	0	3	5	-	-
2430	良好	S	325	17	5	8	11	8	5	12	1	258	-	-
2431	ちかい	A	324	0	2	2	9	0	0	0	0	311	-	-
2432	オフィシャル	S	324	0	0	0	0	14	0	0	0	310	-	-
2433	封ずる	V	324	0	0	1	7	6	52	14	32	212	-	-
2434	はかる	V	323	0	1	10	65	35	1	0	2	209	-	-
2435	格別	S	323	0	0	141	7	17	2	0	144	12	-	-
2436	じみ	S	322	0	1	10	9	12	0	0	16	274	-	-
2437	バラバラ	S	322	0	4	41	0	127	0	0	0	150	-	-
2438	凝る	V	322	0	0	219	21	6	1	0	43	32	-	-
2439	濃いめ	S	322	0	0	171	2	17	3	3	124	2	-	-
2440	組み替える	V	322	119	3	31	7	82	6	9	58	7	-	-
2441	とがる	V	321	0	0	2	84	65	7	15	93	55	-	-
2442	放る	V	321	0	0	49	30	105	21	6	99	11	-	-
2443	ぬる	V	320	0	0	3	193	10	12	7	26	69	-	-
2444	パンパン	S	320	0	0	144	9	163	0	0	2	2	-	-
2445	引き込む	V	320	85	0	13	21	45	13	19	41	83	-	-
2446	ジャスト	S	319	0	0	0	0	0	0	0	0	319	-	-
2447	くつろぐ	V	318	0	0	63	183	35	12	3	7	15	-	-
2448	仕掛ける	V	318	0	0	5	51	27	46	29	2	158	-	-
2449	染みつく	V	318	0	0	2	1	0	1	0	313	1	-	-
2450	締めつける	V	318	0	0	111	55	44	3	7	95	3	-	-
2451	あまり	S	317	0	5	5	26	20	27	5	75	154	-	-
2452	こえる	V	317	0	0	0	52	30	0	0	1	234	-	-
2453	むす	V	317	0	11	2	38	27	0	0	0	239	-	-
2454	包み直す	V	317	20	1	15	1	0	60	63	157	0	-	-
2455	引き渡す	V	317	46	5	9	0	41	36	72	1	107	-	-
2456	不可欠	S	316	22	0	0	0	9	0	18	0	267	-	-
2457	分かち合う	V	316	0	0	0	77	106	103	11	1	18	-	-
2458	恵まれる	V	316	0	0	20	8	17	1	6	19	245	-	-
2459	治まる	V	316	0	0	126	4	75	2	13	90	6	-	-
2460	シャイ	S	315	0	0	1	0	11	0	0	0	303	-	-
2461	読み聞かせる	V	315	0	0	30	17	54	48	144	13	9	-	-
2462	ようち	S	314	0	0	0	10	6	0	0	0	298	-	-
2463	募る	V	314	0	0	42	63	25	40	12	9	123	-	-
2464	くいる	V	313	0	0	0	0	0	0	0	0	313	-	-
2465	さとす	V	313	1	43	0	0	0	1	4	0	264	-	-
2466	可用	S	313	245	0	0	0	21	0	0	0	47	-	-
2467	楽い	A	313	0	0	269	2	2	1	0	38	1	-	-
2468	縫いつける	V	313	0	0	5	78	18	74	60	74	4	-	-
2469	ばたつく	V	312	0	0	42	5	1	25	5	234	0	-	-
2470	欲張る	V	312	0	0	174	23	16	18	0	80	1	-	-
2471	私的	S	312	2	0	3	2	74	0	0	0	231	-	-
2472	追い抜く	V	312	0	0	7	3	6	0	256	13	27	-	-
2473	いさむ	V	311	0	1	0	1	0	0	0	0	309	-	-
2474	垂れ下がる	V	311	0	0	1	13	31	14	5	191	56	-	-
2475	執る	V	311	0	0	1	1	2	2	0	0	305	-	-
2476	青む	V	311	0	0	8	33	8	10	0	234	18	-	-
2477	くう	V	310	0	0	6	2	0	0	0	0	302	-	-
2478	寝過ごす	V	310	0	0	184	42	4	17	2	60	1	-	-
2479	狭まる	V	310	101	13	0	52	27	17	2	81	17	-	-
2480	取り壊す	V	309	0	0	28	7	0	65	87	5	117	-	-
2481	言い張る	V	309	0	0	119	71	2	65	0	46	6	-	-
2482	駆けつける	V	309	0	0	9	10	5	218	17	15	35	-	-
2483	もぐ	V	308	0	1	0	29	1	17	12	92	156	-	-
2484	惟る	V	308	0	0	0	0	0	0	0	0	308	-	-
2485	損ずる	V	308	0	0	7	5	4	6	2	280	4	-	-
2486	狂う	V	308	11	2	39	50	19	8	3	105	71	-	-
2487	茂る	V	308	0	0	2	106	61	32	12	59	36	-	-
2488	貼り替える	V	308	0	0	51	7	1	7	188	54	0	-	-
2489	縫い合わせる	V	307	0	0	1	66	21	29	125	59	6	-	-
2490	ヤ	S	306	0	24	0	0	24	16	0	0	242	-	-
2491	押しのける	V	306	1	0	2	24	97	22	14	138	8	-	-
2492	滞る	V	306	48	0	9	89	89	5	14	34	18	-	-
2493	はいる	V	305	25	0	161	8	12	2	5	11	81	-	-
2494	そびえる	V	304	0	0	1	97	69	5	0	10	122	-	yes
2495	すり減る	V	303	0	0	41	94	42	8	0	116	2	-	-
2496	たしかめる	V	303	0	21	0	100	6	166	4	4	2	-	-
2497	多彩	S	303	0	0	0	15	35	0	0	0	253	-	-
2498	うかがう	V	302	0	0	87	50	5	35	3	84	38	-	-
2499	はじまる	V	302	0	7	0	8	9	9	0	0	269	-	-
2500	取り囲む	V	302	0	0	1	1	67	1	0	0	232	-	-
2501	巻き上げる	V	302	16	0	4	48	26	43	8	123	34	-	-
2502	つかえる	V	301	0	0	24	41	18	40	0	147	31	-	-
2503	付け加える	V	301	26	10	25	2	34	19	18	81	86	-	-
2504	食す	V	301	0	0	0	1	0	0	0	0	300	-	-
2505	架ける	V	300	0	0	1	50	26	28	12	6	177	-	-
2506	装う	V	300	5	1	20	52	129	0	0	0	93	-	-
2507	這う	V	300	0	0	2	38	43	30	2	117	68	-	yes
2508	でる	V	299	4	2	12	25	2	0	4	1	249	-	-
2509	座り込む	V	299	0	0	47	10	7	59	3	162	11	-	-
2510	感じ取る	V	299	0	0	3	58	189	4	11	15	19	-	-
2511	ねらう	V	298	0	0	0	100	111	5	0	2	80	-	-
2512	フレッシュ	S	298	0	0	4	0	16	0	0	0	278	-	-
2513	剥く	V	298	0	0	0	170	0	9	0	90	29	-	-
2514	生ける	V	298	0	0	12	34	36	17	123	73	3	-	-
2515	立ち入る	V	298	0	0	34	11	103	35	30	29	56	-	-
2516	聞かす	V	298	0	0	9	24	4	45	179	12	25	-	-
2517	選ばす	V	298	0	0	0	0	0	0	298	0	0	-	-
2518	つるつる	S	297	0	0	31	14	14	5	0	230	3	-	-
2519	取り残す	V	297	25	0	2	16	29	122	5	44	54	-	-
2520	引き直す	V	297	25	2	15	19	4	32	91	107	2	-	-
2521	思い描く	V	297	0	0	1	62	23	116	0	80	15	-	-
2522	打上げる	V	297	0	0	0	0	0	0	0	0	297	-	-
2523	潰れる	V	297	3	1	29	1	4	0	0	243	16	-	-
2524	行かす	V	297	0	0	1	1	1	0	294	0	0	-	-
2525	ゆすぐ	V	296	0	0	10	11	28	2	2	240	3	-	-
2526	集う	V	296	0	0	6	56	66	6	1	0	161	-	-
2527	クレイジー	S	295	0	0	0	0	4	0	0	0	291	-	-
2528	惹く	V	295	0	0	51	15	80	11	11	36	91	-	-
2529	落つ	V	295	0	0	0	295	0	0	0	0	0	-	-
2530	蒸らす	V	295	0	0	65	84	69	1	46	27	3	-	-
2531	つるす	V	294	0	0	15	41	63	16	77	13	69	-	-
2532	なで下ろす	V	294	0	0	1	33	3	94	0	163	0	-	-
2533	学べる	V	294	12	0	30	55	104	17	19	0	57	-	-
2534	積み立てる	V	294	0	47	96	39	102	0	1	0	9	-	-
2535	縁取る	V	294	0	0	4	24	6	14	3	208	35	-	-
2536	吸い上げる	V	293	0	0	2	88	55	19	75	43	11	-	-
2537	湿気る	V	293	0	0	76	4	62	0	2	146	3	-	-
2538	無数	S	293	0	13	0	35	14	47	0	52	132	-	-
2539	よろける	V	292	0	0	14	37	1	16	2	222	0	-	-
2540	搾る	V	292	0	0	1	40	64	2	95	69	21	-	-
2541	横たわる	V	292	0	0	0	38	3	45	0	144	62	-	yes
2542	おきる	V	291	0	0	0	2	0	0	0	0	289	-	-
2543	付す	V	291	0	0	0	0	19	0	0	0	272	-	-
2544	付する	V	291	0	0	13	13	9	17	2	0	237	-	-
2545	剥げる	V	291	0	0	10	1	3	2	0	273	2	-	-
2546	たす	V	290	0	2	3	13	6	1	0	0	265	-	-
2547	不法	S	290	0	0	3	0	60	0	0	0	227	-	-
2548	付け直す	V	290	55	27	45	17	12	16	63	54	1	-	-
2549	課する	V	290	25	4	0	0	93	0	25	0	143	-	-
2550	取りこぼす	V	289	254	20	1	3	5	1	0	2	3	-	-
2551	振るう	V	289	1	0	8	18	15	7	0	50	190	-	-
2552	揺する	V	289	0	0	45	14	19	17	7	183	4	-	-
2553	盛り上げる	V	289	0	0	21	95	59	10	12	10	82	-	-
2554	引き立つ	V	288	0	0	16	13	13	1	8	232	5	-	-
2555	悔やむ	V	288	0	0	0	52	7	25	2	194	8	-	yes
2556	繰り上げる	V	288	30	140	36	7	33	0	1	0	41	-	-
2557	寝かしつける	V	287	0	0	45	9	148	8	13	60	4	-	-
2558	いだす	V	286	0	0	0	0	0	0	0	0	286	-	-
2559	かよう	S	286	0	0	0	2	0	0	0	0	284	-	-
2560	つづく	V	286	0	6	3	46	22	44	0	0	165	-	-
2561	はらむ	V	286	0	0	0	14	0	6	0	30	236	-	-
2562	出し合う	V	286	0	0	94	63	80	18	7	0	24	-	-
2563	掻く	V	286	0	0	45	23	46	5	0	151	16	-	-
2564	撒く	V	286	0	0	3	39	3	10	4	203	24	-	-
2565	見入る	V	286	0	0	89	43	24	76	2	49	3	-	-
2566	はくい	A	285	0	0	0	0	0	0	0	2	283	-	-
2567	ビューティフル	S	285	0	0	0	0	0	0	0	0	285	-	-
2568	温め	S	285	2	0	230	3	8	4	0	38	0	-	-
2569	移れる	V	285	47	3	102	20	45	7	43	17	1	-	-
2570	送り届ける	V	285	0	0	7	1	5	194	45	0	33	-	yes
2571	指し示す	V	284	62	2	0	9	18	24	24	20	125	-	-
2572	揉める	V	284	0	0	155	13	109	0	0	2	5	-	-
2573	踏みしめる	V	284	0	0	2	39	1	14	3	225	0	-	-
2574	かき出す	V	283	0	0	6	4	10	3	4	254	2	-	-
2575	さらさら	S	282	0	1	24	21	15	6	1	212	2	-	-
2576	よこす	V	282	0	0	0	0	4	2	2	1	273	-	-
2577	行き交う	V	282	1	0	3	98	25	56	0	73	26	-	-
2578	かる	V	281	0	4	2	16	1	1	1	2	254	-	-
2579	さる	V	281	0	20	0	42	1	7	0	1	210	-	-
2580	すり抜ける	V	281	62	0	8	30	12	66	4	91	8	-	-
2581	んさる	V	281	0	0	0	0	0	0	0	0	281	-	-
2582	上品	S	281	0	0	87	81	30	1	1	27	54	-	-
2583	愛す	V	281	0	0	13	24	0	1	1	0	242	-	-
2584	ささくれる	V	280	0	0	0	24	13	2	3	234	4	-	-
2585	まどろむ	V	280	0	0	0	54	7	206	0	2	11	-	-
2586	呼び戻す	V	280	5	0	21	34	7	53	33	106	21	-	-
2587	回り込む	V	280	78	13	21	4	48	36	2	59	19	-	-
2588	悼む	V	280	0	0	0	3	234	6	0	0	37	-	-
2589	明るむ	V	280	0	0	1	36	3	69	0	171	0	-	-
2590	不揃い	S	279	30	7	31	2	9	47	2	146	5	-	-
2591	嫁ぐ	V	279	0	0	1	0	22	60	0	1	195	-	-
2592	撮り直す	V	279	0	0	130	2	2	35	11	97	2	-	-
2593	枯らす	V	279	0	0	139	18	29	9	70	8	6	-	-
2594	それる	V	278	0	0	32	81	92	13	11	43	6	-	-
2595	やわ	S	278	0	1	204	6	9	0	0	2	56	-	-
2596	亘る	V	278	0	0	0	0	0	0	0	0	278	-	-
2597	知り合う	V	278	0	0	34	9	47	6	42	2	138	-	-
2598	譲り受ける	V	278	0	0	11	3	10	25	151	4	74	-	-
2599	きざ	S	277	0	0	0	4	0	0	0	0	273	-	-
2600	のく	V	277	0	0	1	1	1	0	0	0	274	-	-
2601	不溶	S	277	0	0	0	0	160	0	0	0	117	-	-
2602	失くす	V	277	0	0	20	28	22	135	28	27	17	-	-
2603	退ける	V	277	5	0	0	17	55	7	83	2	108	-	-
2604	飛び越える	V	277	17	2	13	24	7	64	24	95	31	-	-
2605	住まう	V	276	0	0	106	6	90	4	1	0	69	-	-
2606	とく	V	275	0	0	2	10	1	2	0	0	260	-	-
2607	ダイナミック	S	275	0	0	0	0	40	0	0	0	235	-	-
2608	埋め込める	V	275	180	92	0	0	0	0	0	0	3	-	-
2609	知れる	V	275	27	0	42	42	26	21	11	2	104	-	-
2610	なびく	V	274	0	0	11	115	8	33	23	65	19	-	-
2611	ひめる	V	274	0	0	0	0	0	0	0	0	274	-	-
2612	反り返る	V	274	0	0	6	14	15	1	1	225	12	-	-
2613	滅ぼす	V	274	0	0	0	0	72	0	0	0	202	-	-
2614	買い上げる	V	274	0	1	234	0	8	1	2	0	28	-	-
2615	おす	V	273	0	2	0	3	1	0	0	0	267	-	-
2616	名高い	A	273	0	0	0	0	2	1	0	0	270	-	-
2617	あらわす	V	272	0	0	0	0	19	0	0	0	253	-	-
2618	巻きつける	V	272	0	0	7	17	48	18	19	129	34	-	-
2619	未熟	S	272	0	0	0	8	142	2	18	10	92	-	-
2620	流せる	V	272	34	7	67	49	42	3	23	44	3	-	-
2621	ちっちゃい	A	271	0	1	140	4	113	0	0	0	13	-	-
2622	漕ぐ	V	271	0	0	1	67	38	51	55	33	26	-	yes
2623	すえる	V	270	0	0	0	1	0	0	0	2	267	-	-
2624	ちがう	V	270	0	0	14	70	47	32	0	5	102	-	-
2625	貼れる	V	270	1	0	124	3	6	3	112	20	1	-	-
2626	あさい	A	268	0	1	0	8	0	0	0	0	259	-	-
2627	被る	V	268	0	0	9	0	6	0	4	2	247	-	-
2628	見出す	V	268	1	8	2	1	3	0	0	0	253	-	-
2629	かれん	S	267	0	0	2	9	0	2	0	0	254	-	-
2630	ぬ	V	267	0	101	5	1	7	0	0	30	123	-	-
2631	華やぐ	V	267	0	0	12	70	6	9	0	167	3	-	-
2632	うつむく	V	266	0	0	4	26	3	122	0	104	7	-	-
2633	かなえる	V	266	0	0	24	25	48	61	10	1	97	-	-
2634	でかい	A	266	0	0	97	7	139	1	1	5	16	-	-
2635	ねがう	V	266	0	2	1	8	0	4	0	0	251	-	-
2636	吸える	V	266	0	0	59	62	60	4	26	51	4	-	-
2637	さりげない	A	265	0	0	150	63	31	2	0	4	15	-	-
2638	はたらく	V	265	0	0	1	20	119	12	0	0	113	-	-
2639	ボル	V	265	0	0	0	0	1	0	0	0	264	-	-
2640	向かい合う	V	265	0	1	13	16	69	56	2	16	92	-	-
2641	照り返す	V	265	0	0	2	18	0	2	0	243	0	-	-
2642	空	S	265	87	27	30	17	3	55	0	46	0	-	-
2643	見通せる	V	265	22	23	10	39	32	9	30	90	10	-	-
2644	しょう	V	264	0	0	0	4	1	0	0	0	259	-	-
2645	しんし	S	264	0	0	0	6	0	1	0	0	257	-	-
2646	成し遂げる	V	264	0	0	0	7	53	1	1	1	201	-	-
2647	潰す	V	264	40	4	23	7	24	1	4	108	53	-	-
2648	若し	A	264	0	0	0	9	3	4	0	0	248	-	-
2649	ずり落ちる	V	263	0	0	21	15	5	22	0	195	5	-	-
2650	廉価	S	263	0	0	0	0	0	0	3	0	260	-	-
2651	言添える	V	263	18	0	175	3	58	2	0	7	0	-	-
2652	閉ざす	V	263	0	0	0	47	9	125	15	8	59	-	-
2653	包み込む	V	262	5	0	1	33	15	5	7	170	26	-	-
2654	おちあう	V	261	0	0	0	0	0	0	0	0	261	-	-
2655	さがす	V	261	0	0	0	27	1	11	0	0	222	-	-
2656	偲ぶ	V	261	0	0	0	23	172	8	0	1	57	-	-
2657	暴れる	V	260	0	0	57	1	113	18	10	38	23	-	-
2658	備わる	V	259	36	1	3	7	87	0	29	0	96	-	-
2659	萌える	V	259	0	0	0	0	0	0	0	0	259	-	-
2660	はなす	V	258	0	6	2	8	10	10	1	1	220	-	-
2661	はらす	V	258	0	0	0	1	0	0	0	0	257	-	-
2662	カラい	A	258	0	0	0	2	22	0	0	1	233	-	-
2663	マシ	S	258	0	0	130	0	73	0	0	0	55	-	-
2664	分厚い	A	258	0	0	79	4	29	13	9	94	30	-	-
2665	投ずる	V	258	0	0	0	11	39	0	9	0	199	-	-
2666	持ち越す	V	258	134	7	35	23	15	15	8	6	15	-	-
2667	えむ	V	257	0	0	0	0	0	0	0	0	257	-	-
2668	ほうる	V	257	0	0	9	30	19	2	0	0	197	-	-
2669	まいる	V	257	0	0	65	44	15	3	0	2	128	-	-
2670	免れる	V	257	0	0	8	4	28	51	19	32	115	-	-
2671	拉る	V	257	0	0	0	0	12	0	0	0	245	-	-
2672	考え直す	V	257	6	0	101	32	31	27	7	45	8	-	-
2673	裕福	S	257	0	0	0	0	4	0	0	0	253	-	-
2674	くっつける	V	256	0	6	37	17	130	2	10	46	8	-	-
2675	涼む	V	256	0	0	46	72	3	27	5	103	0	-	-
2676	き用	S	255	1	1	202	2	42	0	0	5	2	-	-
2677	じゅんずる	V	255	0	0	0	0	0	0	0	0	255	-	-
2678	捕まる	V	255	44	0	87	25	12	12	12	22	41	-	-
2679	格安	S	255	0	0	0	0	14	0	1	0	240	-	-
2680	潜り込む	V	255	0	0	5	5	9	25	4	195	12	-	-
2681	相当	S	255	88	51	18	2	41	0	0	1	54	-	-
2682	見せ合う	V	255	0	0	104	32	1	51	10	53	4	-	-
2683	謳う	V	255	0	0	0	0	0	0	0	0	255	-	-
2684	伸ばせる	V	254	29	14	33	18	29	22	46	58	5	-	-
2685	志す	V	254	0	0	0	0	5	2	0	0	247	-	-
2686	慰める	V	254	0	0	33	50	54	19	18	56	24	-	-
2687	論ずる	V	254	0	0	0	1	46	0	1	0	206	-	-
2688	合わさる	V	253	3	2	4	64	82	4	0	48	46	-	-
2689	泊まれる	V	253	0	0	81	8	54	1	107	0	2	-	-
2690	白む	V	253	0	0	3	13	1	32	7	192	5	-	-
2691	盛り込む	V	253	2	0	12	6	25	0	0	1	207	-	-
2692	紛れ込む	V	253	140	7	2	60	0	15	2	17	10	-	-
2693	追い込む	V	253	0	0	13	8	19	2	16	6	189	-	-
2694	聴ける	V	252	0	0	81	40	77	0	22	2	30	-	-
2695	ふれる	V	251	0	0	2	93	23	10	0	16	107	-	-
2696	ルーズ	S	251	0	5	11	45	12	21	7	2	148	-	-
2697	仰ぐ	V	251	0	0	13	103	11	14	0	23	87	-	-
2698	まう	V	250	0	0	6	9	0	0	0	0	235	-	-
2699	晴れやか	S	250	0	0	29	84	11	36	1	88	1	-	-
2700	ぎこちない	A	249	1	0	27	43	19	17	0	134	8	-	-
2701	せく	V	249	0	0	2	2	0	0	1	0	244	-	-
2702	つめたい	A	249	0	0	4	75	5	57	0	67	41	-	-
2703	とくする	V	249	0	0	0	4	0	0	0	0	245	-	-
2704	切れかける	V	249	0	0	76	7	1	45	0	120	0	-	-
2705	読ます	V	249	0	0	0	0	0	0	247	0	2	-	-
2706	よむ	V	248	0	11	0	12	7	16	0	0	202	-	-
2707	オス	V	248	0	0	0	0	15	2	0	0	231	-	-
2708	寝つける	V	248	0	0	77	19	94	10	1	47	0	-	-
2709	険しい	A	248	0	0	6	34	73	15	34	22	64	-	-
2710	うえん	S	247	0	0	0	0	0	0	0	0	247	-	-
2711	かがむ	V	247	0	0	39	13	7	30	0	94	64	-	-
2712	つなぎ直す	V	247	13	128	29	3	17	37	0	20	0	-	-
2713	作り上げる	V	247	0	0	0	4	13	3	5	1	221	-	yes
2714	くずれる	V	246	0	0	4	102	50	33	1	23	33	-	-
2715	すりむく	V	246	0	0	40	11	39	16	16	124	0	-	-
2716	せんじる	V	246	0	0	0	0	0	0	0	0	246	-	-
2717	むすぶ	V	246	0	0	1	24	0	159	0	0	62	-	-
2718	メンタル	S	246	0	0	1	0	64	0	0	0	181	-	-
2719	憧れる	V	246	0	0	35	9	30	14	0	2	156	-	-
2720	操る	V	246	0	0	3	48	21	32	11	4	127	-	-
2721	突き出る	V	246	0	0	0	10	81	2	0	13	140	-	-
2722	くたびれる	V	245	0	0	44	50	118	7	0	26	0	-	-
2723	せいかん	S	245	0	0	0	0	0	0	0	0	245	-	-
2724	まける	V	245	0	8	5	34	18	19	83	17	61	-	-
2725	まもる	V	245	0	24	0	6	1	0	0	0	214	-	-
2726	上手い	A	245	0	0	83	9	32	40	8	4	69	-	-
2727	入り組む	V	245	0	23	8	26	140	1	1	0	46	-	-
2728	書き残す	V	245	6	0	6	36	33	70	6	46	42	-	-
2729	臭い	A	245	0	0	23	11	102	0	7	69	33	-	-
2730	見抜く	V	245	5	0	63	52	12	40	6	32	35	-	yes
2731	言い切る	V	245	2	0	146	8	59	11	4	7	8	-	-
2732	資する	V	245	0	0	0	0	4	0	0	0	241	-	-
2733	あゆむ	V	244	0	0	0	4	0	16	2	0	222	-	-
2734	くるまる	V	244	0	0	21	40	0	48	0	133	2	-	-
2735	タフ	S	244	0	0	1	0	0	0	0	0	243	-	-
2736	ぼる	V	243	0	2	0	25	0	0	0	2	214	-	-
2737	乗り継ぐ	V	243	0	0	55	11	89	3	65	0	20	-	-
2738	暮らせる	V	243	0	0	58	45	64	5	57	4	10	-	-
2739	止まれる	V	243	12	0	31	40	86	14	14	45	1	-	-
2740	費やす	V	243	24	0	0	18	12	1	49	3	136	-	-
2741	さとる	V	242	0	0	0	1	0	1	5	0	235	-	-
2742	ぬく	V	242	0	6	2	39	9	3	1	3	179	-	-
2743	はかどる	V	242	0	0	129	40	25	6	4	34	4	-	-
2744	取り巻く	V	242	0	0	0	3	65	0	0	0	174	-	-
2745	引きつける	V	241	0	0	1	20	200	0	1	1	18	-	-
2746	繁華	S	241	0	0	6	14	5	1	0	0	215	-	-
2747	買い取る	V	241	0	0	8	10	23	7	82	1	110	-	-
2748	跳び越える	V	241	0	0	4	33	8	36	75	79	6	-	-
2749	いわす	V	240	0	0	3	3	2	2	0	0	230	-	-
2750	しんせん	S	240	0	0	0	6	0	0	0	0	234	-	-
2751	わりあてる	V	240	0	220	0	0	14	0	0	0	6	-	-
2752	差し迫る	V	240	0	1	40	0	172	0	0	0	27	-	-
2753	癒やす	V	240	0	0	55	35	48	6	1	86	9	-	-
2754	積める	V	240	4	3	92	6	32	4	87	10	2	-	-
2755	安楽	S	239	0	0	0	0	0	0	0	0	239	-	-
2756	察する	V	239	1	0	61	60	7	22	11	64	13	-	yes
2757	飾れる	V	239	0	0	122	6	28	11	55	14	3	-	-
2758	しげる	V	238	0	0	0	6	0	0	0	0	232	-	-
2759	ならぶ	V	238	0	0	23	74	3	11	0	0	127	-	-
2760	向かえる	V	238	0	0	148	30	22	11	5	20	2	-	-
2761	呼び込む	V	238	1	0	27	45	9	69	5	61	21	-	-
2762	歌い出す	V	238	0	0	9	56	25	43	8	75	22	-	-
2763	ぺたんこ	S	237	0	0	142	5	17	0	0	73	0	-	-
2764	抜け出す	V	237	1	1	4	11	16	68	1	35	100	-	-
2765	押し分ける	V	237	0	0	3	18	12	13	4	187	0	-	-
2766	すすむ	V	236	0	1	0	44	0	2	0	4	185	-	-
2767	はう	V	236	0	0	8	6	17	2	0	0	203	-	-
2768	治す	V	236	0	0	66	10	103	9	4	12	32	-	-
2769	痩せる	V	236	0	0	137	2	43	11	0	11	32	-	yes
2770	かわいらしい	A	235	0	0	96	40	61	1	0	21	16	-	-
2771	きたす	V	235	0	0	0	1	10	0	0	0	224	-	-
2772	ごまかす	V	235	8	2	102	25	14	11	0	58	15	-	-
2773	しまい込む	V	235	0	0	24	40	2	22	3	144	0	-	-
2774	なおす	V	235	0	38	0	44	37	21	0	0	95	-	-
2775	まわる	V	235	0	0	8	43	4	98	0	3	79	-	-
2776	包める	V	235	21	6	124	5	5	8	39	27	0	-	-
2777	摺る	V	235	0	0	0	2	205	0	0	0	28	-	-
2778	気づかう	V	235	0	0	21	29	156	20	1	7	1	-	-
2779	申す	V	235	0	0	134	5	78	1	0	0	17	-	-
2780	締めくくる	V	235	0	0	8	40	59	24	11	59	34	-	-
2781	身構える	V	235	0	0	84	23	17	53	0	58	0	-	-
2782	コンテンポラリー	S	234	0	0	0	0	0	0	0	0	234	-	-
2783	年老いる	V	234	0	0	0	1	1	155	5	31	41	-	-
2784	推す	V	234	0	0	22	4	51	0	3	0	154	-	-
2785	棲む	V	234	0	0	0	0	0	4	0	0	230	-	yes
2786	洗い落とす	V	234	0	0	0	24	54	3	14	137	2	-	-
2787	ぎゅうぎゅう	S	233	0	1	103	31	78	3	0	17	0	-	-
2788	取り外せる	V	233	1	0	173	1	45	1	10	1	1	-	-
2789	はんする	V	232	0	0	0	0	0	0	0	0	232	-	-
2790	りこう	S	232	0	0	2	13	0	0	0	0	217	-	-
2791	剃る	V	232	0	0	6	8	60	0	0	134	24	-	-
2792	尋常	S	232	0	0	0	0	5	0	0	0	227	-	-
2793	飛び回る	V	232	3	0	5	55	9	41	2	98	19	-	-
2794	いがらっぽい	A	231	0	0	81	11	1	0	0	138	0	-	-
2795	ねだる	V	231	0	0	23	29	34	22	36	68	19	-	-
2796	ほてる	V	231	0	0	10	16	12	1	0	157	35	-	-
2797	セクシー	S	231	0	0	0	0	0	0	0	0	231	-	-
2798	吹き飛ばす	V	231	0	0	7	35	18	37	24	88	22	-	-
2799	在る	V	231	0	0	0	1	5	1	0	0	224	-	-
2800	売り上げる	V	231	0	0	0	2	1	0	0	0	228	-	-
2801	飲みかける	V	231	0	0	5	0	0	16	0	210	0	-	-
2802	のぼせる	V	230	0	0	38	32	33	1	2	121	3	-	-
2803	はらう	V	230	0	4	7	37	24	6	0	12	140	-	-
2804	沈みかける	V	230	0	0	8	6	1	39	2	174	0	-	-
2805	照る	V	230	1	0	9	103	8	10	3	89	7	-	-
2806	荒らす	V	230	0	0	14	9	46	46	70	21	24	-	-
2807	遺す	V	230	0	0	0	1	6	18	0	0	205	-	-
2808	飲み込める	V	230	0	0	73	5	41	2	24	85	0	-	-
2809	かわる	V	229	0	3	42	27	13	5	7	10	122	-	-
2810	しまえる	V	229	0	0	102	11	7	10	55	29	15	-	-
2811	カラフル	S	229	0	1	9	18	8	16	1	7	169	-	-
2812	積み込む	V	229	0	1	21	19	11	16	91	38	32	-	-
2813	あいまい	S	228	8	6	27	23	80	7	2	2	73	-	-
2814	もうける	V	228	0	0	0	0	4	0	0	0	224	-	-
2815	もたつく	V	228	0	0	96	4	16	2	0	110	0	-	-
2816	巻ける	V	228	0	0	150	12	19	7	14	24	2	-	-
2817	貧しい	A	228	0	0	0	8	26	11	0	1	182	-	-
2818	駆け下りる	V	228	0	0	23	28	0	56	4	116	1	-	-
2819	走り抜ける	V	227	0	0	2	29	4	30	28	127	7	-	-
2820	ぐちゃぐちゃ	S	226	0	0	162	1	59	0	0	3	1	-	-
2821	ける	V	226	0	1	4	90	14	8	4	4	101	-	-
2822	ラジカル	S	226	0	0	0	1	44	0	0	0	181	-	-
2823	明白	S	226	156	1	0	4	5	0	1	0	59	-	-
2824	踏み切る	V	226	0	0	0	23	148	0	20	5	30	-	-
2825	歩かす	V	225	0	0	5	0	0	0	216	4	0	-	-
2826	託す	V	225	0	0	8	76	56	30	5	7	43	-	-
2827	通える	V	225	0	0	164	1	12	7	21	9	11	-	-
2828	きょうする	V	224	0	0	0	0	0	0	0	0	224	-	-
2829	つぶる	V	224	0	0	41	12	15	4	0	141	11	-	-
2830	ほこる	V	224	0	0	43	5	39	2	0	131	4	-	-
2831	言い表す	V	224	1	0	0	104	14	0	70	0	35	-	-
2832	かなり	S	223	0	0	34	1	5	0	0	4	179	-	-
2833	やすい	A	223	0	0	47	1	11	0	0	6	158	-	-
2834	ゆる	V	223	0	4	4	66	2	1	0	1	145	-	-
2835	先駆ける	V	223	0	0	0	0	0	0	0	0	223	-	-
2836	振り返れる	V	223	52	0	11	115	39	3	1	2	0	-	-
2837	祭る	V	223	0	0	22	7	93	0	3	9	89	-	-
2838	降り積もる	V	223	0	0	1	79	16	38	5	70	14	-	-
2839	あやす	V	222	0	0	1	2	33	28	11	29	118	-	-
2840	しつこい	A	222	0	0	51	43	77	1	0	33	17	-	-
2841	まっ白	S	222	0	1	2	40	1	174	0	2	2	-	-
2842	もつれる	V	222	0	0	19	19	23	16	9	123	13	-	-
2843	働ける	V	222	4	0	51	22	105	7	5	19	9	-	-
2844	大胆	S	222	0	0	30	21	25	3	0	6	137	-	-
2845	帰す	V	222	1	0	37	32	13	31	40	6	62	-	-
2846	いじける	V	221	0	0	0	3	0	0	0	0	218	-	-
2847	願いでる	V	221	0	0	218	0	3	0	0	0	0	-	-
2848	ふやかす	V	220	0	0	19	8	81	0	0	112	0	-	-
2849	わする	V	220	0	120	0	3	0	0	0	0	97	-	-
2850	上れる	V	220	0	0	7	2	5	4	162	40	0	-	-
2851	当たり前	S	220	1	0	81	26	8	45	0	29	30	-	-
2852	揺らぐ	V	220	3	0	12	67	40	11	0	77	10	-	-
2853	眠たい	A	220	0	0	45	12	5	42	0	111	5	-	-
2854	追いつける	V	220	4	0	98	12	19	31	26	26	4	-	-
2855	しゅしょう	S	219	0	0	0	0	0	0	0	0	219	-	-
2856	たいへん	S	219	0	0	20	134	36	5	0	2	22	-	-
2857	張り出す	V	219	0	0	1	29	65	10	2	61	51	-	-
2858	更ける	V	219	0	0	3	71	7	24	0	109	5	-	-
2859	老いる	V	219	0	0	0	11	1	150	2	21	34	-	-
2860	だて	S	218	0	0	0	3	0	0	0	0	215	-	-
2861	まつる	V	218	0	0	1	11	118	0	0	12	76	-	-
2862	深め	S	218	2	0	176	2	15	1	1	15	6	-	-
2863	立ち会う	V	218	0	0	53	1	13	8	99	0	44	-	-
2864	見習う	V	218	0	0	146	10	6	42	3	0	11	-	-
2865	なつく	V	217	0	2	11	1	4	1	7	0	191	-	-
2866	わびしい	A	217	0	0	0	138	37	37	1	0	4	-	-
2867	持ち去る	V	217	0	0	3	21	19	51	79	4	40	-	-
2868	揺られる	V	217	0	0	1	67	3	16	9	119	2	-	-
2869	暗め	S	217	0	0	123	29	52	2	0	11	0	-	-
2870	踏ん張る	V	217	0	0	30	21	5	10	2	147	2	-	-
2871	いせる	V	216	0	0	0	0	0	0	0	0	216	-	-
2872	おぐらい	A	216	0	0	0	0	0	0	0	0	216	-	-
2873	もじる	V	216	0	0	2	25	1	0	0	1	187	-	-
2874	和やか	S	216	0	9	14	110	31	20	19	9	4	-	-
2875	引き合う	V	216	0	0	0	8	173	11	4	1	19	-	-
2876	甲高い	A	216	0	0	0	13	2	2	0	184	15	-	-
2877	粘る	V	216	0	0	65	23	28	2	1	80	17	-	-
2878	脂っこい	A	216	0	0	81	6	74	0	7	46	2	-	-
2879	腐る	V	216	0	0	3	16	115	4	5	25	48	-	yes
2880	苔むす	V	216	0	0	0	40	1	96	0	75	4	-	-
2881	しぬ	V	215	0	0	5	4	0	0	0	0	206	-	-
2882	ぬめる	V	215	0	0	5	2	57	1	0	149	1	-	-
2883	ふるまう	V	215	0	0	2	6	30	67	80	1	29	-	-
2884	仕切る	V	215	0	0	30	27	84	3	2	11	58	-	-
2885	定か	S	215	0	0	0	0	0	0	0	1	214	-	-
2886	あがる	V	214	0	1	7	63	5	6	1	1	130	-	-
2887	ぎする	V	214	0	0	0	0	1	0	0	0	213	-	-
2888	やぶれる	V	214	0	0	0	60	0	133	1	2	18	-	-
2889	倣う	V	214	1	0	1	2	1	0	0	0	209	-	-
2890	わかす	V	213	0	2	2	128	12	18	3	0	48	-	-
2891	わるい	A	213	0	6	1	54	46	50	0	0	56	-	-
2892	ファンタスティック	S	213	0	0	0	0	0	0	0	0	213	-	-
2893	マジカル	S	213	0	0	0	0	0	0	0	0	213	-	-
2894	乗り越える	V	213	1	0	14	45	40	2	3	9	99	-	-
2895	併せ持つ	V	213	2	1	0	0	29	0	1	0	180	-	-
2896	動き回る	V	213	0	0	32	55	69	8	2	25	22	-	-
2897	思い切る	V	213	0	0	132	14	7	13	1	40	6	-	-
2898	書き換わる	V	213	169	31	1	1	1	9	0	0	1	-	-
2899	稼ぐ	V	213	0	0	27	18	52	6	3	4	103	-	-
2900	融ける	V	213	0	0	0	27	112	2	10	50	12	-	-
2901	足早	S	213	0	0	12	11	0	34	0	154	2	-	-
2902	飲み残す	V	213	0	0	12	9	18	5	13	155	1	-	-
2903	うつくしい	A	212	0	0	0	0	0	2	0	0	210	-	-
2904	かぶれる	V	212	0	0	145	3	39	2	4	14	5	-	-
2905	もえる	V	212	0	0	0	1	0	3	0	0	208	-	-
2906	延ばせる	V	212	13	0	147	2	19	0	30	1	0	-	-
2907	溶け出す	V	212	0	0	0	20	168	0	0	21	3	-	-
2908	縮まる	V	212	29	5	39	34	16	17	1	59	12	-	-
2909	飛び上がる	V	212	0	0	5	22	2	28	1	145	9	-	-
2910	うれる	V	211	0	0	1	1	0	0	0	0	209	-	-
2911	へとへと	S	211	0	0	74	12	121	1	0	3	0	-	-
2912	ディフェンシブ	S	211	0	0	0	0	0	0	0	0	211	-	-
2913	払い落とす	V	211	0	0	3	3	19	4	0	181	1	-	-
2914	いびつ	S	210	0	0	123	3	6	21	0	45	12	-	-
2915	うつ	V	210	0	1	10	5	12	0	0	1	181	-	-
2916	つかまえる	V	210	0	0	22	40	17	52	17	17	45	-	-
2917	寝苦しい	A	210	0	0	45	82	11	0	7	65	0	-	-
2918	しまる	V	209	0	0	8	5	4	19	13	16	144	-	-
2919	たべる	V	209	0	6	1	3	7	1	0	0	191	-	-
2920	付け足す	V	209	31	27	55	2	30	26	1	20	17	-	-
2921	くらい	A	208	0	2	0	2	0	0	0	0	204	-	-
2922	切り離せる	V	208	176	1	1	3	10	0	5	5	7	-	-
2923	幅広	S	208	0	0	110	8	7	4	20	14	45	-	-
2924	掃き出す	V	208	0	0	10	9	1	13	4	169	2	-	-
2925	欠かす	V	208	10	0	7	14	2	19	104	31	21	-	-
2926	うめる	V	207	0	2	0	11	0	0	0	0	194	-	-
2927	こだい	S	207	0	2	0	1	0	0	0	0	204	-	-
2928	ごわつく	V	207	0	0	26	0	17	0	0	164	0	-	-
2929	なだらか	S	207	0	1	1	41	60	21	3	20	60	-	-
2930	まなぶ	V	207	0	0	1	14	0	0	0	0	192	-	-
2931	射る	V	207	0	0	0	15	36	3	57	1	95	-	-
2932	拠る	V	207	0	0	0	0	0	0	0	0	207	-	-
2933	根付く	V	207	0	9	5	0	94	0	44	4	51	-	yes
2934	いたい	A	206	0	0	16	11	3	2	0	7	167	-	-
2935	かおる	V	206	0	0	1	2	0	0	1	0	202	-	-
2936	こすりつける	V	206	0	0	7	7	20	4	3	163	2	-	-
2937	きょうずる	V	205	0	0	0	0	0	0	2	0	203	-	-
2938	つよい	A	205	0	2	2	6	0	3	0	0	192	-	-
2939	カリカリ	S	205	0	0	39	3	17	7	0	126	13	-	-
2940	塗り重ねる	V	205	0	0	0	3	153	6	5	27	11	-	-
2941	好く	V	205	0	0	145	12	11	4	0	5	28	-	-
2942	詩的	S	205	0	0	30	9	21	0	0	0	145	-	-
2943	貼り付く	V	205	0	0	5	5	53	10	37	94	1	-	-
2944	跳ね上がる	V	205	5	0	2	22	4	38	0	129	5	-	-
2945	集まれる	V	205	0	0	141	29	11	6	1	13	4	-	-
2946	いきる	V	204	0	0	2	0	2	0	0	0	200	-	-
2947	取り戻せる	V	204	16	1	91	24	47	10	0	8	7	-	-
2948	執り行う	V	204	0	0	0	0	6	0	0	0	198	-	-
2949	清める	V	204	0	0	2	31	136	7	0	9	19	-	-
2950	犯す	V	204	0	0	0	2	18	0	15	0	169	-	-
2951	飛びつく	V	204	0	0	65	8	59	18	0	52	2	-	-
2952	さえずる	V	203	0	4	10	50	7	44	33	52	3	-	-
2953	引き戻す	V	203	0	1	15	16	14	54	2	98	3	-	-
2954	興す	V	203	0	0	0	1	1	0	0	0	201	-	-
2955	たのしい	A	202	0	24	0	14	1	3	0	0	160	-	-
2956	ほえる	V	202	0	0	0	47	17	18	6	19	95	-	-
2957	縫える	V	202	0	0	65	14	2	3	104	14	0	-	-
2958	舞い落ちる	V	202	0	0	0	54	0	44	2	101	1	-	-
2959	しなう	V	201	0	0	1	11	0	5	0	153	31	-	-
2960	まあまあ	S	201	0	1	143	30	26	1	0	0	0	-	-
2961	浮き上がる	V	201	0	0	4	6	41	32	0	104	14	-	-
2962	物語る	V	201	0	0	1	16	37	1	0	99	47	-	-
2963	足る	V	201	3	0	60	11	22	4	0	3	98	-	-
2964	とぐ	V	200	0	0	7	50	52	2	17	4	68	-	-
2965	ぱさつく	V	200	0	0	31	11	22	0	2	134	0	-	-
2966	描き直す	V	200	1	0	23	4	16	103	24	25	4	-	-
2967	讃える	V	200	0	0	0	2	0	1	0	0	197	-	-
2968	跳る	V	200	0	0	0	1	19	0	1	0	179	-	-
2969	駆け出す	V	200	0	0	0	32	0	90	0	76	2	-	-
2970	あたらしい	A	199	0	8	0	40	4	18	6	0	123	-	-
2971	うせる	V	199	0	2	0	0	0	0	0	0	197	-	-
2972	しみこむ	V	199	0	0	4	102	48	15	0	28	2	-	-
2973	切	S	199	0	0	62	1	28	0	0	2	106	-	-
2974	叶う	V	199	0	0	88	6	1	13	0	5	86	-	-
2975	食べ残す	V	199	0	0	9	10	24	6	24	120	6	-	-
2976	まさる	V	198	0	5	1	0	0	0	0	0	192	-	-
2977	もろい	A	198	2	0	0	9	33	2	1	16	135	-	-
2978	似せる	V	198	9	0	4	20	79	3	3	1	79	-	-
2979	奥まる	V	198	0	0	185	2	7	0	0	0	4	-	-
2980	かす	V	197	11	21	2	8	4	0	0	0	151	-	-
2981	打ち直す	V	196	6	0	12	7	8	19	25	118	1	-	-
2982	払い戻す	V	196	0	0	100	0	61	2	24	0	9	-	-
2983	振り下ろす	V	196	0	0	0	4	19	14	0	150	9	-	-
2984	照りつける	V	196	0	0	1	27	0	3	7	158	0	-	-
2985	せき止める	V	195	0	0	4	56	31	44	0	33	27	-	-
2986	まぜる	V	195	0	18	0	61	26	37	7	1	45	-	-
2987	ゆで上がる	V	195	0	0	28	35	107	2	7	15	1	-	-
2988	とろける	V	194	0	0	10	48	5	2	2	108	19	-	-
2989	みのる	V	194	0	2	0	2	0	1	0	0	189	-	-
2990	敬う	V	194	0	0	1	27	126	9	3	0	28	-	-
2991	断つ	V	194	19	0	11	34	59	2	1	20	48	-	-
2992	欲張り	S	194	1	0	161	21	3	4	0	1	3	-	-
2993	素晴らしい	A	194	0	0	12	0	4	0	0	0	178	-	-
2994	おしい	A	193	0	0	2	1	2	2	0	0	186	-	-
2995	おもる	V	193	0	0	0	0	0	0	0	0	193	-	-
2996	つくす	V	193	0	5	10	60	1	1	1	0	115	-	-
2997	人的	S	193	0	0	1	0	13	0	0	0	179	-	-
2998	洗わす	V	193	0	0	0	0	0	0	193	0	0	-	-
2999	甘やかす	V	193	0	0	55	7	123	0	0	0	8	-	-
3000	謝れる	V	193	0	0	174	8	3	7	0	1	0	-	-
