{
  "meta": {
    "model": "openai-community/gpt2",
    "fit_corpus": "wikitext-2-raw-v1(train)",
    "eval_corpus": "wikitext-2-raw-v1(test)",
    "eval_tokens": 10240,
    "seq_len": 256,
    "device": "mps",
    "patch": "h -> mean_l + f(h - mean_l) on block outputs; f per config"
  },
  "phase1": {
    "baseline": {
      "kl_mean": 0.0,
      "top1_agreement": 1.0,
      "nll": 3.9975765692018994,
      "ppl": 54.465995393325585,
      "top1_accuracy": 0.31019607843137254
    },
    "configs": {
      "compound|k1|layers6|hard_r128": {
        "kl_mean": 1.0135609269142152,
        "top1_agreement": 0.4458984375,
        "nll": 4.979059867110907,
        "ppl": 145.33768067151016,
        "top1_accuracy": 0.1953921568627451,
        "ppl_ratio": 2.6684113568834222
      },
      "compound|k2|layers4-8|hard_r128": {
        "kl_mean": 1.6080430269241333,
        "top1_agreement": 0.337109375,
        "nll": 5.522631740196078,
        "ppl": 250.2928770034694,
        "top1_accuracy": 0.15372549019607842,
        "ppl_ratio": 4.5953970949393685
      },
      "compound|k4|layers2-5-7-10|hard_r128": {
        "kl_mean": 2.072788417339325,
        "top1_agreement": 0.26298828125,
        "nll": 5.947779612821691,
        "ppl": 382.9022033425288,
        "top1_accuracy": 0.1277450980392157,
        "ppl_ratio": 7.030114855652683
      },
      "compound|k6|layers2-3-5-7-9-10|hard_r128": {
        "kl_mean": 2.2424793004989625,
        "top1_agreement": 0.24326171875,
        "nll": 6.071477385876226,
        "ppl": 433.32039033433745,
        "top1_accuracy": 0.12284313725490197,
        "ppl_ratio": 7.955796772006442
      },
      "compound|k12|layers0-1-2-3-4-5-6-7-8-9-10-11|hard_r128": {
        "kl_mean": 3.357258415222168,
        "top1_agreement": 0.16884765625,
        "nll": 7.2973523188572305,
        "ppl": 1476.3857494151032,
        "top1_accuracy": 0.08647058823529412,
        "ppl_ratio": 27.106559583707224
      },
      "shrink|all|r64|alpha0.1": {
        "kl_mean": 3.806782054901123,
        "top1_agreement": 0.1515625,
        "nll": 7.740857603783701,
        "ppl": 2300.444407221629,
        "top1_accuracy": 0.07794117647058824,
        "ppl_ratio": 42.236341970967295
      },
      "shrink|all|r64|alpha0.25": {
        "kl_mean": 3.459940695762634,
        "top1_agreement": 0.16845703125,
        "nll": 7.368087038526348,
        "ppl": 1584.5996038424544,
        "top1_accuracy": 0.08862745098039215,
        "ppl_ratio": 29.093374543130732
      },
      "shrink|all|r64|alpha0.5": {
        "kl_mean": 2.819422888755798,
        "top1_agreement": 0.198046875,
        "nll": 6.721743594898897,
        "ppl": 830.2638940528105,
        "top1_accuracy": 0.1,
        "ppl_ratio": 15.243711017435173
      },
      "wiener|all|reff64": {
        "kl_mean": 4.627000522613526,
        "top1_agreement": 0.107421875,
        "nll": 8.679676298253677,
        "ppl": 5882.1422234193415,
        "top1_accuracy": 0.05303921568627451,
        "ppl_ratio": 107.99659826175059
      },
      "shrink|all|r128|alpha0.1": {
        "kl_mean": 3.1134145498275756,
        "top1_agreement": 0.18427734375,
        "nll": 7.044039186963848,
        "ppl": 1146.0072080064485,
        "top1_accuracy": 0.09245098039215686,
        "ppl_ratio": 21.040783331518504
      },
      "shrink|all|r128|alpha0.25": {
        "kl_mean": 2.7627891063690186,
        "top1_agreement": 0.21015625,
        "nll": 6.683873506433824,
        "ppl": 799.4096409473223,
        "top1_accuracy": 0.10490196078431373,
        "ppl_ratio": 14.677224480602886
      },
      "shrink|all|r128|alpha0.5": {
        "kl_mean": 2.146813893318176,
        "top1_agreement": 0.26630859375,
        "nll": 6.057057052313112,
        "ppl": 427.11660360702297,
        "top1_accuracy": 0.13117647058823528,
        "ppl_ratio": 7.841894755114731
      },
      "wiener|all|reff128": {
        "kl_mean": 4.242835426330567,
        "top1_agreement": 0.0375,
        "nll": 8.25337153416054,
        "ppl": 3840.552571895904,
        "top1_accuracy": 0.022058823529411766,
        "ppl_ratio": 70.51285015836754
      }
    },
    "wiener_meta": {
      "wiener|all|reff64": {
        "sigma2": 0.02970514402492371,
        "effective_rank": 64.0
      },
      "wiener|all|reff128": {
        "sigma2": 0.01163592839783895,
        "effective_rank": 128.0
      }
    }
  },
  "phase2": {
    "r128": {
      "rank": 128,
      "train": {
        "steps": 1000,
        "wall_time_s": 2732.7197811603546,
        "lr": 5e-05,
        "warmup": 50,
        "batch": [
          8,
          256
        ],
        "eval_every": 100,
        "history_val": [
          {
            "step": 0,
            "kl_mean": 3.3824185729026794,
            "top1_agreement": 0.17724609375,
            "nll": 7.154251397824755,
            "ppl": 1279.5342171342932,
            "top1_accuracy": 0.08897058823529412
          },
          {
            "step": 100,
            "kl_mean": 2.2585549354553223,
            "top1_agreement": 0.285400390625,
            "nll": 5.422698735255821,
            "ppl": 226.48953375218667,
            "top1_accuracy": 0.19264705882352942
          },
          {
            "step": 200,
            "kl_mean": 2.229956090450287,
            "top1_agreement": 0.2958984375,
            "nll": 5.219726682176777,
            "ppl": 184.88364516895962,
            "top1_accuracy": 0.21176470588235294
          },
          {
            "step": 300,
            "kl_mean": 2.2089364528656006,
            "top1_agreement": 0.310546875,
            "nll": 5.110345219630821,
            "ppl": 165.72755740562752,
            "top1_accuracy": 0.21985294117647058
          },
          {
            "step": 400,
            "kl_mean": 2.2019928097724915,
            "top1_agreement": 0.321533203125,
            "nll": 5.0366714776731,
            "ppl": 153.95671287478456,
            "top1_accuracy": 0.22475490196078432
          },
          {
            "step": 500,
            "kl_mean": 2.2216267585754395,
            "top1_agreement": 0.321044921875,
            "nll": 4.970560111251532,
            "ppl": 144.1075810476677,
            "top1_accuracy": 0.2284313725490196
          },
          {
            "step": 600,
            "kl_mean": 2.200852870941162,
            "top1_agreement": 0.332275390625,
            "nll": 4.921554146560968,
            "ppl": 137.21570086844997,
            "top1_accuracy": 0.23455882352941176
          },
          {
            "step": 700,
            "kl_mean": 2.1895047426223755,
            "top1_agreement": 0.33056640625,
            "nll": 4.8848818311504285,
            "ppl": 132.27483364580445,
            "top1_accuracy": 0.2375
          },
          {
            "step": 800,
            "kl_mean": 2.17812317609787,
            "top1_agreement": 0.3388671875,
            "nll": 4.845982570274203,
            "ppl": 127.2282312760503,
            "top1_accuracy": 0.24191176470588235
          },
          {
            "step": 900,
            "kl_mean": 2.189723163843155,
            "top1_agreement": 0.344482421875,
            "nll": 4.818564381318934,
            "ppl": 123.78725186467861,
            "top1_accuracy": 0.24485294117647058
          },
          {
            "step": 1000,
            "kl_mean": 2.193491131067276,
            "top1_agreement": 0.34619140625,
            "nll": 4.788951679304534,
            "ppl": 120.1753203298349,
            "top1_accuracy": 0.25073529411764706
          }
        ],
        "steps_to_95pct_improvement": 300,
        "val_ppl_start": 1279.5342171342932,
        "val_ppl_best": 120.1753203298349
      },
      "final_test": {
        "kl_mean": 2.126823937892914,
        "top1_agreement": 0.34130859375,
        "nll": 4.917644713158701,
        "ppl": 136.68031243875595,
        "top1_accuracy": 0.24362745098039215
      }
    },
    "r64": {
      "rank": 64,