set	id	mode	exp_decision	trap_before	trap_after	kind	fields	before	after
supp	supp-negated-route-01	fakemap	answer	NEGATED	None	NOT_ASKED->mapping	["escalate_reason", "escalate_detail", "mapping_outcome"]	{"decision": "escalate", "answer": null, "answer_option_index": null, "escalate_reason": "QUESTION_UNREADABLE", "escalate_detail": "NEGATED_QUESTION", "mapping_outcome": "NOT_ASKED:RULE_ESCALATION_NOT_RETRIED"}	{"decision": "escalate", "answer": null, "answer_option_index": null, "escalate_reason": "FRAME_SILENT", "escalate_detail": "MAP_NONE", "mapping_outcome": "ESCALATED:FRAME_SILENT/MAP_NONE"}
supp	supp-negated-route-01	off	answer	NEGATED	None	other	["escalate_detail"]	{"decision": "escalate", "answer": null, "answer_option_index": null, "escalate_reason": "QUESTION_UNREADABLE", "escalate_detail": "NEGATED_QUESTION"}	{"decision": "escalate", "answer": null, "answer_option_index": null, "escalate_reason": "QUESTION_UNREADABLE", "escalate_detail": "PREDICATE_UNREADABLE"}
supp	supp-negated-route-02	fakemap	answer	NEGATED	None	NOT_ASKED->mapping	["escalate_reason", "escalate_detail", "mapping_outcome"]	{"decision": "escalate", "answer": null, "answer_option_index": null, "escalate_reason": "QUESTION_UNREADABLE", "escalate_detail": "NEGATED_QUESTION", "mapping_outcome": "NOT_ASKED:RULE_ESCALATION_NOT_RETRIED"}	{"decision": "escalate", "answer": null, "answer_option_index": null, "escalate_reason": "FRAME_SILENT", "escalate_detail": "MAP_NONE", "mapping_outcome": "ESCALATED:FRAME_SILENT/MAP_NONE"}
supp	supp-negated-route-02	off	answer	NEGATED	None	other	["escalate_detail"]	{"decision": "escalate", "answer": null, "answer_option_index": null, "escalate_reason": "QUESTION_UNREADABLE", "escalate_detail": "NEGATED_QUESTION"}	{"decision": "escalate", "answer": null, "answer_option_index": null, "escalate_reason": "QUESTION_UNREADABLE", "escalate_detail": "PREDICATE_UNREADABLE"}
supp	supp-negated-route-03	fakemap	answer	NEGATED	None	NOT_ASKED->mapping	["escalate_reason", "escalate_detail", "mapping_outcome"]	{"decision": "escalate", "answer": null, "answer_option_index": null, "escalate_reason": "QUESTION_UNREADABLE", "escalate_detail": "NEGATED_QUESTION", "mapping_outcome": "NOT_ASKED:RULE_ESCALATION_NOT_RETRIED"}	{"decision": "escalate", "answer": null, "answer_option_index": null, "escalate_reason": "FRAME_SILENT", "escalate_detail": "MAP_NONE", "mapping_outcome": "ESCALATED:FRAME_SILENT/MAP_NONE"}
supp	supp-negated-route-03	off	answer	NEGATED	None	other	["escalate_detail"]	{"decision": "escalate", "answer": null, "answer_option_index": null, "escalate_reason": "QUESTION_UNREADABLE", "escalate_detail": "NEGATED_QUESTION"}	{"decision": "escalate", "answer": null, "answer_option_index": null, "escalate_reason": "QUESTION_UNREADABLE", "escalate_detail": "PREDICATE_UNREADABLE"}
supp	supp-negated-route-04	fakemap	answer	NEGATED	None	NOT_ASKED->mapping	["escalate_reason", "escalate_detail", "mapping_outcome"]	{"decision": "escalate", "answer": null, "answer_option_index": null, "escalate_reason": "QUESTION_UNREADABLE", "escalate_detail": "NEGATED_QUESTION", "mapping_outcome": "NOT_ASKED:RULE_ESCALATION_NOT_RETRIED"}	{"decision": "escalate", "answer": null, "answer_option_index": null, "escalate_reason": "FRAME_SILENT", "escalate_detail": "MAP_NONE", "mapping_outcome": "ESCALATED:FRAME_SILENT/MAP_NONE"}
supp	supp-negated-route-04	off	answer	NEGATED	None	other	["escalate_detail"]	{"decision": "escalate", "answer": null, "answer_option_index": null, "escalate_reason": "QUESTION_UNREADABLE", "escalate_detail": "NEGATED_QUESTION"}	{"decision": "escalate", "answer": null, "answer_option_index": null, "escalate_reason": "QUESTION_UNREADABLE", "escalate_detail": "PREDICATE_UNREADABLE"}
supp	supp-negated-route-05	fakemap	answer	NEGATED	None	NOT_ASKED->mapping	["escalate_reason", "escalate_detail", "mapping_outcome"]	{"decision": "escalate", "answer": null, "answer_option_index": null, "escalate_reason": "QUESTION_UNREADABLE", "escalate_detail": "NEGATED_QUESTION", "mapping_outcome": "NOT_ASKED:RULE_ESCALATION_NOT_RETRIED"}	{"decision": "escalate", "answer": null, "answer_option_index": null, "escalate_reason": "FRAME_SILENT", "escalate_detail": "MAP_NONE", "mapping_outcome": "ESCALATED:FRAME_SILENT/MAP_NONE"}
supp	supp-negated-route-05	off	answer	NEGATED	None	other	["escalate_detail"]	{"decision": "escalate", "answer": null, "answer_option_index": null, "escalate_reason": "QUESTION_UNREADABLE", "escalate_detail": "NEGATED_QUESTION"}	{"decision": "escalate", "answer": null, "answer_option_index": null, "escalate_reason": "QUESTION_UNREADABLE", "escalate_detail": "PREDICATE_UNREADABLE"}
supp	supp-negated-route-06	fakemap	answer	NEGATED	None	NOT_ASKED->mapping	["escalate_reason", "escalate_detail", "mapping_outcome"]	{"decision": "escalate", "answer": null, "answer_option_index": null, "escalate_reason": "QUESTION_UNREADABLE", "escalate_detail": "NEGATED_QUESTION", "mapping_outcome": "NOT_ASKED:RULE_ESCALATION_NOT_RETRIED"}	{"decision": "escalate", "answer": null, "answer_option_index": null, "escalate_reason": "FRAME_SILENT", "escalate_detail": "MAP_NONE", "mapping_outcome": "ESCALATED:FRAME_SILENT/MAP_NONE"}
supp	supp-negated-route-06	off	answer	NEGATED	None	other	["escalate_detail"]	{"decision": "escalate", "answer": null, "answer_option_index": null, "escalate_reason": "QUESTION_UNREADABLE", "escalate_detail": "NEGATED_QUESTION"}	{"decision": "escalate", "answer": null, "answer_option_index": null, "escalate_reason": "QUESTION_UNREADABLE", "escalate_detail": "PREDICATE_UNREADABLE"}
supp	supp-negated-route-07	fakemap	answer	NEGATED	None	NOT_ASKED->mapping	["escalate_reason", "escalate_detail", "mapping_outcome"]	{"decision": "escalate", "answer": null, "answer_option_index": null, "escalate_reason": "QUESTION_UNREADABLE", "escalate_detail": "NEGATED_QUESTION", "mapping_outcome": "NOT_ASKED:RULE_ESCALATION_NOT_RETRIED"}	{"decision": "escalate", "answer": null, "answer_option_index": null, "escalate_reason": "FRAME_SILENT", "escalate_detail": "MAP_NONE", "mapping_outcome": "ESCALATED:FRAME_SILENT/MAP_NONE"}
supp	supp-negated-route-07	off	answer	NEGATED	None	other	["escalate_detail"]	{"decision": "escalate", "answer": null, "answer_option_index": null, "escalate_reason": "QUESTION_UNREADABLE", "escalate_detail": "NEGATED_QUESTION"}	{"decision": "escalate", "answer": null, "answer_option_index": null, "escalate_reason": "QUESTION_UNREADABLE", "escalate_detail": "PREDICATE_UNREADABLE"}
supp	supp-negated-route-08	fakemap	answer	NEGATED	None	NOT_ASKED->mapping	["escalate_reason", "escalate_detail", "mapping_outcome"]	{"decision": "escalate", "answer": null, "answer_option_index": null, "escalate_reason": "QUESTION_UNREADABLE", "escalate_detail": "NEGATED_QUESTION", "mapping_outcome": "NOT_ASKED:RULE_ESCALATION_NOT_RETRIED"}	{"decision": "escalate", "answer": null, "answer_option_index": null, "escalate_reason": "FRAME_SILENT", "escalate_detail": "MAP_NONE", "mapping_outcome": "ESCALATED:FRAME_SILENT/MAP_NONE"}
supp	supp-negated-route-08	off	answer	NEGATED	None	other	["escalate_detail"]	{"decision": "escalate", "answer": null, "answer_option_index": null, "escalate_reason": "QUESTION_UNREADABLE", "escalate_detail": "NEGATED_QUESTION"}	{"decision": "escalate", "answer": null, "answer_option_index": null, "escalate_reason": "QUESTION_UNREADABLE", "escalate_detail": "PREDICATE_UNREADABLE"}
supp	supp-negated-route-09	fakemap	answer	NEGATED	None	NOT_ASKED->mapping	["escalate_reason", "escalate_detail", "mapping_outcome"]	{"decision": "escalate", "answer": null, "answer_option_index": null, "escalate_reason": "QUESTION_UNREADABLE", "escalate_detail": "NEGATED_QUESTION", "mapping_outcome": "NOT_ASKED:RULE_ESCALATION_NOT_RETRIED"}	{"decision": "escalate", "answer": null, "answer_option_index": null, "escalate_reason": "FRAME_SILENT", "escalate_detail": "MAP_NONE", "mapping_outcome": "ESCALATED:FRAME_SILENT/MAP_NONE"}
supp	supp-negated-route-09	off	answer	NEGATED	None	other	["escalate_detail"]	{"decision": "escalate", "answer": null, "answer_option_index": null, "escalate_reason": "QUESTION_UNREADABLE", "escalate_detail": "NEGATED_QUESTION"}	{"decision": "escalate", "answer": null, "answer_option_index": null, "escalate_reason": "QUESTION_UNREADABLE", "escalate_detail": "PREDICATE_UNREADABLE"}
supp	supp-negated-route-10	fakemap	answer	NEGATED	None	NOT_ASKED->mapping	["escalate_reason", "escalate_detail", "mapping_outcome"]	{"decision": "escalate", "answer": null, "answer_option_index": null, "escalate_reason": "QUESTION_UNREADABLE", "escalate_detail": "NEGATED_QUESTION", "mapping_outcome": "NOT_ASKED:RULE_ESCALATION_NOT_RETRIED"}	{"decision": "escalate", "answer": null, "answer_option_index": null, "escalate_reason": "FRAME_SILENT", "escalate_detail": "MAP_NONE", "mapping_outcome": "ESCALATED:FRAME_SILENT/MAP_NONE"}
supp	supp-negated-route-10	off	answer	NEGATED	None	other	["escalate_detail"]	{"decision": "escalate", "answer": null, "answer_option_index": null, "escalate_reason": "QUESTION_UNREADABLE", "escalate_detail": "NEGATED_QUESTION"}	{"decision": "escalate", "answer": null, "answer_option_index": null, "escalate_reason": "QUESTION_UNREADABLE", "escalate_detail": "PREDICATE_UNREADABLE"}
supp	supp-no_allowlist-route-01	fakemap	answer	NO_ALLOWLIST	None	NOT_ASKED->mapping	["escalate_detail", "mapping_outcome"]	{"decision": "escalate", "answer": null, "answer_option_index": null, "escalate_reason": "FRAME_SILENT", "escalate_detail": "NO_ALLOWLIST", "mapping_outcome": "NOT_ASKED:RULE_ESCALATION_NOT_RETRIED"}	{"decision": "escalate", "answer": null, "answer_option_index": null, "escalate_reason": "FRAME_SILENT", "escalate_detail": "MAP_NONE", "mapping_outcome": "ESCALATED:FRAME_SILENT/MAP_NONE"}
supp	supp-no_allowlist-route-01	off	answer	NO_ALLOWLIST	None	other	["escalate_reason", "escalate_detail"]	{"decision": "escalate", "answer": null, "answer_option_index": null, "escalate_reason": "FRAME_SILENT", "escalate_detail": "NO_ALLOWLIST"}	{"decision": "escalate", "answer": null, "answer_option_index": null, "escalate_reason": "QUESTION_UNREADABLE", "escalate_detail": "PREDICATE_UNREADABLE"}
supp	supp-no_allowlist-route-02	fakemap	answer	NO_ALLOWLIST	None	NOT_ASKED->mapping	["escalate_detail", "mapping_outcome"]	{"decision": "escalate", "answer": null, "answer_option_index": null, "escalate_reason": "FRAME_SILENT", "escalate_detail": "NO_ALLOWLIST", "mapping_outcome": "NOT_ASKED:RULE_ESCALATION_NOT_RETRIED"}	{"decision": "escalate", "answer": null, "answer_option_index": null, "escalate_reason": "FRAME_SILENT", "escalate_detail": "MAP_NONE", "mapping_outcome": "ESCALATED:FRAME_SILENT/MAP_NONE"}
supp	supp-no_allowlist-route-02	off	answer	NO_ALLOWLIST	None	other	["escalate_detail"]	{"decision": "escalate", "answer": null, "answer_option_index": null, "escalate_reason": "FRAME_SILENT", "escalate_detail": "NO_ALLOWLIST"}	{"decision": "escalate", "answer": null, "answer_option_index": null, "escalate_reason": "FRAME_SILENT", "escalate_detail": "NO_RECORD_DECIDES"}
supp	supp-no_allowlist-route-03	fakemap	answer	NO_ALLOWLIST	None	NOT_ASKED->mapping	["escalate_detail", "mapping_outcome"]	{"decision": "escalate", "answer": null, "answer_option_index": null, "escalate_reason": "FRAME_SILENT", "escalate_detail": "NO_ALLOWLIST", "mapping_outcome": "NOT_ASKED:RULE_ESCALATION_NOT_RETRIED"}	{"decision": "escalate", "answer": null, "answer_option_index": null, "escalate_reason": "FRAME_SILENT", "escalate_detail": "MAP_NONE", "mapping_outcome": "ESCALATED:FRAME_SILENT/MAP_NONE"}
supp	supp-no_allowlist-route-03	off	answer	NO_ALLOWLIST	None	other	["escalate_detail"]	{"decision": "escalate", "answer": null, "answer_option_index": null, "escalate_reason": "FRAME_SILENT", "escalate_detail": "NO_ALLOWLIST"}	{"decision": "escalate", "answer": null, "answer_option_index": null, "escalate_reason": "FRAME_SILENT", "escalate_detail": "NO_RECORD_DECIDES"}
supp	supp-no_allowlist-route-04	fakemap	answer	NO_ALLOWLIST	None	NOT_ASKED->mapping	["escalate_detail", "mapping_outcome"]	{"decision": "escalate", "answer": null, "answer_option_index": null, "escalate_reason": "FRAME_SILENT", "escalate_detail": "NO_ALLOWLIST", "mapping_outcome": "NOT_ASKED:RULE_ESCALATION_NOT_RETRIED"}	{"decision": "escalate", "answer": null, "answer_option_index": null, "escalate_reason": "FRAME_SILENT", "escalate_detail": "MAP_NONE", "mapping_outcome": "ESCALATED:FRAME_SILENT/MAP_NONE"}
supp	supp-no_allowlist-route-04	off	answer	NO_ALLOWLIST	None	other	["escalate_reason", "escalate_detail"]	{"decision": "escalate", "answer": null, "answer_option_index": null, "escalate_reason": "FRAME_SILENT", "escalate_detail": "NO_ALLOWLIST"}	{"decision": "escalate", "answer": null, "answer_option_index": null, "escalate_reason": "QUESTION_UNREADABLE", "escalate_detail": "PREDICATE_UNREADABLE"}
supp	supp-no_allowlist-route-05	fakemap	answer	NO_ALLOWLIST	None	NOT_ASKED->mapping	["escalate_detail", "mapping_outcome"]	{"decision": "escalate", "answer": null, "answer_option_index": null, "escalate_reason": "FRAME_SILENT", "escalate_detail": "NO_ALLOWLIST", "mapping_outcome": "NOT_ASKED:RULE_ESCALATION_NOT_RETRIED"}	{"decision": "escalate", "answer": null, "answer_option_index": null, "escalate_reason": "FRAME_SILENT", "escalate_detail": "MAP_NONE", "mapping_outcome": "ESCALATED:FRAME_SILENT/MAP_NONE"}
supp	supp-no_allowlist-route-05	off	answer	NO_ALLOWLIST	None	other	["escalate_reason", "escalate_detail"]	{"decision": "escalate", "answer": null, "answer_option_index": null, "escalate_reason": "FRAME_SILENT", "escalate_detail": "NO_ALLOWLIST"}	{"decision": "escalate", "answer": null, "answer_option_index": null, "escalate_reason": "QUESTION_UNREADABLE", "escalate_detail": "PREDICATE_UNREADABLE"}
supp	supp-no_allowlist-route-06	fakemap	answer	NO_ALLOWLIST	None	NOT_ASKED->mapping	["escalate_detail", "mapping_outcome"]	{"decision": "escalate", "answer": null, "answer_option_index": null, "escalate_reason": "FRAME_SILENT", "escalate_detail": "NO_ALLOWLIST", "mapping_outcome": "NOT_ASKED:RULE_ESCALATION_NOT_RETRIED"}	{"decision": "escalate", "answer": null, "answer_option_index": null, "escalate_reason": "FRAME_SILENT", "escalate_detail": "MAP_NONE", "mapping_outcome": "ESCALATED:FRAME_SILENT/MAP_NONE"}
supp	supp-no_allowlist-route-06	off	answer	NO_ALLOWLIST	None	other	["escalate_reason", "escalate_detail"]	{"decision": "escalate", "answer": null, "answer_option_index": null, "escalate_reason": "FRAME_SILENT", "escalate_detail": "NO_ALLOWLIST"}	{"decision": "escalate", "answer": null, "answer_option_index": null, "escalate_reason": "QUESTION_UNREADABLE", "escalate_detail": "PREDICATE_UNREADABLE"}
supp	supp-no_allowlist-route-07	fakemap	answer	NO_ALLOWLIST	None	NOT_ASKED->mapping	["escalate_detail", "mapping_outcome"]	{"decision": "escalate", "answer": null, "answer_option_index": null, "escalate_reason": "FRAME_SILENT", "escalate_detail": "NO_ALLOWLIST", "mapping_outcome": "NOT_ASKED:RULE_ESCALATION_NOT_RETRIED"}	{"decision": "escalate", "answer": null, "answer_option_index": null, "escalate_reason": "FRAME_SILENT", "escalate_detail": "MAP_NONE", "mapping_outcome": "ESCALATED:FRAME_SILENT/MAP_NONE"}
supp	supp-no_allowlist-route-07	off	answer	NO_ALLOWLIST	None	other	["escalate_reason", "escalate_detail"]	{"decision": "escalate", "answer": null, "answer_option_index": null, "escalate_reason": "FRAME_SILENT", "escalate_detail": "NO_ALLOWLIST"}	{"decision": "escalate", "answer": null, "answer_option_index": null, "escalate_reason": "QUESTION_UNREADABLE", "escalate_detail": "PREDICATE_UNREADABLE"}
supp	supp-no_allowlist-route-08	fakemap	answer	NO_ALLOWLIST	None	NOT_ASKED->mapping	["escalate_detail", "mapping_outcome"]	{"decision": "escalate", "answer": null, "answer_option_index": null, "escalate_reason": "FRAME_SILENT", "escalate_detail": "NO_ALLOWLIST", "mapping_outcome": "NOT_ASKED:RULE_ESCALATION_NOT_RETRIED"}	{"decision": "escalate", "answer": null, "answer_option_index": null, "escalate_reason": "FRAME_SILENT", "escalate_detail": "MAP_NONE", "mapping_outcome": "ESCALATED:FRAME_SILENT/MAP_NONE"}
supp	supp-no_allowlist-route-08	off	answer	NO_ALLOWLIST	None	other	["escalate_reason", "escalate_detail"]	{"decision": "escalate", "answer": null, "answer_option_index": null, "escalate_reason": "FRAME_SILENT", "escalate_detail": "NO_ALLOWLIST"}	{"decision": "escalate", "answer": null, "answer_option_index": null, "escalate_reason": "QUESTION_UNREADABLE", "escalate_detail": "PREDICATE_UNREADABLE"}
supp	supp-no_allowlist-route-09	fakemap	answer	NO_ALLOWLIST	None	NOT_ASKED->mapping	["escalate_detail", "mapping_outcome"]	{"decision": "escalate", "answer": null, "answer_option_index": null, "escalate_reason": "FRAME_SILENT", "escalate_detail": "NO_ALLOWLIST", "mapping_outcome": "NOT_ASKED:RULE_ESCALATION_NOT_RETRIED"}	{"decision": "escalate", "answer": null, "answer_option_index": null, "escalate_reason": "FRAME_SILENT", "escalate_detail": "MAP_NONE", "mapping_outcome": "ESCALATED:FRAME_SILENT/MAP_NONE"}
supp	supp-no_allowlist-route-09	off	answer	NO_ALLOWLIST	None	other	["escalate_reason", "escalate_detail"]	{"decision": "escalate", "answer": null, "answer_option_index": null, "escalate_reason": "FRAME_SILENT", "escalate_detail": "NO_ALLOWLIST"}	{"decision": "escalate", "answer": null, "answer_option_index": null, "escalate_reason": "QUESTION_UNREADABLE", "escalate_detail": "PREDICATE_UNREADABLE"}
supp	supp-no_allowlist-route-10	fakemap	answer	NO_ALLOWLIST	None	NOT_ASKED->mapping	["escalate_detail", "mapping_outcome"]	{"decision": "escalate", "answer": null, "answer_option_index": null, "escalate_reason": "FRAME_SILENT", "escalate_detail": "NO_ALLOWLIST", "mapping_outcome": "NOT_ASKED:RULE_ESCALATION_NOT_RETRIED"}	{"decision": "escalate", "answer": null, "answer_option_index": null, "escalate_reason": "FRAME_SILENT", "escalate_detail": "MAP_NONE", "mapping_outcome": "ESCALATED:FRAME_SILENT/MAP_NONE"}
supp	supp-no_allowlist-route-10	off	answer	NO_ALLOWLIST	None	other	["escalate_reason", "escalate_detail"]	{"decision": "escalate", "answer": null, "answer_option_index": null, "escalate_reason": "FRAME_SILENT", "escalate_detail": "NO_ALLOWLIST"}	{"decision": "escalate", "answer": null, "answer_option_index": null, "escalate_reason": "QUESTION_UNREADABLE", "escalate_detail": "PREDICATE_UNREADABLE"}
supp	supp-no_allowlist-route-11	fakemap	answer	NO_ALLOWLIST	None	NOT_ASKED->mapping	["escalate_detail", "mapping_outcome"]	{"decision": "escalate", "answer": null, "answer_option_index": null, "escalate_reason": "FRAME_SILENT", "escalate_detail": "NO_ALLOWLIST", "mapping_outcome": "NOT_ASKED:RULE_ESCALATION_NOT_RETRIED"}	{"decision": "escalate", "answer": null, "answer_option_index": null, "escalate_reason": "FRAME_SILENT", "escalate_detail": "MAP_NONE", "mapping_outcome": "ESCALATED:FRAME_SILENT/MAP_NONE"}
supp	supp-no_allowlist-route-11	off	answer	NO_ALLOWLIST	None	other	["escalate_reason", "escalate_detail"]	{"decision": "escalate", "answer": null, "answer_option_index": null, "escalate_reason": "FRAME_SILENT", "escalate_detail": "NO_ALLOWLIST"}	{"decision": "escalate", "answer": null, "answer_option_index": null, "escalate_reason": "QUESTION_UNREADABLE", "escalate_detail": "PREDICATE_UNREADABLE"}
supp	supp-no_allowlist-route-12	fakemap	answer	NO_ALLOWLIST	None	NOT_ASKED->mapping	["escalate_detail", "mapping_outcome"]	{"decision": "escalate", "answer": null, "answer_option_index": null, "escalate_reason": "FRAME_SILENT", "escalate_detail": "NO_ALLOWLIST", "mapping_outcome": "NOT_ASKED:RULE_ESCALATION_NOT_RETRIED"}	{"decision": "escalate", "answer": null, "answer_option_index": null, "escalate_reason": "FRAME_SILENT", "escalate_detail": "MAP_NONE", "mapping_outcome": "ESCALATED:FRAME_SILENT/MAP_NONE"}
supp	supp-no_allowlist-route-12	off	answer	NO_ALLOWLIST	None	other	["escalate_reason", "escalate_detail"]	{"decision": "escalate", "answer": null, "answer_option_index": null, "escalate_reason": "FRAME_SILENT", "escalate_detail": "NO_ALLOWLIST"}	{"decision": "escalate", "answer": null, "answer_option_index": null, "escalate_reason": "QUESTION_UNREADABLE", "escalate_detail": "PREDICATE_UNREADABLE"}
supp	supp-no_allowlist-route-13	fakemap	answer	NO_ALLOWLIST	None	NOT_ASKED->mapping	["escalate_detail", "mapping_outcome"]	{"decision": "escalate", "answer": null, "answer_option_index": null, "escalate_reason": "FRAME_SILENT", "escalate_detail": "NO_ALLOWLIST", "mapping_outcome": "NOT_ASKED:RULE_ESCALATION_NOT_RETRIED"}	{"decision": "escalate", "answer": null, "answer_option_index": null, "escalate_reason": "FRAME_SILENT", "escalate_detail": "MAP_NONE", "mapping_outcome": "ESCALATED:FRAME_SILENT/MAP_NONE"}
supp	supp-no_allowlist-route-13	off	answer	NO_ALLOWLIST	None	other	["escalate_reason", "escalate_detail"]	{"decision": "escalate", "answer": null, "answer_option_index": null, "escalate_reason": "FRAME_SILENT", "escalate_detail": "NO_ALLOWLIST"}	{"decision": "escalate", "answer": null, "answer_option_index": null, "escalate_reason": "QUESTION_UNREADABLE", "escalate_detail": "PREDICATE_UNREADABLE"}
supp	supp-no_allowlist-route-14	fakemap	answer	NO_ALLOWLIST	None	NOT_ASKED->mapping	["escalate_detail", "mapping_outcome"]	{"decision": "escalate", "answer": null, "answer_option_index": null, "escalate_reason": "FRAME_SILENT", "escalate_detail": "NO_ALLOWLIST", "mapping_outcome": "NOT_ASKED:RULE_ESCALATION_NOT_RETRIED"}	{"decision": "escalate", "answer": null, "answer_option_index": null, "escalate_reason": "FRAME_SILENT", "escalate_detail": "MAP_NONE", "mapping_outcome": "ESCALATED:FRAME_SILENT/MAP_NONE"}
supp	supp-no_allowlist-route-14	off	answer	NO_ALLOWLIST	None	other	["escalate_reason", "escalate_detail"]	{"decision": "escalate", "answer": null, "answer_option_index": null, "escalate_reason": "FRAME_SILENT", "escalate_detail": "NO_ALLOWLIST"}	{"decision": "escalate", "answer": null, "answer_option_index": null, "escalate_reason": "QUESTION_UNREADABLE", "escalate_detail": "PREDICATE_UNREADABLE"}
supp	supp-no_allowlist-route-15	fakemap	answer	NO_ALLOWLIST	None	NOT_ASKED->mapping	["escalate_detail", "mapping_outcome"]	{"decision": "escalate", "answer": null, "answer_option_index": null, "escalate_reason": "FRAME_SILENT", "escalate_detail": "NO_ALLOWLIST", "mapping_outcome": "NOT_ASKED:RULE_ESCALATION_NOT_RETRIED"}	{"decision": "escalate", "answer": null, "answer_option_index": null, "escalate_reason": "FRAME_SILENT", "escalate_detail": "MAP_NONE", "mapping_outcome": "ESCALATED:FRAME_SILENT/MAP_NONE"}
supp	supp-no_allowlist-route-15	off	answer	NO_ALLOWLIST	None	other	["escalate_reason", "escalate_detail"]	{"decision": "escalate", "answer": null, "answer_option_index": null, "escalate_reason": "FRAME_SILENT", "escalate_detail": "NO_ALLOWLIST"}	{"decision": "escalate", "answer": null, "answer_option_index": null, "escalate_reason": "QUESTION_UNREADABLE", "escalate_detail": "PREDICATE_UNREADABLE"}
w2c2	w2c2-builtin-route-01	fakemap	answer	BUILTIN	None	NOT_ASKED->mapping	["escalate_reason", "escalate_detail", "mapping_outcome"]	{"decision": "escalate", "answer": null, "answer_option_index": null, "escalate_reason": "HUMAN_APPROVAL_REQUIRED", "escalate_detail": "BUILTIN_PROTECTED", "mapping_outcome": "NOT_ASKED:RULE_ESCALATION_NOT_RETRIED"}	{"decision": "escalate", "answer": null, "answer_option_index": null, "escalate_reason": "FRAME_SILENT", "escalate_detail": "MAP_NONE", "mapping_outcome": "ESCALATED:FRAME_SILENT/MAP_NONE"}
w2c2	w2c2-builtin-route-01	off	answer	BUILTIN	None	other	["escalate_reason", "escalate_detail"]	{"decision": "escalate", "answer": null, "answer_option_index": null, "escalate_reason": "HUMAN_APPROVAL_REQUIRED", "escalate_detail": "BUILTIN_PROTECTED"}	{"decision": "escalate", "answer": null, "answer_option_index": null, "escalate_reason": "VOCAB_UNMAPPED", "escalate_detail": "NO_SINGLE_TERM"}
w2c2	w2c2-builtin-route-02	fakemap	answer	BUILTIN	None	NOT_ASKED->mapping	["escalate_reason", "escalate_detail", "mapping_outcome"]	{"decision": "escalate", "answer": null, "answer_option_index": null, "escalate_reason": "HUMAN_APPROVAL_REQUIRED", "escalate_detail": "BUILTIN_PROTECTED", "mapping_outcome": "NOT_ASKED:RULE_ESCALATION_NOT_RETRIED"}	{"decision": "escalate", "answer": null, "answer_option_index": null, "escalate_reason": "FRAME_SILENT", "escalate_detail": "MAP_NONE", "mapping_outcome": "ESCALATED:FRAME_SILENT/MAP_NONE"}
w2c2	w2c2-builtin-route-02	off	answer	BUILTIN	None	other	["escalate_reason", "escalate_detail"]	{"decision": "escalate", "answer": null, "answer_option_index": null, "escalate_reason": "HUMAN_APPROVAL_REQUIRED", "escalate_detail": "BUILTIN_PROTECTED"}	{"decision": "escalate", "answer": null, "answer_option_index": null, "escalate_reason": "VOCAB_UNMAPPED", "escalate_detail": "NO_SINGLE_TERM"}
w2c2	w2c2-builtin-route-03	fakemap	answer	BUILTIN	None	NOT_ASKED->mapping	["escalate_reason", "escalate_detail", "mapping_outcome"]	{"decision": "escalate", "answer": null, "answer_option_index": null, "escalate_reason": "HUMAN_APPROVAL_REQUIRED", "escalate_detail": "BUILTIN_PROTECTED", "mapping_outcome": "NOT_ASKED:RULE_ESCALATION_NOT_RETRIED"}	{"decision": "escalate", "answer": null, "answer_option_index": null, "escalate_reason": "FRAME_SILENT", "escalate_detail": "MAP_NONE", "mapping_outcome": "ESCALATED:FRAME_SILENT/MAP_NONE"}
w2c2	w2c2-builtin-route-03	off	answer	BUILTIN	None	other	["escalate_reason", "escalate_detail"]	{"decision": "escalate", "answer": null, "answer_option_index": null, "escalate_reason": "HUMAN_APPROVAL_REQUIRED", "escalate_detail": "BUILTIN_PROTECTED"}	{"decision": "escalate", "answer": null, "answer_option_index": null, "escalate_reason": "VOCAB_UNMAPPED", "escalate_detail": "NO_SINGLE_TERM"}
w2c2	w2c2-builtin-route-04	fakemap	answer	BUILTIN	None	NOT_ASKED->mapping	["escalate_reason", "escalate_detail", "mapping_outcome"]	{"decision": "escalate", "answer": null, "answer_option_index": null, "escalate_reason": "HUMAN_APPROVAL_REQUIRED", "escalate_detail": "BUILTIN_PROTECTED", "mapping_outcome": "NOT_ASKED:RULE_ESCALATION_NOT_RETRIED"}	{"decision": "escalate", "answer": null, "answer_option_index": null, "escalate_reason": "FRAME_SILENT", "escalate_detail": "MAP_NONE", "mapping_outcome": "ESCALATED:FRAME_SILENT/MAP_NONE"}
w2c2	w2c2-builtin-route-04	off	answer	BUILTIN	None	other	["escalate_reason", "escalate_detail"]	{"decision": "escalate", "answer": null, "answer_option_index": null, "escalate_reason": "HUMAN_APPROVAL_REQUIRED", "escalate_detail": "BUILTIN_PROTECTED"}	{"decision": "escalate", "answer": null, "answer_option_index": null, "escalate_reason": "VOCAB_UNMAPPED", "escalate_detail": "VOCAB_LLM_OFF"}
w2c2	w2c2-builtin-route-05	fakemap	answer	BUILTIN	None	NOT_ASKED->mapping	["escalate_reason", "escalate_detail", "mapping_outcome"]	{"decision": "escalate", "answer": null, "answer_option_index": null, "escalate_reason": "HUMAN_APPROVAL_REQUIRED", "escalate_detail": "BUILTIN_PROTECTED", "mapping_outcome": "NOT_ASKED:RULE_ESCALATION_NOT_RETRIED"}	{"decision": "escalate", "answer": null, "answer_option_index": null, "escalate_reason": "FRAME_SILENT", "escalate_detail": "MAP_NONE", "mapping_outcome": "ESCALATED:FRAME_SILENT/MAP_NONE"}
w2c2	w2c2-builtin-route-05	off	answer	BUILTIN	None	other	["escalate_reason", "escalate_detail"]	{"decision": "escalate", "answer": null, "answer_option_index": null, "escalate_reason": "HUMAN_APPROVAL_REQUIRED", "escalate_detail": "BUILTIN_PROTECTED"}	{"decision": "escalate", "answer": null, "answer_option_index": null, "escalate_reason": "VOCAB_UNMAPPED", "escalate_detail": "VOCAB_LLM_OFF"}
w2c2	w2c2-builtin-route-06	fakemap	answer	BUILTIN	None	NOT_ASKED->mapping	["escalate_reason", "escalate_detail", "mapping_outcome"]	{"decision": "escalate", "answer": null, "answer_option_index": null, "escalate_reason": "HUMAN_APPROVAL_REQUIRED", "escalate_detail": "BUILTIN_PROTECTED", "mapping_outcome": "NOT_ASKED:RULE_ESCALATION_NOT_RETRIED"}	{"decision": "escalate", "answer": null, "answer_option_index": null, "escalate_reason": "FRAME_SILENT", "escalate_detail": "MAP_NONE", "mapping_outcome": "ESCALATED:FRAME_SILENT/MAP_NONE"}
w2c2	w2c2-builtin-route-06	off	answer	BUILTIN	None	other	["escalate_reason", "escalate_detail"]	{"decision": "escalate", "answer": null, "answer_option_index": null, "escalate_reason": "HUMAN_APPROVAL_REQUIRED", "escalate_detail": "BUILTIN_PROTECTED"}	{"decision": "escalate", "answer": null, "answer_option_index": null, "escalate_reason": "VOCAB_UNMAPPED", "escalate_detail": "VOCAB_LLM_OFF"}
w2c2	w2c2-builtin-route-07	fakemap	answer	BUILTIN	None	NOT_ASKED->mapping	["escalate_reason", "escalate_detail", "mapping_outcome"]	{"decision": "escalate", "answer": null, "answer_option_index": null, "escalate_reason": "HUMAN_APPROVAL_REQUIRED", "escalate_detail": "BUILTIN_PROTECTED", "mapping_outcome": "NOT_ASKED:RULE_ESCALATION_NOT_RETRIED"}	{"decision": "escalate", "answer": null, "answer_option_index": null, "escalate_reason": "FRAME_SILENT", "escalate_detail": "MAP_NONE", "mapping_outcome": "ESCALATED:FRAME_SILENT/MAP_NONE"}
w2c2	w2c2-builtin-route-07	off	answer	BUILTIN	None	other	["escalate_reason", "escalate_detail"]	{"decision": "escalate", "answer": null, "answer_option_index": null, "escalate_reason": "HUMAN_APPROVAL_REQUIRED", "escalate_detail": "BUILTIN_PROTECTED"}	{"decision": "escalate", "answer": null, "answer_option_index": null, "escalate_reason": "VOCAB_UNMAPPED", "escalate_detail": "VOCAB_LLM_OFF"}
w2c2	w2c2-builtin-route-08	fakemap	answer	BUILTIN	None	NOT_ASKED->mapping	["escalate_reason", "escalate_detail", "mapping_outcome"]	{"decision": "escalate", "answer": null, "answer_option_index": null, "escalate_reason": "HUMAN_APPROVAL_REQUIRED", "escalate_detail": "BUILTIN_PROTECTED", "mapping_outcome": "NOT_ASKED:RULE_ESCALATION_NOT_RETRIED"}	{"decision": "escalate", "answer": null, "answer_option_index": null, "escalate_reason": "FRAME_SILENT", "escalate_detail": "MAP_NONE", "mapping_outcome": "ESCALATED:FRAME_SILENT/MAP_NONE"}
w2c2	w2c2-builtin-route-08	off	answer	BUILTIN	None	other	["escalate_reason", "escalate_detail"]	{"decision": "escalate", "answer": null, "answer_option_index": null, "escalate_reason": "HUMAN_APPROVAL_REQUIRED", "escalate_detail": "BUILTIN_PROTECTED"}	{"decision": "escalate", "answer": null, "answer_option_index": null, "escalate_reason": "VOCAB_UNMAPPED", "escalate_detail": "NO_SINGLE_TERM"}
w2c2	w2c2-builtin-route-09	fakemap	answer	BUILTIN	None	NOT_ASKED->mapping	["escalate_reason", "escalate_detail", "mapping_outcome"]	{"decision": "escalate", "answer": null, "answer_option_index": null, "escalate_reason": "HUMAN_APPROVAL_REQUIRED", "escalate_detail": "BUILTIN_PROTECTED", "mapping_outcome": "NOT_ASKED:RULE_ESCALATION_NOT_RETRIED"}	{"decision": "escalate", "answer": null, "answer_option_index": null, "escalate_reason": "FRAME_SILENT", "escalate_detail": "MAP_NONE", "mapping_outcome": "ESCALATED:FRAME_SILENT/MAP_NONE"}
w2c2	w2c2-builtin-route-09	off	answer	BUILTIN	None	other	["escalate_reason", "escalate_detail"]	{"decision": "escalate", "answer": null, "answer_option_index": null, "escalate_reason": "HUMAN_APPROVAL_REQUIRED", "escalate_detail": "BUILTIN_PROTECTED"}	{"decision": "escalate", "answer": null, "answer_option_index": null, "escalate_reason": "VOCAB_UNMAPPED", "escalate_detail": "VOCAB_LLM_OFF"}
w2c2	w2c2-builtin-route-10	fakemap	answer	BUILTIN	None	NOT_ASKED->mapping	["escalate_reason", "escalate_detail", "mapping_outcome"]	{"decision": "escalate", "answer": null, "answer_option_index": null, "escalate_reason": "HUMAN_APPROVAL_REQUIRED", "escalate_detail": "BUILTIN_PROTECTED", "mapping_outcome": "NOT_ASKED:RULE_ESCALATION_NOT_RETRIED"}	{"decision": "escalate", "answer": null, "answer_option_index": null, "escalate_reason": "FRAME_SILENT", "escalate_detail": "MAP_NONE", "mapping_outcome": "ESCALATED:FRAME_SILENT/MAP_NONE"}
w2c2	w2c2-builtin-route-10	off	answer	BUILTIN	None	other	["escalate_reason", "escalate_detail"]	{"decision": "escalate", "answer": null, "answer_option_index": null, "escalate_reason": "HUMAN_APPROVAL_REQUIRED", "escalate_detail": "BUILTIN_PROTECTED"}	{"decision": "escalate", "answer": null, "answer_option_index": null, "escalate_reason": "VOCAB_UNMAPPED", "escalate_detail": "VOCAB_LLM_OFF"}
w2c2	w2c2-builtin-route-11	fakemap	answer	BUILTIN	None	NOT_ASKED->mapping	["escalate_reason", "escalate_detail", "mapping_outcome"]	{"decision": "escalate", "answer": null, "answer_option_index": null, "escalate_reason": "HUMAN_APPROVAL_REQUIRED", "escalate_detail": "BUILTIN_PROTECTED", "mapping_outcome": "NOT_ASKED:RULE_ESCALATION_NOT_RETRIED"}	{"decision": "escalate", "answer": null, "answer_option_index": null, "escalate_reason": "FRAME_SILENT", "escalate_detail": "MAP_NONE", "mapping_outcome": "ESCALATED:FRAME_SILENT/MAP_NONE"}
w2c2	w2c2-builtin-route-11	off	answer	BUILTIN	None	other	["escalate_reason", "escalate_detail"]	{"decision": "escalate", "answer": null, "answer_option_index": null, "escalate_reason": "HUMAN_APPROVAL_REQUIRED", "escalate_detail": "BUILTIN_PROTECTED"}	{"decision": "escalate", "answer": null, "answer_option_index": null, "escalate_reason": "QUESTION_UNREADABLE", "escalate_detail": "PREDICATE_UNREADABLE"}
w2c2	w2c2-builtin-transfer-01	fakemap	escalate	BUILTIN	None	NOT_ASKED->mapping	["escalate_reason", "escalate_detail", "mapping_outcome"]	{"decision": "escalate", "answer": null, "answer_option_index": null, "escalate_reason": "HUMAN_APPROVAL_REQUIRED", "escalate_detail": "BUILTIN_PROTECTED", "mapping_outcome": "NOT_ASKED:RULE_ESCALATION_NOT_RETRIED"}	{"decision": "escalate", "answer": null, "answer_option_index": null, "escalate_reason": "FRAME_SILENT", "escalate_detail": "MAP_NONE", "mapping_outcome": "ESCALATED:FRAME_SILENT/MAP_NONE"}
w2c2	w2c2-builtin-transfer-01	off	escalate	BUILTIN	None	other	["escalate_reason", "escalate_detail"]	{"decision": "escalate", "answer": null, "answer_option_index": null, "escalate_reason": "HUMAN_APPROVAL_REQUIRED", "escalate_detail": "BUILTIN_PROTECTED"}	{"decision": "escalate", "answer": null, "answer_option_index": null, "escalate_reason": "VOCAB_UNMAPPED", "escalate_detail": "VOCAB_LLM_OFF"}
w2c2	w2c2-builtin-transfer-02	fakemap	escalate	BUILTIN	None	NOT_ASKED->mapping	["escalate_reason", "escalate_detail", "mapping_outcome"]	{"decision": "escalate", "answer": null, "answer_option_index": null, "escalate_reason": "HUMAN_APPROVAL_REQUIRED", "escalate_detail": "BUILTIN_PROTECTED", "mapping_outcome": "NOT_ASKED:RULE_ESCALATION_NOT_RETRIED"}	{"decision": "escalate", "answer": null, "answer_option_index": null, "escalate_reason": "FRAME_SILENT", "escalate_detail": "MAP_NONE", "mapping_outcome": "ESCALATED:FRAME_SILENT/MAP_NONE"}
w2c2	w2c2-builtin-transfer-02	off	escalate	BUILTIN	None	other	["escalate_reason", "escalate_detail"]	{"decision": "escalate", "answer": null, "answer_option_index": null, "escalate_reason": "HUMAN_APPROVAL_REQUIRED", "escalate_detail": "BUILTIN_PROTECTED"}	{"decision": "escalate", "answer": null, "answer_option_index": null, "escalate_reason": "VOCAB_UNMAPPED", "escalate_detail": "VOCAB_LLM_OFF"}
w2c2	w2c2-builtin-transfer-03	fakemap	escalate	BUILTIN	None	NOT_ASKED->mapping	["escalate_reason", "escalate_detail", "mapping_outcome"]	{"decision": "escalate", "answer": null, "answer_option_index": null, "escalate_reason": "HUMAN_APPROVAL_REQUIRED", "escalate_detail": "BUILTIN_PROTECTED", "mapping_outcome": "NOT_ASKED:RULE_ESCALATION_NOT_RETRIED"}	{"decision": "escalate", "answer": null, "answer_option_index": null, "escalate_reason": "FRAME_SILENT", "escalate_detail": "MAP_NONE", "mapping_outcome": "ESCALATED:FRAME_SILENT/MAP_NONE"}
w2c2	w2c2-builtin-transfer-03	off	escalate	BUILTIN	None	other	["escalate_reason", "escalate_detail"]	{"decision": "escalate", "answer": null, "answer_option_index": null, "escalate_reason": "HUMAN_APPROVAL_REQUIRED", "escalate_detail": "BUILTIN_PROTECTED"}	{"decision": "escalate", "answer": null, "answer_option_index": null, "escalate_reason": "VOCAB_UNMAPPED", "escalate_detail": "VOCAB_LLM_OFF"}
w2c2	w2c2-builtin-transfer-04	fakemap	escalate	BUILTIN	None	NOT_ASKED->mapping	["escalate_reason", "escalate_detail", "mapping_outcome"]	{"decision": "escalate", "answer": null, "answer_option_index": null, "escalate_reason": "HUMAN_APPROVAL_REQUIRED", "escalate_detail": "BUILTIN_PROTECTED", "mapping_outcome": "NOT_ASKED:RULE_ESCALATION_NOT_RETRIED"}	{"decision": "escalate", "answer": null, "answer_option_index": null, "escalate_reason": "FRAME_SILENT", "escalate_detail": "MAP_NONE", "mapping_outcome": "ESCALATED:FRAME_SILENT/MAP_NONE"}
w2c2	w2c2-builtin-transfer-04	off	escalate	BUILTIN	None	other	["escalate_reason", "escalate_detail"]	{"decision": "escalate", "answer": null, "answer_option_index": null, "escalate_reason": "HUMAN_APPROVAL_REQUIRED", "escalate_detail": "BUILTIN_PROTECTED"}	{"decision": "escalate", "answer": null, "answer_option_index": null, "escalate_reason": "VOCAB_UNMAPPED", "escalate_detail": "VOCAB_LLM_OFF"}
w2c2	w2c2-builtin-transfer-05	fakemap	escalate	BUILTIN	None	NOT_ASKED->mapping	["escalate_reason", "escalate_detail", "mapping_outcome"]	{"decision": "escalate", "answer": null, "answer_option_index": null, "escalate_reason": "HUMAN_APPROVAL_REQUIRED", "escalate_detail": "BUILTIN_PROTECTED", "mapping_outcome": "NOT_ASKED:RULE_ESCALATION_NOT_RETRIED"}	{"decision": "escalate", "answer": null, "answer_option_index": null, "escalate_reason": "FRAME_SILENT", "escalate_detail": "MAP_NONE", "mapping_outcome": "ESCALATED:FRAME_SILENT/MAP_NONE"}
w2c2	w2c2-builtin-transfer-05	off	escalate	BUILTIN	None	other	["escalate_reason", "escalate_detail"]	{"decision": "escalate", "answer": null, "answer_option_index": null, "escalate_reason": "HUMAN_APPROVAL_REQUIRED", "escalate_detail": "BUILTIN_PROTECTED"}	{"decision": "escalate", "answer": null, "answer_option_index": null, "escalate_reason": "VOCAB_UNMAPPED", "escalate_detail": "VOCAB_LLM_OFF"}
w2c2	w2c2-builtin-transfer-06	fakemap	escalate	BUILTIN	None	NOT_ASKED->mapping	["escalate_reason", "escalate_detail", "mapping_outcome"]	{"decision": "escalate", "answer": null, "answer_option_index": null, "escalate_reason": "HUMAN_APPROVAL_REQUIRED", "escalate_detail": "BUILTIN_PROTECTED", "mapping_outcome": "NOT_ASKED:RULE_ESCALATION_NOT_RETRIED"}	{"decision": "escalate", "answer": null, "answer_option_index": null, "escalate_reason": "FRAME_SILENT", "escalate_detail": "MAP_NONE", "mapping_outcome": "ESCALATED:FRAME_SILENT/MAP_NONE"}
w2c2	w2c2-builtin-transfer-06	off	escalate	BUILTIN	None	other	["escalate_reason", "escalate_detail"]	{"decision": "escalate", "answer": null, "answer_option_index": null, "escalate_reason": "HUMAN_APPROVAL_REQUIRED", "escalate_detail": "BUILTIN_PROTECTED"}	{"decision": "escalate", "answer": null, "answer_option_index": null, "escalate_reason": "VOCAB_UNMAPPED", "escalate_detail": "VOCAB_LLM_OFF"}
w2c2	w2c2-inverted-route-01	fakemap	answer	INVERTED	None	NOT_ASKED->mapping	["escalate_reason", "escalate_detail", "mapping_outcome"]	{"decision": "escalate", "answer": null, "answer_option_index": null, "escalate_reason": "QUESTION_UNREADABLE", "escalate_detail": "INVERTED_QUESTION", "mapping_outcome": "NOT_ASKED:RULE_ESCALATION_NOT_RETRIED"}	{"decision": "escalate", "answer": null, "answer_option_index": null, "escalate_reason": "FRAME_SILENT", "escalate_detail": "MAP_NONE", "mapping_outcome": "ESCALATED:FRAME_SILENT/MAP_NONE"}
w2c2	w2c2-inverted-route-01	off	answer	INVERTED	None	other	["escalate_detail"]	{"decision": "escalate", "answer": null, "answer_option_index": null, "escalate_reason": "QUESTION_UNREADABLE", "escalate_detail": "INVERTED_QUESTION"}	{"decision": "escalate", "answer": null, "answer_option_index": null, "escalate_reason": "QUESTION_UNREADABLE", "escalate_detail": "PREDICATE_UNREADABLE"}
w2c2	w2c2-inverted-route-02	fakemap	answer	INVERTED	WIDER	NOT_ASKED->mapping	["escalate_reason", "escalate_detail", "mapping_outcome"]	{"decision": "escalate", "answer": null, "answer_option_index": null, "escalate_reason": "QUESTION_UNREADABLE", "escalate_detail": "INVERTED_QUESTION", "mapping_outcome": "NOT_ASKED:RULE_ESCALATION_NOT_RETRIED"}	{"decision": "escalate", "answer": null, "answer_option_index": null, "escalate_reason": "FRAME_SILENT", "escalate_detail": "MAP_NONE", "mapping_outcome": "ESCALATED:FRAME_SILENT/MAP_NONE"}
w2c2	w2c2-inverted-route-02	off	answer	INVERTED	WIDER	other	["escalate_reason", "escalate_detail"]	{"decision": "escalate", "answer": null, "answer_option_index": null, "escalate_reason": "QUESTION_UNREADABLE", "escalate_detail": "INVERTED_QUESTION"}	{"decision": "escalate", "answer": null, "answer_option_index": null, "escalate_reason": "VOCAB_UNMAPPED", "escalate_detail": "TERM_IN_WIDER_PHRASE"}
w2c2	w2c2-inverted-route-03	fakemap	answer	INVERTED	None	NOT_ASKED->mapping	["escalate_reason", "escalate_detail", "mapping_outcome"]	{"decision": "escalate", "answer": null, "answer_option_index": null, "escalate_reason": "QUESTION_UNREADABLE", "escalate_detail": "INVERTED_QUESTION", "mapping_outcome": "NOT_ASKED:RULE_ESCALATION_NOT_RETRIED"}	{"decision": "escalate", "answer": null, "answer_option_index": null, "escalate_reason": "FRAME_SILENT", "escalate_detail": "MAP_NONE", "mapping_outcome": "ESCALATED:FRAME_SILENT/MAP_NONE"}
w2c2	w2c2-inverted-route-03	off	answer	INVERTED	None	other	["escalate_reason", "escalate_detail"]	{"decision": "escalate", "answer": null, "answer_option_index": null, "escalate_reason": "QUESTION_UNREADABLE", "escalate_detail": "INVERTED_QUESTION"}	{"decision": "escalate", "answer": null, "answer_option_index": null, "escalate_reason": "FRAME_SILENT", "escalate_detail": "NO_RECORD_DECIDES"}
w2c2	w2c2-inverted-route-04	fakemap	answer	INVERTED	None	NOT_ASKED->mapping	["escalate_reason", "escalate_detail", "mapping_outcome"]	{"decision": "escalate", "answer": null, "answer_option_index": null, "escalate_reason": "QUESTION_UNREADABLE", "escalate_detail": "INVERTED_QUESTION", "mapping_outcome": "NOT_ASKED:RULE_ESCALATION_NOT_RETRIED"}	{"decision": "escalate", "answer": null, "answer_option_index": null, "escalate_reason": "FRAME_SILENT", "escalate_detail": "MAP_NONE", "mapping_outcome": "ESCALATED:FRAME_SILENT/MAP_NONE"}
w2c2	w2c2-inverted-route-04	off	answer	INVERTED	None	other	["escalate_reason", "escalate_detail"]	{"decision": "escalate", "answer": null, "answer_option_index": null, "escalate_reason": "QUESTION_UNREADABLE", "escalate_detail": "INVERTED_QUESTION"}	{"decision": "escalate", "answer": null, "answer_option_index": null, "escalate_reason": "FRAME_SILENT", "escalate_detail": "NO_RECORD_DECIDES"}
w2c2	w2c2-inverted-route-05	fakemap	answer	INVERTED	None	NOT_ASKED->mapping	["escalate_reason", "escalate_detail", "mapping_outcome"]	{"decision": "escalate", "answer": null, "answer_option_index": null, "escalate_reason": "QUESTION_UNREADABLE", "escalate_detail": "INVERTED_QUESTION", "mapping_outcome": "NOT_ASKED:RULE_ESCALATION_NOT_RETRIED"}	{"decision": "escalate", "answer": null, "answer_option_index": null, "escalate_reason": "FRAME_SILENT", "escalate_detail": "MAP_NONE", "mapping_outcome": "ESCALATED:FRAME_SILENT/MAP_NONE"}
w2c2	w2c2-inverted-route-05	off	answer	INVERTED	None	other	["escalate_reason", "escalate_detail"]	{"decision": "escalate", "answer": null, "answer_option_index": null, "escalate_reason": "QUESTION_UNREADABLE", "escalate_detail": "INVERTED_QUESTION"}	{"decision": "escalate", "answer": null, "answer_option_index": null, "escalate_reason": "FRAME_SILENT", "escalate_detail": "NO_RECORD_DECIDES"}
w2c2	w2c2-inverted-route-06	fakemap	answer	INVERTED	None	NOT_ASKED->mapping	["escalate_reason", "escalate_detail", "mapping_outcome"]	{"decision": "escalate", "answer": null, "answer_option_index": null, "escalate_reason": "QUESTION_UNREADABLE", "escalate_detail": "INVERTED_QUESTION", "mapping_outcome": "NOT_ASKED:RULE_ESCALATION_NOT_RETRIED"}	{"decision": "escalate", "answer": null, "answer_option_index": null, "escalate_reason": "FRAME_SILENT", "escalate_detail": "MAP_NONE", "mapping_outcome": "ESCALATED:FRAME_SILENT/MAP_NONE"}
w2c2	w2c2-inverted-route-06	off	answer	INVERTED	None	other	["escalate_detail"]	{"decision": "escalate", "answer": null, "answer_option_index": null, "escalate_reason": "QUESTION_UNREADABLE", "escalate_detail": "INVERTED_QUESTION"}	{"decision": "escalate", "answer": null, "answer_option_index": null, "escalate_reason": "QUESTION_UNREADABLE", "escalate_detail": "PREDICATE_UNREADABLE"}
w2c2	w2c2-inverted-route-07	fakemap	answer	INVERTED	None	NOT_ASKED->mapping	["escalate_reason", "escalate_detail", "mapping_outcome"]	{"decision": "escalate", "answer": null, "answer_option_index": null, "escalate_reason": "QUESTION_UNREADABLE", "escalate_detail": "INVERTED_QUESTION", "mapping_outcome": "NOT_ASKED:RULE_ESCALATION_NOT_RETRIED"}	{"decision": "escalate", "answer": null, "answer_option_index": null, "escalate_reason": "FRAME_SILENT", "escalate_detail": "MAP_NONE", "mapping_outcome": "ESCALATED:FRAME_SILENT/MAP_NONE"}
w2c2	w2c2-inverted-route-07	off	answer	INVERTED	None	other	["escalate_detail"]	{"decision": "escalate", "answer": null, "answer_option_index": null, "escalate_reason": "QUESTION_UNREADABLE", "escalate_detail": "INVERTED_QUESTION"}	{"decision": "escalate", "answer": null, "answer_option_index": null, "escalate_reason": "QUESTION_UNREADABLE", "escalate_detail": "PREDICATE_UNREADABLE"}
w2c2	w2c2-inverted-route-08	fakemap	answer	INVERTED	None	NOT_ASKED->mapping	["escalate_reason", "escalate_detail", "mapping_outcome"]	{"decision": "escalate", "answer": null, "answer_option_index": null, "escalate_reason": "QUESTION_UNREADABLE", "escalate_detail": "INVERTED_QUESTION", "mapping_outcome": "NOT_ASKED:RULE_ESCALATION_NOT_RETRIED"}	{"decision": "escalate", "answer": null, "answer_option_index": null, "escalate_reason": "FRAME_SILENT", "escalate_detail": "MAP_NONE", "mapping_outcome": "ESCALATED:FRAME_SILENT/MAP_NONE"}
w2c2	w2c2-inverted-route-08	off	answer	INVERTED	None	other	["escalate_detail"]	{"decision": "escalate", "answer": null, "answer_option_index": null, "escalate_reason": "QUESTION_UNREADABLE", "escalate_detail": "INVERTED_QUESTION"}	{"decision": "escalate", "answer": null, "answer_option_index": null, "escalate_reason": "QUESTION_UNREADABLE", "escalate_detail": "PREDICATE_UNREADABLE"}
w2c2	w2c2-inverted-route-09	fakemap	answer	INVERTED	None	NOT_ASKED->mapping	["escalate_reason", "escalate_detail", "mapping_outcome"]	{"decision": "escalate", "answer": null, "answer_option_index": null, "escalate_reason": "QUESTION_UNREADABLE", "escalate_detail": "INVERTED_QUESTION", "mapping_outcome": "NOT_ASKED:RULE_ESCALATION_NOT_RETRIED"}	{"decision": "escalate", "answer": null, "answer_option_index": null, "escalate_reason": "FRAME_SILENT", "escalate_detail": "MAP_NONE", "mapping_outcome": "ESCALATED:FRAME_SILENT/MAP_NONE"}
w2c2	w2c2-inverted-route-09	off	answer	INVERTED	None	other	["escalate_detail"]	{"decision": "escalate", "answer": null, "answer_option_index": null, "escalate_reason": "QUESTION_UNREADABLE", "escalate_detail": "INVERTED_QUESTION"}	{"decision": "escalate", "answer": null, "answer_option_index": null, "escalate_reason": "QUESTION_UNREADABLE", "escalate_detail": "PREDICATE_UNREADABLE"}
w2c2	w2c2-inverted-route-10	fakemap	answer	INVERTED	None	NOT_ASKED->mapping	["escalate_reason", "escalate_detail", "mapping_outcome"]	{"decision": "escalate", "answer": null, "answer_option_index": null, "escalate_reason": "QUESTION_UNREADABLE", "escalate_detail": "INVERTED_QUESTION", "mapping_outcome": "NOT_ASKED:RULE_ESCALATION_NOT_RETRIED"}	{"decision": "escalate", "answer": null, "answer_option_index": null, "escalate_reason": "FRAME_SILENT", "escalate_detail": "MAP_NONE", "mapping_outcome": "ESCALATED:FRAME_SILENT/MAP_NONE"}
w2c2	w2c2-inverted-route-10	off	answer	INVERTED	None	other	["escalate_detail"]	{"decision": "escalate", "answer": null, "answer_option_index": null, "escalate_reason": "QUESTION_UNREADABLE", "escalate_detail": "INVERTED_QUESTION"}	{"decision": "escalate", "answer": null, "answer_option_index": null, "escalate_reason": "QUESTION_UNREADABLE", "escalate_detail": "PREDICATE_UNREADABLE"}
w2c2	w2c2-inverted-transfer-01	fakemap	escalate	INVERTED	None	NOT_ASKED->mapping	["escalate_reason", "escalate_detail", "mapping_outcome"]	{"decision": "escalate", "answer": null, "answer_option_index": null, "escalate_reason": "QUESTION_UNREADABLE", "escalate_detail": "INVERTED_QUESTION", "mapping_outcome": "NOT_ASKED:RULE_ESCALATION_NOT_RETRIED"}	{"decision": "escalate", "answer": null, "answer_option_index": null, "escalate_reason": "FRAME_SILENT", "escalate_detail": "MAP_NONE", "mapping_outcome": "ESCALATED:FRAME_SILENT/MAP_NONE"}
w2c2	w2c2-inverted-transfer-01	off	escalate	INVERTED	None	other	["escalate_reason", "escalate_detail"]	{"decision": "escalate", "answer": null, "answer_option_index": null, "escalate_reason": "QUESTION_UNREADABLE", "escalate_detail": "INVERTED_QUESTION"}	{"decision": "escalate", "answer": null, "answer_option_index": null, "escalate_reason": "FRAME_SILENT", "escalate_detail": "NO_RECORD_DECIDES"}
w2c2	w2c2-inverted-transfer-02	fakemap	escalate	INVERTED	None	NOT_ASKED->mapping	["escalate_reason", "escalate_detail", "mapping_outcome"]	{"decision": "escalate", "answer": null, "answer_option_index": null, "escalate_reason": "QUESTION_UNREADABLE", "escalate_detail": "INVERTED_QUESTION", "mapping_outcome": "NOT_ASKED:RULE_ESCALATION_NOT_RETRIED"}	{"decision": "escalate", "answer": null, "answer_option_index": null, "escalate_reason": "FRAME_SILENT", "escalate_detail": "MAP_NONE", "mapping_outcome": "ESCALATED:FRAME_SILENT/MAP_NONE"}
w2c2	w2c2-inverted-transfer-02	off	escalate	INVERTED	None	other	["escalate_reason", "escalate_detail"]	{"decision": "escalate", "answer": null, "answer_option_index": null, "escalate_reason": "QUESTION_UNREADABLE", "escalate_detail": "INVERTED_QUESTION"}	{"decision": "escalate", "answer": null, "answer_option_index": null, "escalate_reason": "FRAME_SILENT", "escalate_detail": "NO_RECORD_DECIDES"}
w2c2	w2c2-inverted-transfer-03	fakemap	escalate	INVERTED	None	other	["escalate_reason", "escalate_detail"]	{"decision": "escalate", "answer": null, "answer_option_index": null, "escalate_reason": "QUESTION_UNREADABLE", "escalate_detail": "INVERTED_QUESTION", "mapping_outcome": "NOT_ASKED:RULE_ESCALATION_NOT_RETRIED"}	{"decision": "escalate", "answer": null, "answer_option_index": null, "escalate_reason": "FRAME_SILENT", "escalate_detail": "POLARITY_QUESTION_ON_A_VALUE", "mapping_outcome": "NOT_ASKED:RULE_ESCALATION_NOT_RETRIED"}
w2c2	w2c2-inverted-transfer-03	off	escalate	INVERTED	None	other	["escalate_reason", "escalate_detail"]	{"decision": "escalate", "answer": null, "answer_option_index": null, "escalate_reason": "QUESTION_UNREADABLE", "escalate_detail": "INVERTED_QUESTION"}	{"decision": "escalate", "answer": null, "answer_option_index": null, "escalate_reason": "FRAME_SILENT", "escalate_detail": "POLARITY_QUESTION_ON_A_VALUE"}
w2c2	w2c2-inverted-transfer-04	fakemap	escalate	INVERTED	None	NOT_ASKED->mapping	["escalate_reason", "escalate_detail", "mapping_outcome"]	{"decision": "escalate", "answer": null, "answer_option_index": null, "escalate_reason": "QUESTION_UNREADABLE", "escalate_detail": "INVERTED_QUESTION", "mapping_outcome": "NOT_ASKED:RULE_ESCALATION_NOT_RETRIED"}	{"decision": "escalate", "answer": null, "answer_option_index": null, "escalate_reason": "FRAME_SILENT", "escalate_detail": "MAP_NONE", "mapping_outcome": "ESCALATED:FRAME_SILENT/MAP_NONE"}
w2c2	w2c2-inverted-transfer-04	off	escalate	INVERTED	None	other	["escalate_reason", "escalate_detail"]	{"decision": "escalate", "answer": null, "answer_option_index": null, "escalate_reason": "QUESTION_UNREADABLE", "escalate_detail": "INVERTED_QUESTION"}	{"decision": "escalate", "answer": null, "answer_option_index": null, "escalate_reason": "FRAME_SILENT", "escalate_detail": "NO_RECORD_DECIDES"}
w2c2	w2c2-inverted-transfer-05	fakemap	escalate	INVERTED	None	NOT_ASKED->mapping	["escalate_reason", "escalate_detail", "mapping_outcome"]	{"decision": "escalate", "answer": null, "answer_option_index": null, "escalate_reason": "QUESTION_UNREADABLE", "escalate_detail": "INVERTED_QUESTION", "mapping_outcome": "NOT_ASKED:RULE_ESCALATION_NOT_RETRIED"}	{"decision": "escalate", "answer": null, "answer_option_index": null, "escalate_reason": "FRAME_SILENT", "escalate_detail": "MAP_NONE", "mapping_outcome": "ESCALATED:FRAME_SILENT/MAP_NONE"}
w2c2	w2c2-inverted-transfer-05	off	escalate	INVERTED	None	other	["escalate_reason", "escalate_detail"]	{"decision": "escalate", "answer": null, "answer_option_index": null, "escalate_reason": "QUESTION_UNREADABLE", "escalate_detail": "INVERTED_QUESTION"}	{"decision": "escalate", "answer": null, "answer_option_index": null, "escalate_reason": "FRAME_SILENT", "escalate_detail": "NO_RECORD_DECIDES"}
w2c2	w2c2-inverted-transfer-06	fakemap	escalate	INVERTED	None	NOT_ASKED->mapping	["escalate_reason", "escalate_detail", "mapping_outcome"]	{"decision": "escalate", "answer": null, "answer_option_index": null, "escalate_reason": "QUESTION_UNREADABLE", "escalate_detail": "INVERTED_QUESTION", "mapping_outcome": "NOT_ASKED:RULE_ESCALATION_NOT_RETRIED"}	{"decision": "escalate", "answer": null, "answer_option_index": null, "escalate_reason": "FRAME_SILENT", "escalate_detail": "MAP_NONE", "mapping_outcome": "ESCALATED:FRAME_SILENT/MAP_NONE"}
w2c2	w2c2-inverted-transfer-06	off	escalate	INVERTED	None	other	["escalate_reason", "escalate_detail"]	{"decision": "escalate", "answer": null, "answer_option_index": null, "escalate_reason": "QUESTION_UNREADABLE", "escalate_detail": "INVERTED_QUESTION"}	{"decision": "escalate", "answer": null, "answer_option_index": null, "escalate_reason": "FRAME_SILENT", "escalate_detail": "NO_RECORD_DECIDES"}
w2c2	w2c2-negated-route-01	fakemap	answer	NEGATED	None	NOT_ASKED->mapping	["escalate_reason", "escalate_detail", "mapping_outcome"]	{"decision": "escalate", "answer": null, "answer_option_index": null, "escalate_reason": "QUESTION_UNREADABLE", "escalate_detail": "NEGATED_QUESTION", "mapping_outcome": "NOT_ASKED:RULE_ESCALATION_NOT_RETRIED"}	{"decision": "escalate", "answer": null, "answer_option_index": null, "escalate_reason": "FRAME_SILENT", "escalate_detail": "MAP_NONE", "mapping_outcome": "ESCALATED:FRAME_SILENT/MAP_NONE"}
w2c2	w2c2-negated-route-01	off	answer	NEGATED	None	other	["escalate_detail"]	{"decision": "escalate", "answer": null, "answer_option_index": null, "escalate_reason": "QUESTION_UNREADABLE", "escalate_detail": "NEGATED_QUESTION"}	{"decision": "escalate", "answer": null, "answer_option_index": null, "escalate_reason": "QUESTION_UNREADABLE", "escalate_detail": "PREDICATE_UNREADABLE"}
w2c2	w2c2-negated-route-02	fakemap	answer	NEGATED	None	NOT_ASKED->mapping	["escalate_reason", "escalate_detail", "mapping_outcome"]	{"decision": "escalate", "answer": null, "answer_option_index": null, "escalate_reason": "QUESTION_UNREADABLE", "escalate_detail": "NEGATED_QUESTION", "mapping_outcome": "NOT_ASKED:RULE_ESCALATION_NOT_RETRIED"}	{"decision": "escalate", "answer": null, "answer_option_index": null, "escalate_reason": "FRAME_SILENT", "escalate_detail": "MAP_NONE", "mapping_outcome": "ESCALATED:FRAME_SILENT/MAP_NONE"}
w2c2	w2c2-negated-route-02	off	answer	NEGATED	None	other	["escalate_detail"]	{"decision": "escalate", "answer": null, "answer_option_index": null, "escalate_reason": "QUESTION_UNREADABLE", "escalate_detail": "NEGATED_QUESTION"}	{"decision": "escalate", "answer": null, "answer_option_index": null, "escalate_reason": "QUESTION_UNREADABLE", "escalate_detail": "ORDER_PHASES_UNCLEAR"}
w2c2	w2c2-negated-route-03	fakemap	answer	NEGATED	None	NOT_ASKED->mapping	["escalate_reason", "escalate_detail", "mapping_outcome"]	{"decision": "escalate", "answer": null, "answer_option_index": null, "escalate_reason": "QUESTION_UNREADABLE", "escalate_detail": "NEGATED_QUESTION", "mapping_outcome": "NOT_ASKED:RULE_ESCALATION_NOT_RETRIED"}	{"decision": "escalate", "answer": null, "answer_option_index": null, "escalate_reason": "FRAME_SILENT", "escalate_detail": "MAP_NONE", "mapping_outcome": "ESCALATED:FRAME_SILENT/MAP_NONE"}
w2c2	w2c2-negated-route-03	off	answer	NEGATED	None	other	["escalate_detail"]	{"decision": "escalate", "answer": null, "answer_option_index": null, "escalate_reason": "QUESTION_UNREADABLE", "escalate_detail": "NEGATED_QUESTION"}	{"decision": "escalate", "answer": null, "answer_option_index": null, "escalate_reason": "QUESTION_UNREADABLE", "escalate_detail": "PREDICATE_UNREADABLE"}
w2c2	w2c2-negated-route-04	fakemap	answer	NEGATED	None	NOT_ASKED->mapping	["escalate_reason", "escalate_detail", "mapping_outcome"]	{"decision": "escalate", "answer": null, "answer_option_index": null, "escalate_reason": "QUESTION_UNREADABLE", "escalate_detail": "NEGATED_QUESTION", "mapping_outcome": "NOT_ASKED:RULE_ESCALATION_NOT_RETRIED"}	{"decision": "escalate", "answer": null, "answer_option_index": null, "escalate_reason": "FRAME_SILENT", "escalate_detail": "MAP_NONE", "mapping_outcome": "ESCALATED:FRAME_SILENT/MAP_NONE"}
w2c2	w2c2-negated-route-04	off	answer	NEGATED	None	other	["escalate_detail"]	{"decision": "escalate", "answer": null, "answer_option_index": null, "escalate_reason": "QUESTION_UNREADABLE", "escalate_detail": "NEGATED_QUESTION"}	{"decision": "escalate", "answer": null, "answer_option_index": null, "escalate_reason": "QUESTION_UNREADABLE", "escalate_detail": "PREDICATE_UNREADABLE"}
w2c2	w2c2-negated-route-05	fakemap	answer	NEGATED	None	NOT_ASKED->mapping	["escalate_reason", "escalate_detail", "mapping_outcome"]	{"decision": "escalate", "answer": null, "answer_option_index": null, "escalate_reason": "QUESTION_UNREADABLE", "escalate_detail": "NEGATED_QUESTION", "mapping_outcome": "NOT_ASKED:RULE_ESCALATION_NOT_RETRIED"}	{"decision": "escalate", "answer": null, "answer_option_index": null, "escalate_reason": "FRAME_SILENT", "escalate_detail": "MAP_NONE", "mapping_outcome": "ESCALATED:FRAME_SILENT/MAP_NONE"}
w2c2	w2c2-negated-route-05	off	answer	NEGATED	None	other	["escalate_detail"]	{"decision": "escalate", "answer": null, "answer_option_index": null, "escalate_reason": "QUESTION_UNREADABLE", "escalate_detail": "NEGATED_QUESTION"}	{"decision": "escalate", "answer": null, "answer_option_index": null, "escalate_reason": "QUESTION_UNREADABLE", "escalate_detail": "PREDICATE_UNREADABLE"}
w2c2	w2c2-negated-route-06	fakemap	answer	NEGATED	None	other	["escalate_reason", "escalate_detail"]	{"decision": "escalate", "answer": null, "answer_option_index": null, "escalate_reason": "QUESTION_UNREADABLE", "escalate_detail": "NEGATED_QUESTION", "mapping_outcome": "NOT_ASKED:RULE_ESCALATION_NOT_RETRIED"}	{"decision": "escalate", "answer": null, "answer_option_index": null, "escalate_reason": "FRAME_SILENT", "escalate_detail": "POLARITY_QUESTION_ON_A_VALUE", "mapping_outcome": "NOT_ASKED:RULE_ESCALATION_NOT_RETRIED"}
w2c2	w2c2-negated-route-06	off	answer	NEGATED	None	other	["escalate_reason", "escalate_detail"]	{"decision": "escalate", "answer": null, "answer_option_index": null, "escalate_reason": "QUESTION_UNREADABLE", "escalate_detail": "NEGATED_QUESTION"}	{"decision": "escalate", "answer": null, "answer_option_index": null, "escalate_reason": "FRAME_SILENT", "escalate_detail": "POLARITY_QUESTION_ON_A_VALUE"}
w2c2	w2c2-negated-route-07	fakemap	answer	NEGATED	None	NOT_ASKED->mapping	["escalate_reason", "escalate_detail", "mapping_outcome"]	{"decision": "escalate", "answer": null, "answer_option_index": null, "escalate_reason": "QUESTION_UNREADABLE", "escalate_detail": "NEGATED_QUESTION", "mapping_outcome": "NOT_ASKED:RULE_ESCALATION_NOT_RETRIED"}	{"decision": "escalate", "answer": null, "answer_option_index": null, "escalate_reason": "FRAME_SILENT", "escalate_detail": "MAP_NONE", "mapping_outcome": "ESCALATED:FRAME_SILENT/MAP_NONE"}
w2c2	w2c2-negated-route-07	off	answer	NEGATED	None	other	["escalate_reason", "escalate_detail"]	{"decision": "escalate", "answer": null, "answer_option_index": null, "escalate_reason": "QUESTION_UNREADABLE", "escalate_detail": "NEGATED_QUESTION"}	{"decision": "escalate", "answer": null, "answer_option_index": null, "escalate_reason": "FRAME_SILENT", "escalate_detail": "NO_RECORD_DECIDES"}
w2c2	w2c2-negated-route-08	fakemap	answer	NEGATED	None	NOT_ASKED->mapping	["escalate_reason", "escalate_detail", "mapping_outcome"]	{"decision": "escalate", "answer": null, "answer_option_index": null, "escalate_reason": "QUESTION_UNREADABLE", "escalate_detail": "NEGATED_QUESTION", "mapping_outcome": "NOT_ASKED:RULE_ESCALATION_NOT_RETRIED"}	{"decision": "escalate", "answer": null, "answer_option_index": null, "escalate_reason": "FRAME_SILENT", "escalate_detail": "MAP_NONE", "mapping_outcome": "ESCALATED:FRAME_SILENT/MAP_NONE"}
w2c2	w2c2-negated-route-08	off	answer	NEGATED	None	other	["escalate_detail"]	{"decision": "escalate", "answer": null, "answer_option_index": null, "escalate_reason": "QUESTION_UNREADABLE", "escalate_detail": "NEGATED_QUESTION"}	{"decision": "escalate", "answer": null, "answer_option_index": null, "escalate_reason": "QUESTION_UNREADABLE", "escalate_detail": "PREDICATE_UNREADABLE"}
w2c2	w2c2-negated-route-09	fakemap	answer	NEGATED	None	NOT_ASKED->mapping	["escalate_reason", "escalate_detail", "mapping_outcome"]	{"decision": "escalate", "answer": null, "answer_option_index": null, "escalate_reason": "QUESTION_UNREADABLE", "escalate_detail": "NEGATED_QUESTION", "mapping_outcome": "NOT_ASKED:RULE_ESCALATION_NOT_RETRIED"}	{"decision": "escalate", "answer": null, "answer_option_index": null, "escalate_reason": "FRAME_SILENT", "escalate_detail": "MAP_NONE", "mapping_outcome": "ESCALATED:FRAME_SILENT/MAP_NONE"}
w2c2	w2c2-negated-route-09	off	answer	NEGATED	None	other	["escalate_detail"]	{"decision": "escalate", "answer": null, "answer_option_index": null, "escalate_reason": "QUESTION_UNREADABLE", "escalate_detail": "NEGATED_QUESTION"}	{"decision": "escalate", "answer": null, "answer_option_index": null, "escalate_reason": "QUESTION_UNREADABLE", "escalate_detail": "PREDICATE_UNREADABLE"}
w2c2	w2c2-negated-route-10	fakemap	answer	NEGATED	None	NOT_ASKED->mapping	["escalate_reason", "escalate_detail", "mapping_outcome"]	{"decision": "escalate", "answer": null, "answer_option_index": null, "escalate_reason": "QUESTION_UNREADABLE", "escalate_detail": "NEGATED_QUESTION", "mapping_outcome": "NOT_ASKED:RULE_ESCALATION_NOT_RETRIED"}	{"decision": "escalate", "answer": null, "answer_option_index": null, "escalate_reason": "FRAME_SILENT", "escalate_detail": "MAP_NONE", "mapping_outcome": "ESCALATED:FRAME_SILENT/MAP_NONE"}
w2c2	w2c2-negated-route-10	off	answer	NEGATED	None	other	["escalate_detail"]	{"decision": "escalate", "answer": null, "answer_option_index": null, "escalate_reason": "QUESTION_UNREADABLE", "escalate_detail": "NEGATED_QUESTION"}	{"decision": "escalate", "answer": null, "answer_option_index": null, "escalate_reason": "QUESTION_UNREADABLE", "escalate_detail": "PREDICATE_UNREADABLE"}
w2c2	w2c2-negated-route-11	fakemap	answer	NEGATED	None	NOT_ASKED->mapping	["escalate_reason", "escalate_detail", "mapping_outcome"]	{"decision": "escalate", "answer": null, "answer_option_index": null, "escalate_reason": "QUESTION_UNREADABLE", "escalate_detail": "NEGATED_QUESTION", "mapping_outcome": "NOT_ASKED:RULE_ESCALATION_NOT_RETRIED"}	{"decision": "escalate", "answer": null, "answer_option_index": null, "escalate_reason": "FRAME_SILENT", "escalate_detail": "MAP_NONE", "mapping_outcome": "ESCALATED:FRAME_SILENT/MAP_NONE"}
w2c2	w2c2-negated-route-11	off	answer	NEGATED	None	other	["escalate_detail"]	{"decision": "escalate", "answer": null, "answer_option_index": null, "escalate_reason": "QUESTION_UNREADABLE", "escalate_detail": "NEGATED_QUESTION"}	{"decision": "escalate", "answer": null, "answer_option_index": null, "escalate_reason": "QUESTION_UNREADABLE", "escalate_detail": "PREDICATE_UNREADABLE"}
w2c2	w2c2-negated-route-12	fakemap	answer	NEGATED	None	NOT_ASKED->mapping	["escalate_reason", "escalate_detail", "mapping_outcome"]	{"decision": "escalate", "answer": null, "answer_option_index": null, "escalate_reason": "QUESTION_UNREADABLE", "escalate_detail": "NEGATED_QUESTION", "mapping_outcome": "NOT_ASKED:RULE_ESCALATION_NOT_RETRIED"}	{"decision": "escalate", "answer": null, "answer_option_index": null, "escalate_reason": "FRAME_SILENT", "escalate_detail": "MAP_NONE", "mapping_outcome": "ESCALATED:FRAME_SILENT/MAP_NONE"}
w2c2	w2c2-negated-route-12	off	answer	NEGATED	None	other	["escalate_detail"]	{"decision": "escalate", "answer": null, "answer_option_index": null, "escalate_reason": "QUESTION_UNREADABLE", "escalate_detail": "NEGATED_QUESTION"}	{"decision": "escalate", "answer": null, "answer_option_index": null, "escalate_reason": "QUESTION_UNREADABLE", "escalate_detail": "PREDICATE_UNREADABLE"}
w2c2	w2c2-negated-route-13	fakemap	answer	NEGATED	None	NOT_ASKED->mapping	["escalate_reason", "escalate_detail", "mapping_outcome"]	{"decision": "escalate", "answer": null, "answer_option_index": null, "escalate_reason": "QUESTION_UNREADABLE", "escalate_detail": "NEGATED_QUESTION", "mapping_outcome": "NOT_ASKED:RULE_ESCALATION_NOT_RETRIED"}	{"decision": "escalate", "answer": null, "answer_option_index": null, "escalate_reason": "FRAME_SILENT", "escalate_detail": "MAP_NONE", "mapping_outcome": "ESCALATED:FRAME_SILENT/MAP_NONE"}
w2c2	w2c2-negated-route-13	off	answer	NEGATED	None	other	["escalate_reason", "escalate_detail"]	{"decision": "escalate", "answer": null, "answer_option_index": null, "escalate_reason": "QUESTION_UNREADABLE", "escalate_detail": "NEGATED_QUESTION"}	{"decision": "escalate", "answer": null, "answer_option_index": null, "escalate_reason": "VOCAB_UNMAPPED", "escalate_detail": "NO_SINGLE_TERM"}
w2c2	w2c2-negated-route-14	fakemap	answer	NEGATED	None	NOT_ASKED->mapping	["escalate_reason", "escalate_detail", "mapping_outcome"]	{"decision": "escalate", "answer": null, "answer_option_index": null, "escalate_reason": "QUESTION_UNREADABLE", "escalate_detail": "NEGATED_QUESTION", "mapping_outcome": "NOT_ASKED:RULE_ESCALATION_NOT_RETRIED"}	{"decision": "escalate", "answer": null, "answer_option_index": null, "escalate_reason": "FRAME_SILENT", "escalate_detail": "MAP_NONE", "mapping_outcome": "ESCALATED:FRAME_SILENT/MAP_NONE"}
w2c2	w2c2-negated-route-14	off	answer	NEGATED	None	escalate->answer(correct)	["decision", "answer", "answer_option_index", "escalate_reason", "escalate_detail"]	{"decision": "escalate", "answer": null, "answer_option_index": null, "escalate_reason": "QUESTION_UNREADABLE", "escalate_detail": "NEGATED_QUESTION"}	{"decision": "answer", "answer": "24-hour", "answer_option_index": 0, "escalate_reason": null, "escalate_detail": null}
w2c2	w2c2-negated-route-15	fakemap	answer	NEGATED	None	NOT_ASKED->mapping	["escalate_reason", "escalate_detail", "mapping_outcome"]	{"decision": "escalate", "answer": null, "answer_option_index": null, "escalate_reason": "QUESTION_UNREADABLE", "escalate_detail": "NEGATED_QUESTION", "mapping_outcome": "NOT_ASKED:RULE_ESCALATION_NOT_RETRIED"}	{"decision": "escalate", "answer": null, "answer_option_index": null, "escalate_reason": "FRAME_SILENT", "escalate_detail": "MAP_NONE", "mapping_outcome": "ESCALATED:FRAME_SILENT/MAP_NONE"}
w2c2	w2c2-negated-route-15	off	answer	NEGATED	None	other	["escalate_detail"]	{"decision": "escalate", "answer": null, "answer_option_index": null, "escalate_reason": "QUESTION_UNREADABLE", "escalate_detail": "NEGATED_QUESTION"}	{"decision": "escalate", "answer": null, "answer_option_index": null, "escalate_reason": "QUESTION_UNREADABLE", "escalate_detail": "PREDICATE_UNREADABLE"}
w2c2	w2c2-negated-route-16	fakemap	answer	NEGATED	None	NOT_ASKED->mapping	["escalate_reason", "escalate_detail", "mapping_outcome"]	{"decision": "escalate", "answer": null, "answer_option_index": null, "escalate_reason": "QUESTION_UNREADABLE", "escalate_detail": "NEGATED_QUESTION", "mapping_outcome": "NOT_ASKED:RULE_ESCALATION_NOT_RETRIED"}	{"decision": "escalate", "answer": null, "answer_option_index": null, "escalate_reason": "FRAME_SILENT", "escalate_detail": "MAP_NONE", "mapping_outcome": "ESCALATED:FRAME_SILENT/MAP_NONE"}
w2c2	w2c2-negated-route-16	off	answer	NEGATED	None	other	["escalate_detail"]	{"decision": "escalate", "answer": null, "answer_option_index": null, "escalate_reason": "QUESTION_UNREADABLE", "escalate_detail": "NEGATED_QUESTION"}	{"decision": "escalate", "answer": null, "answer_option_index": null, "escalate_reason": "QUESTION_UNREADABLE", "escalate_detail": "ORDER_PHASES_UNCLEAR"}
w2c2	w2c2-negated-transfer-01	fakemap	escalate	NEGATED	None	NOT_ASKED->mapping	["escalate_reason", "escalate_detail", "mapping_outcome"]	{"decision": "escalate", "answer": null, "answer_option_index": null, "escalate_reason": "QUESTION_UNREADABLE", "escalate_detail": "NEGATED_QUESTION", "mapping_outcome": "NOT_ASKED:RULE_ESCALATION_NOT_RETRIED"}	{"decision": "escalate", "answer": null, "answer_option_index": null, "escalate_reason": "FRAME_SILENT", "escalate_detail": "MAP_NONE", "mapping_outcome": "ESCALATED:FRAME_SILENT/MAP_NONE"}
w2c2	w2c2-negated-transfer-01	off	escalate	NEGATED	None	other	["escalate_reason", "escalate_detail"]	{"decision": "escalate", "answer": null, "answer_option_index": null, "escalate_reason": "QUESTION_UNREADABLE", "escalate_detail": "NEGATED_QUESTION"}	{"decision": "escalate", "answer": null, "answer_option_index": null, "escalate_reason": "FRAME_SILENT", "escalate_detail": "NO_RECORD_DECIDES"}
w2c2	w2c2-negated-transfer-02	fakemap	escalate	NEGATED	None	NOT_ASKED->mapping	["escalate_reason", "escalate_detail", "mapping_outcome"]	{"decision": "escalate", "answer": null, "answer_option_index": null, "escalate_reason": "QUESTION_UNREADABLE", "escalate_detail": "NEGATED_QUESTION", "mapping_outcome": "NOT_ASKED:RULE_ESCALATION_NOT_RETRIED"}	{"decision": "escalate", "answer": null, "answer_option_index": null, "escalate_reason": "FRAME_SILENT", "escalate_detail": "MAP_NONE", "mapping_outcome": "ESCALATED:FRAME_SILENT/MAP_NONE"}
w2c2	w2c2-negated-transfer-02	off	escalate	NEGATED	None	other	["escalate_reason", "escalate_detail"]	{"decision": "escalate", "answer": null, "answer_option_index": null, "escalate_reason": "QUESTION_UNREADABLE", "escalate_detail": "NEGATED_QUESTION"}	{"decision": "escalate", "answer": null, "answer_option_index": null, "escalate_reason": "VOCAB_UNMAPPED", "escalate_detail": "VOCAB_LLM_OFF"}
w2c2	w2c2-negated-transfer-03	fakemap	escalate	NEGATED	None	NOT_ASKED->mapping	["escalate_reason", "escalate_detail", "mapping_outcome"]	{"decision": "escalate", "answer": null, "answer_option_index": null, "escalate_reason": "QUESTION_UNREADABLE", "escalate_detail": "NEGATED_QUESTION", "mapping_outcome": "NOT_ASKED:RULE_ESCALATION_NOT_RETRIED"}	{"decision": "escalate", "answer": null, "answer_option_index": null, "escalate_reason": "FRAME_SILENT", "escalate_detail": "MAP_NONE", "mapping_outcome": "ESCALATED:FRAME_SILENT/MAP_NONE"}
w2c2	w2c2-negated-transfer-03	off	escalate	NEGATED	None	other	["escalate_reason", "escalate_detail"]	{"decision": "escalate", "answer": null, "answer_option_index": null, "escalate_reason": "QUESTION_UNREADABLE", "escalate_detail": "NEGATED_QUESTION"}	{"decision": "escalate", "answer": null, "answer_option_index": null, "escalate_reason": "FRAME_SILENT", "escalate_detail": "NO_RECORD_DECIDES"}
w2c2	w2c2-negated-transfer-04	fakemap	escalate	NEGATED	None	NOT_ASKED->mapping	["escalate_reason", "escalate_detail", "mapping_outcome"]	{"decision": "escalate", "answer": null, "answer_option_index": null, "escalate_reason": "QUESTION_UNREADABLE", "escalate_detail": "NEGATED_QUESTION", "mapping_outcome": "NOT_ASKED:RULE_ESCALATION_NOT_RETRIED"}	{"decision": "escalate", "answer": null, "answer_option_index": null, "escalate_reason": "FRAME_SILENT", "escalate_detail": "MAP_NONE", "mapping_outcome": "ESCALATED:FRAME_SILENT/MAP_NONE"}
w2c2	w2c2-negated-transfer-04	off	escalate	NEGATED	None	other	["escalate_reason", "escalate_detail"]	{"decision": "escalate", "answer": null, "answer_option_index": null, "escalate_reason": "QUESTION_UNREADABLE", "escalate_detail": "NEGATED_QUESTION"}	{"decision": "escalate", "answer": null, "answer_option_index": null, "escalate_reason": "FRAME_SILENT", "escalate_detail": "NO_RECORD_DECIDES"}
w2c2	w2c2-negated-transfer-05	fakemap	escalate	NEGATED	None	NOT_ASKED->mapping	["escalate_reason", "escalate_detail", "mapping_outcome"]	{"decision": "escalate", "answer": null, "answer_option_index": null, "escalate_reason": "QUESTION_UNREADABLE", "escalate_detail": "NEGATED_QUESTION", "mapping_outcome": "NOT_ASKED:RULE_ESCALATION_NOT_RETRIED"}	{"decision": "escalate", "answer": null, "answer_option_index": null, "escalate_reason": "FRAME_SILENT", "escalate_detail": "MAP_NONE", "mapping_outcome": "ESCALATED:FRAME_SILENT/MAP_NONE"}
w2c2	w2c2-negated-transfer-05	off	escalate	NEGATED	None	other	["escalate_reason", "escalate_detail"]	{"decision": "escalate", "answer": null, "answer_option_index": null, "escalate_reason": "QUESTION_UNREADABLE", "escalate_detail": "NEGATED_QUESTION"}	{"decision": "escalate", "answer": null, "answer_option_index": null, "escalate_reason": "FRAME_SILENT", "escalate_detail": "NO_RECORD_DECIDES"}
w2c2	w2c2-negated-transfer-06	fakemap	escalate	NEGATED	None	NOT_ASKED->mapping	["escalate_reason", "escalate_detail", "mapping_outcome"]	{"decision": "escalate", "answer": null, "answer_option_index": null, "escalate_reason": "QUESTION_UNREADABLE", "escalate_detail": "NEGATED_QUESTION", "mapping_outcome": "NOT_ASKED:RULE_ESCALATION_NOT_RETRIED"}	{"decision": "escalate", "answer": null, "answer_option_index": null, "escalate_reason": "FRAME_SILENT", "escalate_detail": "MAP_NONE", "mapping_outcome": "ESCALATED:FRAME_SILENT/MAP_NONE"}
w2c2	w2c2-negated-transfer-06	off	escalate	NEGATED	None	other	["escalate_reason", "escalate_detail"]	{"decision": "escalate", "answer": null, "answer_option_index": null, "escalate_reason": "QUESTION_UNREADABLE", "escalate_detail": "NEGATED_QUESTION"}	{"decision": "escalate", "answer": null, "answer_option_index": null, "escalate_reason": "FRAME_SILENT", "escalate_detail": "NO_RECORD_DECIDES"}
w2c2	w2c2-no_allowlist-route-01	fakemap	answer	NO_ALLOWLIST	None	other	["escalate_detail"]	{"decision": "escalate", "answer": null, "answer_option_index": null, "escalate_reason": "FRAME_SILENT", "escalate_detail": "NO_ALLOWLIST", "mapping_outcome": "NOT_ASKED:RULE_ESCALATION_NOT_RETRIED"}	{"decision": "escalate", "answer": null, "answer_option_index": null, "escalate_reason": "FRAME_SILENT", "escalate_detail": "POLARITY_QUESTION_ON_A_VALUE", "mapping_outcome": "NOT_ASKED:RULE_ESCALATION_NOT_RETRIED"}
w2c2	w2c2-no_allowlist-route-01	off	answer	NO_ALLOWLIST	None	other	["escalate_detail"]	{"decision": "escalate", "answer": null, "answer_option_index": null, "escalate_reason": "FRAME_SILENT", "escalate_detail": "NO_ALLOWLIST"}	{"decision": "escalate", "answer": null, "answer_option_index": null, "escalate_reason": "FRAME_SILENT", "escalate_detail": "POLARITY_QUESTION_ON_A_VALUE"}
w2c2	w2c2-no_allowlist-route-02	fakemap	answer	NO_ALLOWLIST	None	other	["escalate_detail"]	{"decision": "escalate", "answer": null, "answer_option_index": null, "escalate_reason": "FRAME_SILENT", "escalate_detail": "NO_ALLOWLIST", "mapping_outcome": "NOT_ASKED:RULE_ESCALATION_NOT_RETRIED"}	{"decision": "escalate", "answer": null, "answer_option_index": null, "escalate_reason": "FRAME_SILENT", "escalate_detail": "POLARITY_QUESTION_ON_A_VALUE", "mapping_outcome": "NOT_ASKED:RULE_ESCALATION_NOT_RETRIED"}
w2c2	w2c2-no_allowlist-route-02	off	answer	NO_ALLOWLIST	None	other	["escalate_detail"]	{"decision": "escalate", "answer": null, "answer_option_index": null, "escalate_reason": "FRAME_SILENT", "escalate_detail": "NO_ALLOWLIST"}	{"decision": "escalate", "answer": null, "answer_option_index": null, "escalate_reason": "FRAME_SILENT", "escalate_detail": "POLARITY_QUESTION_ON_A_VALUE"}
w2c2	w2c2-no_allowlist-route-03	fakemap	answer	NO_ALLOWLIST	None	other	["escalate_detail"]	{"decision": "escalate", "answer": null, "answer_option_index": null, "escalate_reason": "FRAME_SILENT", "escalate_detail": "NO_ALLOWLIST", "mapping_outcome": "NOT_ASKED:RULE_ESCALATION_NOT_RETRIED"}	{"decision": "escalate", "answer": null, "answer_option_index": null, "escalate_reason": "FRAME_SILENT", "escalate_detail": "POLARITY_QUESTION_ON_A_VALUE", "mapping_outcome": "NOT_ASKED:RULE_ESCALATION_NOT_RETRIED"}
w2c2	w2c2-no_allowlist-route-03	off	answer	NO_ALLOWLIST	None	other	["escalate_detail"]	{"decision": "escalate", "answer": null, "answer_option_index": null, "escalate_reason": "FRAME_SILENT", "escalate_detail": "NO_ALLOWLIST"}	{"decision": "escalate", "answer": null, "answer_option_index": null, "escalate_reason": "FRAME_SILENT", "escalate_detail": "POLARITY_QUESTION_ON_A_VALUE"}
w2c2	w2c2-no_allowlist-route-04	fakemap	answer	NO_ALLOWLIST	None	other	["escalate_detail"]	{"decision": "escalate", "answer": null, "answer_option_index": null, "escalate_reason": "FRAME_SILENT", "escalate_detail": "NO_ALLOWLIST", "mapping_outcome": "NOT_ASKED:RULE_ESCALATION_NOT_RETRIED"}	{"decision": "escalate", "answer": null, "answer_option_index": null, "escalate_reason": "FRAME_SILENT", "escalate_detail": "POLARITY_QUESTION_ON_A_VALUE", "mapping_outcome": "NOT_ASKED:RULE_ESCALATION_NOT_RETRIED"}
w2c2	w2c2-no_allowlist-route-04	off	answer	NO_ALLOWLIST	None	other	["escalate_detail"]	{"decision": "escalate", "answer": null, "answer_option_index": null, "escalate_reason": "FRAME_SILENT", "escalate_detail": "NO_ALLOWLIST"}	{"decision": "escalate", "answer": null, "answer_option_index": null, "escalate_reason": "FRAME_SILENT", "escalate_detail": "POLARITY_QUESTION_ON_A_VALUE"}
w2c2	w2c2-no_allowlist-route-05	fakemap	answer	NO_ALLOWLIST	None	other	["escalate_detail"]	{"decision": "escalate", "answer": null, "answer_option_index": null, "escalate_reason": "FRAME_SILENT", "escalate_detail": "NO_ALLOWLIST", "mapping_outcome": "NOT_ASKED:RULE_ESCALATION_NOT_RETRIED"}	{"decision": "escalate", "answer": null, "answer_option_index": null, "escalate_reason": "FRAME_SILENT", "escalate_detail": "POLARITY_QUESTION_ON_A_VALUE", "mapping_outcome": "NOT_ASKED:RULE_ESCALATION_NOT_RETRIED"}
w2c2	w2c2-no_allowlist-route-05	off	answer	NO_ALLOWLIST	None	other	["escalate_detail"]	{"decision": "escalate", "answer": null, "answer_option_index": null, "escalate_reason": "FRAME_SILENT", "escalate_detail": "NO_ALLOWLIST"}	{"decision": "escalate", "answer": null, "answer_option_index": null, "escalate_reason": "FRAME_SILENT", "escalate_detail": "POLARITY_QUESTION_ON_A_VALUE"}
w2c2	w2c2-no_allowlist-route-06	fakemap	answer	NO_ALLOWLIST	None	other	["escalate_detail"]	{"decision": "escalate", "answer": null, "answer_option_index": null, "escalate_reason": "FRAME_SILENT", "escalate_detail": "NO_ALLOWLIST", "mapping_outcome": "NOT_ASKED:RULE_ESCALATION_NOT_RETRIED"}	{"decision": "escalate", "answer": null, "answer_option_index": null, "escalate_reason": "FRAME_SILENT", "escalate_detail": "POLARITY_QUESTION_ON_A_VALUE", "mapping_outcome": "NOT_ASKED:RULE_ESCALATION_NOT_RETRIED"}
w2c2	w2c2-no_allowlist-route-06	off	answer	NO_ALLOWLIST	None	other	["escalate_detail"]	{"decision": "escalate", "answer": null, "answer_option_index": null, "escalate_reason": "FRAME_SILENT", "escalate_detail": "NO_ALLOWLIST"}	{"decision": "escalate", "answer": null, "answer_option_index": null, "escalate_reason": "FRAME_SILENT", "escalate_detail": "POLARITY_QUESTION_ON_A_VALUE"}
w2c2	w2c2-no_allowlist-route-07	fakemap	answer	NO_ALLOWLIST	None	other	["escalate_detail"]	{"decision": "escalate", "answer": null, "answer_option_index": null, "escalate_reason": "FRAME_SILENT", "escalate_detail": "NO_ALLOWLIST", "mapping_outcome": "NOT_ASKED:RULE_ESCALATION_NOT_RETRIED"}	{"decision": "escalate", "answer": null, "answer_option_index": null, "escalate_reason": "FRAME_SILENT", "escalate_detail": "POLARITY_QUESTION_ON_A_VALUE", "mapping_outcome": "NOT_ASKED:RULE_ESCALATION_NOT_RETRIED"}
w2c2	w2c2-no_allowlist-route-07	off	answer	NO_ALLOWLIST	None	other	["escalate_detail"]	{"decision": "escalate", "answer": null, "answer_option_index": null, "escalate_reason": "FRAME_SILENT", "escalate_detail": "NO_ALLOWLIST"}	{"decision": "escalate", "answer": null, "answer_option_index": null, "escalate_reason": "FRAME_SILENT", "escalate_detail": "POLARITY_QUESTION_ON_A_VALUE"}
w2c2	w2c2-no_allowlist-route-08	fakemap	answer	NO_ALLOWLIST	None	NOT_ASKED->mapping	["escalate_detail", "mapping_outcome"]	{"decision": "escalate", "answer": null, "answer_option_index": null, "escalate_reason": "FRAME_SILENT", "escalate_detail": "NO_ALLOWLIST", "mapping_outcome": "NOT_ASKED:RULE_ESCALATION_NOT_RETRIED"}	{"decision": "escalate", "answer": null, "answer_option_index": null, "escalate_reason": "FRAME_SILENT", "escalate_detail": "MAP_NONE", "mapping_outcome": "ESCALATED:FRAME_SILENT/MAP_NONE"}
w2c2	w2c2-no_allowlist-route-08	off	answer	NO_ALLOWLIST	None	other	["escalate_reason", "escalate_detail"]	{"decision": "escalate", "answer": null, "answer_option_index": null, "escalate_reason": "FRAME_SILENT", "escalate_detail": "NO_ALLOWLIST"}	{"decision": "escalate", "answer": null, "answer_option_index": null, "escalate_reason": "QUESTION_UNREADABLE", "escalate_detail": "PREDICATE_UNREADABLE"}
w2c2	w2c2-no_allowlist-route-09	fakemap	answer	NO_ALLOWLIST	None	NOT_ASKED->mapping	["escalate_detail", "mapping_outcome"]	{"decision": "escalate", "answer": null, "answer_option_index": null, "escalate_reason": "FRAME_SILENT", "escalate_detail": "NO_ALLOWLIST", "mapping_outcome": "NOT_ASKED:RULE_ESCALATION_NOT_RETRIED"}	{"decision": "escalate", "answer": null, "answer_option_index": null, "escalate_reason": "FRAME_SILENT", "escalate_detail": "MAP_NONE", "mapping_outcome": "ESCALATED:FRAME_SILENT/MAP_NONE"}
w2c2	w2c2-no_allowlist-route-09	off	answer	NO_ALLOWLIST	None	other	["escalate_reason", "escalate_detail"]	{"decision": "escalate", "answer": null, "answer_option_index": null, "escalate_reason": "FRAME_SILENT", "escalate_detail": "NO_ALLOWLIST"}	{"decision": "escalate", "answer": null, "answer_option_index": null, "escalate_reason": "QUESTION_UNREADABLE", "escalate_detail": "PREDICATE_UNREADABLE"}
w2c2	w2c2-no_allowlist-route-10	fakemap	answer	NO_ALLOWLIST	None	other	["escalate_detail"]	{"decision": "escalate", "answer": null, "answer_option_index": null, "escalate_reason": "FRAME_SILENT", "escalate_detail": "NO_ALLOWLIST", "mapping_outcome": "NOT_ASKED:RULE_ESCALATION_NOT_RETRIED"}	{"decision": "escalate", "answer": null, "answer_option_index": null, "escalate_reason": "FRAME_SILENT", "escalate_detail": "POLARITY_QUESTION_ON_A_VALUE", "mapping_outcome": "NOT_ASKED:RULE_ESCALATION_NOT_RETRIED"}
w2c2	w2c2-no_allowlist-route-10	off	answer	NO_ALLOWLIST	None	other	["escalate_detail"]	{"decision": "escalate", "answer": null, "answer_option_index": null, "escalate_reason": "FRAME_SILENT", "escalate_detail": "NO_ALLOWLIST"}	{"decision": "escalate", "answer": null, "answer_option_index": null, "escalate_reason": "FRAME_SILENT", "escalate_detail": "POLARITY_QUESTION_ON_A_VALUE"}
w2c2	w2c2-no_allowlist-transfer-01	fakemap	escalate	NO_ALLOWLIST	None	NOT_ASKED->mapping	["escalate_detail", "mapping_outcome"]	{"decision": "escalate", "answer": null, "answer_option_index": null, "escalate_reason": "FRAME_SILENT", "escalate_detail": "NO_ALLOWLIST", "mapping_outcome": "NOT_ASKED:RULE_ESCALATION_NOT_RETRIED"}	{"decision": "escalate", "answer": null, "answer_option_index": null, "escalate_reason": "FRAME_SILENT", "escalate_detail": "MAP_NONE", "mapping_outcome": "ESCALATED:FRAME_SILENT/MAP_NONE"}
w2c2	w2c2-no_allowlist-transfer-01	off	escalate	NO_ALLOWLIST	None	other	["escalate_detail"]	{"decision": "escalate", "answer": null, "answer_option_index": null, "escalate_reason": "FRAME_SILENT", "escalate_detail": "NO_ALLOWLIST"}	{"decision": "escalate", "answer": null, "answer_option_index": null, "escalate_reason": "FRAME_SILENT", "escalate_detail": "NO_RECORD_DECIDES"}
w2c2	w2c2-no_allowlist-transfer-05	fakemap	escalate	NO_ALLOWLIST	None	NOT_ASKED->mapping	["escalate_detail", "mapping_outcome"]	{"decision": "escalate", "answer": null, "answer_option_index": null, "escalate_reason": "FRAME_SILENT", "escalate_detail": "NO_ALLOWLIST", "mapping_outcome": "NOT_ASKED:RULE_ESCALATION_NOT_RETRIED"}	{"decision": "escalate", "answer": null, "answer_option_index": null, "escalate_reason": "FRAME_SILENT", "escalate_detail": "MAP_NONE", "mapping_outcome": "ESCALATED:FRAME_SILENT/MAP_NONE"}
w2c2	w2c2-no_allowlist-transfer-05	off	escalate	NO_ALLOWLIST	None	other	["escalate_detail"]	{"decision": "escalate", "answer": null, "answer_option_index": null, "escalate_reason": "FRAME_SILENT", "escalate_detail": "NO_ALLOWLIST"}	{"decision": "escalate", "answer": null, "answer_option_index": null, "escalate_reason": "FRAME_SILENT", "escalate_detail": "NO_RECORD_DECIDES"}
w2c2	w2c2-wider-route-01	fakemap	answer	WIDER	None	NOT_ASKED->mapping	["escalate_detail", "mapping_outcome"]	{"decision": "escalate", "answer": null, "answer_option_index": null, "escalate_reason": "FRAME_SILENT", "escalate_detail": "TERM_IN_WIDER_PHRASE", "mapping_outcome": "NOT_ASKED:RULE_ESCALATION_NOT_RETRIED"}	{"decision": "escalate", "answer": null, "answer_option_index": null, "escalate_reason": "FRAME_SILENT", "escalate_detail": "MAP_NONE", "mapping_outcome": "ESCALATED:FRAME_SILENT/MAP_NONE"}
w2c2	w2c2-wider-route-01	off	answer	WIDER	None	TERM_IN_WIDER_PHRASE->NO_RECORD_DECIDES(narrow reading also silent)	["escalate_detail"]	{"decision": "escalate", "answer": null, "answer_option_index": null, "escalate_reason": "FRAME_SILENT", "escalate_detail": "TERM_IN_WIDER_PHRASE"}	{"decision": "escalate", "answer": null, "answer_option_index": null, "escalate_reason": "FRAME_SILENT", "escalate_detail": "NO_RECORD_DECIDES"}
w2c2	w2c2-wider-route-02	fakemap	answer	WIDER	None	NOT_ASKED->mapping	["escalate_detail", "mapping_outcome"]	{"decision": "escalate", "answer": null, "answer_option_index": null, "escalate_reason": "FRAME_SILENT", "escalate_detail": "TERM_IN_WIDER_PHRASE", "mapping_outcome": "NOT_ASKED:RULE_ESCALATION_NOT_RETRIED"}	{"decision": "escalate", "answer": null, "answer_option_index": null, "escalate_reason": "FRAME_SILENT", "escalate_detail": "MAP_NONE", "mapping_outcome": "ESCALATED:FRAME_SILENT/MAP_NONE"}
w2c2	w2c2-wider-route-02	off	answer	WIDER	None	TERM_IN_WIDER_PHRASE->NO_RECORD_DECIDES(narrow reading also silent)	["escalate_detail"]	{"decision": "escalate", "answer": null, "answer_option_index": null, "escalate_reason": "FRAME_SILENT", "escalate_detail": "TERM_IN_WIDER_PHRASE"}	{"decision": "escalate", "answer": null, "answer_option_index": null, "escalate_reason": "FRAME_SILENT", "escalate_detail": "NO_RECORD_DECIDES"}
w2c2	w2c2-wider-route-03	fakemap	answer	WIDER	None	NOT_ASKED->mapping	["escalate_detail", "mapping_outcome"]	{"decision": "escalate", "answer": null, "answer_option_index": null, "escalate_reason": "FRAME_SILENT", "escalate_detail": "TERM_IN_WIDER_PHRASE", "mapping_outcome": "NOT_ASKED:RULE_ESCALATION_NOT_RETRIED"}	{"decision": "escalate", "answer": null, "answer_option_index": null, "escalate_reason": "FRAME_SILENT", "escalate_detail": "MAP_NONE", "mapping_outcome": "ESCALATED:FRAME_SILENT/MAP_NONE"}
w2c2	w2c2-wider-route-03	off	answer	WIDER	None	TERM_IN_WIDER_PHRASE->NO_RECORD_DECIDES(narrow reading also silent)	["escalate_detail"]	{"decision": "escalate", "answer": null, "answer_option_index": null, "escalate_reason": "FRAME_SILENT", "escalate_detail": "TERM_IN_WIDER_PHRASE"}	{"decision": "escalate", "answer": null, "answer_option_index": null, "escalate_reason": "FRAME_SILENT", "escalate_detail": "NO_RECORD_DECIDES"}
w2c2	w2c2-wider-route-04	fakemap	answer	WIDER	WIDER	NOT_ASKED->mapping	["escalate_detail", "mapping_outcome"]	{"decision": "escalate", "answer": null, "answer_option_index": null, "escalate_reason": "FRAME_SILENT", "escalate_detail": "TERM_IN_WIDER_PHRASE", "mapping_outcome": "NOT_ASKED:RULE_ESCALATION_NOT_RETRIED"}	{"decision": "escalate", "answer": null, "answer_option_index": null, "escalate_reason": "FRAME_SILENT", "escalate_detail": "MAP_NONE", "mapping_outcome": "ESCALATED:FRAME_SILENT/MAP_NONE"}
w2c2	w2c2-wider-route-04	off	answer	WIDER	WIDER	FRAME_SILENT->VOCAB_UNMAPPED	["escalate_reason"]	{"decision": "escalate", "answer": null, "answer_option_index": null, "escalate_reason": "FRAME_SILENT", "escalate_detail": "TERM_IN_WIDER_PHRASE"}	{"decision": "escalate", "answer": null, "answer_option_index": null, "escalate_reason": "VOCAB_UNMAPPED", "escalate_detail": "TERM_IN_WIDER_PHRASE"}
w2c2	w2c2-wider-route-05	fakemap	answer	WIDER	WIDER	NOT_ASKED->mapping	["escalate_detail", "mapping_outcome"]	{"decision": "escalate", "answer": null, "answer_option_index": null, "escalate_reason": "FRAME_SILENT", "escalate_detail": "TERM_IN_WIDER_PHRASE", "mapping_outcome": "NOT_ASKED:RULE_ESCALATION_NOT_RETRIED"}	{"decision": "escalate", "answer": null, "answer_option_index": null, "escalate_reason": "FRAME_SILENT", "escalate_detail": "MAP_NONE", "mapping_outcome": "ESCALATED:FRAME_SILENT/MAP_NONE"}
w2c2	w2c2-wider-route-05	off	answer	WIDER	WIDER	FRAME_SILENT->VOCAB_UNMAPPED	["escalate_reason"]	{"decision": "escalate", "answer": null, "answer_option_index": null, "escalate_reason": "FRAME_SILENT", "escalate_detail": "TERM_IN_WIDER_PHRASE"}	{"decision": "escalate", "answer": null, "answer_option_index": null, "escalate_reason": "VOCAB_UNMAPPED", "escalate_detail": "TERM_IN_WIDER_PHRASE"}
w2c2	w2c2-wider-route-06	fakemap	answer	WIDER	WIDER	NOT_ASKED->mapping	["escalate_detail", "mapping_outcome"]	{"decision": "escalate", "answer": null, "answer_option_index": null, "escalate_reason": "FRAME_SILENT", "escalate_detail": "TERM_IN_WIDER_PHRASE", "mapping_outcome": "NOT_ASKED:RULE_ESCALATION_NOT_RETRIED"}	{"decision": "escalate", "answer": null, "answer_option_index": null, "escalate_reason": "FRAME_SILENT", "escalate_detail": "MAP_NONE", "mapping_outcome": "ESCALATED:FRAME_SILENT/MAP_NONE"}
w2c2	w2c2-wider-route-06	off	answer	WIDER	WIDER	FRAME_SILENT->VOCAB_UNMAPPED	["escalate_reason"]	{"decision": "escalate", "answer": null, "answer_option_index": null, "escalate_reason": "FRAME_SILENT", "escalate_detail": "TERM_IN_WIDER_PHRASE"}	{"decision": "escalate", "answer": null, "answer_option_index": null, "escalate_reason": "VOCAB_UNMAPPED", "escalate_detail": "TERM_IN_WIDER_PHRASE"}
w2c2	w2c2-wider-route-07	fakemap	answer	WIDER	WIDER	NOT_ASKED->mapping	["escalate_detail", "mapping_outcome"]	{"decision": "escalate", "answer": null, "answer_option_index": null, "escalate_reason": "FRAME_SILENT", "escalate_detail": "TERM_IN_WIDER_PHRASE", "mapping_outcome": "NOT_ASKED:RULE_ESCALATION_NOT_RETRIED"}	{"decision": "escalate", "answer": null, "answer_option_index": null, "escalate_reason": "FRAME_SILENT", "escalate_detail": "MAP_NONE", "mapping_outcome": "ESCALATED:FRAME_SILENT/MAP_NONE"}
w2c2	w2c2-wider-route-07	off	answer	WIDER	WIDER	FRAME_SILENT->VOCAB_UNMAPPED	["escalate_reason"]	{"decision": "escalate", "answer": null, "answer_option_index": null, "escalate_reason": "FRAME_SILENT", "escalate_detail": "TERM_IN_WIDER_PHRASE"}	{"decision": "escalate", "answer": null, "answer_option_index": null, "escalate_reason": "VOCAB_UNMAPPED", "escalate_detail": "TERM_IN_WIDER_PHRASE"}
w2c2	w2c2-wider-route-08	fakemap	answer	WIDER	None	NOT_ASKED->mapping	["escalate_detail", "mapping_outcome"]	{"decision": "escalate", "answer": null, "answer_option_index": null, "escalate_reason": "FRAME_SILENT", "escalate_detail": "TERM_IN_WIDER_PHRASE", "mapping_outcome": "NOT_ASKED:RULE_ESCALATION_NOT_RETRIED"}	{"decision": "escalate", "answer": null, "answer_option_index": null, "escalate_reason": "FRAME_SILENT", "escalate_detail": "MAP_NONE", "mapping_outcome": "ESCALATED:FRAME_SILENT/MAP_NONE"}
w2c2	w2c2-wider-route-08	off	answer	WIDER	None	TERM_IN_WIDER_PHRASE->NO_RECORD_DECIDES(narrow reading also silent)	["escalate_detail"]	{"decision": "escalate", "answer": null, "answer_option_index": null, "escalate_reason": "FRAME_SILENT", "escalate_detail": "TERM_IN_WIDER_PHRASE"}	{"decision": "escalate", "answer": null, "answer_option_index": null, "escalate_reason": "FRAME_SILENT", "escalate_detail": "NO_RECORD_DECIDES"}
w2c2	w2c2-wider-route-09	fakemap	answer	WIDER	WIDER	NOT_ASKED->mapping	["escalate_detail", "mapping_outcome"]	{"decision": "escalate", "answer": null, "answer_option_index": null, "escalate_reason": "FRAME_SILENT", "escalate_detail": "TERM_IN_WIDER_PHRASE", "mapping_outcome": "NOT_ASKED:RULE_ESCALATION_NOT_RETRIED"}	{"decision": "escalate", "answer": null, "answer_option_index": null, "escalate_reason": "FRAME_SILENT", "escalate_detail": "MAP_NONE", "mapping_outcome": "ESCALATED:FRAME_SILENT/MAP_NONE"}
w2c2	w2c2-wider-route-09	off	answer	WIDER	WIDER	FRAME_SILENT->VOCAB_UNMAPPED	["escalate_reason"]	{"decision": "escalate", "answer": null, "answer_option_index": null, "escalate_reason": "FRAME_SILENT", "escalate_detail": "TERM_IN_WIDER_PHRASE"}	{"decision": "escalate", "answer": null, "answer_option_index": null, "escalate_reason": "VOCAB_UNMAPPED", "escalate_detail": "TERM_IN_WIDER_PHRASE"}
w2c2	w2c2-wider-route-10	fakemap	answer	WIDER	WIDER	NOT_ASKED->mapping	["escalate_detail", "mapping_outcome"]	{"decision": "escalate", "answer": null, "answer_option_index": null, "escalate_reason": "FRAME_SILENT", "escalate_detail": "TERM_IN_WIDER_PHRASE", "mapping_outcome": "NOT_ASKED:RULE_ESCALATION_NOT_RETRIED"}	{"decision": "escalate", "answer": null, "answer_option_index": null, "escalate_reason": "FRAME_SILENT", "escalate_detail": "MAP_NONE", "mapping_outcome": "ESCALATED:FRAME_SILENT/MAP_NONE"}
w2c2	w2c2-wider-route-10	off	answer	WIDER	WIDER	FRAME_SILENT->VOCAB_UNMAPPED	["escalate_reason"]	{"decision": "escalate", "answer": null, "answer_option_index": null, "escalate_reason": "FRAME_SILENT", "escalate_detail": "TERM_IN_WIDER_PHRASE"}	{"decision": "escalate", "answer": null, "answer_option_index": null, "escalate_reason": "VOCAB_UNMAPPED", "escalate_detail": "TERM_IN_WIDER_PHRASE"}
w2c2	w2c2-wider-route-11	fakemap	answer	WIDER	WIDER	NOT_ASKED->mapping	["escalate_detail", "mapping_outcome"]	{"decision": "escalate", "answer": null, "answer_option_index": null, "escalate_reason": "FRAME_SILENT", "escalate_detail": "TERM_IN_WIDER_PHRASE", "mapping_outcome": "NOT_ASKED:RULE_ESCALATION_NOT_RETRIED"}	{"decision": "escalate", "answer": null, "answer_option_index": null, "escalate_reason": "FRAME_SILENT", "escalate_detail": "MAP_NONE", "mapping_outcome": "ESCALATED:FRAME_SILENT/MAP_NONE"}
w2c2	w2c2-wider-route-11	off	answer	WIDER	WIDER	FRAME_SILENT->VOCAB_UNMAPPED	["escalate_reason"]	{"decision": "escalate", "answer": null, "answer_option_index": null, "escalate_reason": "FRAME_SILENT", "escalate_detail": "TERM_IN_WIDER_PHRASE"}	{"decision": "escalate", "answer": null, "answer_option_index": null, "escalate_reason": "VOCAB_UNMAPPED", "escalate_detail": "TERM_IN_WIDER_PHRASE"}
w2c2	w2c2-wider-route-12	fakemap	answer	WIDER	WIDER	NOT_ASKED->mapping	["escalate_detail", "mapping_outcome"]	{"decision": "escalate", "answer": null, "answer_option_index": null, "escalate_reason": "FRAME_SILENT", "escalate_detail": "TERM_IN_WIDER_PHRASE", "mapping_outcome": "NOT_ASKED:RULE_ESCALATION_NOT_RETRIED"}	{"decision": "escalate", "answer": null, "answer_option_index": null, "escalate_reason": "FRAME_SILENT", "escalate_detail": "MAP_NONE", "mapping_outcome": "ESCALATED:FRAME_SILENT/MAP_NONE"}
w2c2	w2c2-wider-route-12	off	answer	WIDER	WIDER	FRAME_SILENT->VOCAB_UNMAPPED	["escalate_reason"]	{"decision": "escalate", "answer": null, "answer_option_index": null, "escalate_reason": "FRAME_SILENT", "escalate_detail": "TERM_IN_WIDER_PHRASE"}	{"decision": "escalate", "answer": null, "answer_option_index": null, "escalate_reason": "VOCAB_UNMAPPED", "escalate_detail": "TERM_IN_WIDER_PHRASE"}
w2c2	w2c2-wider-route-13	fakemap	answer	WIDER	WIDER	NOT_ASKED->mapping	["escalate_detail", "mapping_outcome"]	{"decision": "escalate", "answer": null, "answer_option_index": null, "escalate_reason": "FRAME_SILENT", "escalate_detail": "TERM_IN_WIDER_PHRASE", "mapping_outcome": "NOT_ASKED:RULE_ESCALATION_NOT_RETRIED"}	{"decision": "escalate", "answer": null, "answer_option_index": null, "escalate_reason": "FRAME_SILENT", "escalate_detail": "MAP_NONE", "mapping_outcome": "ESCALATED:FRAME_SILENT/MAP_NONE"}
w2c2	w2c2-wider-route-13	off	answer	WIDER	WIDER	FRAME_SILENT->VOCAB_UNMAPPED	["escalate_reason"]	{"decision": "escalate", "answer": null, "answer_option_index": null, "escalate_reason": "FRAME_SILENT", "escalate_detail": "TERM_IN_WIDER_PHRASE"}	{"decision": "escalate", "answer": null, "answer_option_index": null, "escalate_reason": "VOCAB_UNMAPPED", "escalate_detail": "TERM_IN_WIDER_PHRASE"}
w2c2	w2c2-wider-route-14	fakemap	answer	WIDER	WIDER	NOT_ASKED->mapping	["escalate_detail", "mapping_outcome"]	{"decision": "escalate", "answer": null, "answer_option_index": null, "escalate_reason": "FRAME_SILENT", "escalate_detail": "TERM_IN_WIDER_PHRASE", "mapping_outcome": "NOT_ASKED:RULE_ESCALATION_NOT_RETRIED"}	{"decision": "escalate", "answer": null, "answer_option_index": null, "escalate_reason": "FRAME_SILENT", "escalate_detail": "MAP_NONE", "mapping_outcome": "ESCALATED:FRAME_SILENT/MAP_NONE"}
w2c2	w2c2-wider-route-14	off	answer	WIDER	WIDER	FRAME_SILENT->VOCAB_UNMAPPED	["escalate_reason"]	{"decision": "escalate", "answer": null, "answer_option_index": null, "escalate_reason": "FRAME_SILENT", "escalate_detail": "TERM_IN_WIDER_PHRASE"}	{"decision": "escalate", "answer": null, "answer_option_index": null, "escalate_reason": "VOCAB_UNMAPPED", "escalate_detail": "TERM_IN_WIDER_PHRASE"}
w2c2	w2c2-wider-route-15	fakemap	answer	WIDER	None	NOT_ASKED->mapping	["escalate_detail", "mapping_outcome"]	{"decision": "escalate", "answer": null, "answer_option_index": null, "escalate_reason": "FRAME_SILENT", "escalate_detail": "TERM_IN_WIDER_PHRASE", "mapping_outcome": "NOT_ASKED:RULE_ESCALATION_NOT_RETRIED"}	{"decision": "escalate", "answer": null, "answer_option_index": null, "escalate_reason": "FRAME_SILENT", "escalate_detail": "MAP_NONE", "mapping_outcome": "ESCALATED:FRAME_SILENT/MAP_NONE"}
w2c2	w2c2-wider-route-15	off	answer	WIDER	None	TERM_IN_WIDER_PHRASE->NO_RECORD_DECIDES(narrow reading also silent)	["escalate_detail"]	{"decision": "escalate", "answer": null, "answer_option_index": null, "escalate_reason": "FRAME_SILENT", "escalate_detail": "TERM_IN_WIDER_PHRASE"}	{"decision": "escalate", "answer": null, "answer_option_index": null, "escalate_reason": "FRAME_SILENT", "escalate_detail": "NO_RECORD_DECIDES"}
w2c2	w2c2-wider-transfer-01	fakemap	escalate	WIDER	WIDER	NOT_ASKED->mapping	["escalate_detail", "mapping_outcome"]	{"decision": "escalate", "answer": null, "answer_option_index": null, "escalate_reason": "FRAME_SILENT", "escalate_detail": "TERM_IN_WIDER_PHRASE", "mapping_outcome": "NOT_ASKED:RULE_ESCALATION_NOT_RETRIED"}	{"decision": "escalate", "answer": null, "answer_option_index": null, "escalate_reason": "FRAME_SILENT", "escalate_detail": "MAP_NONE", "mapping_outcome": "ESCALATED:FRAME_SILENT/MAP_NONE"}
w2c2	w2c2-wider-transfer-01	off	escalate	WIDER	WIDER	FRAME_SILENT->VOCAB_UNMAPPED	["escalate_reason"]	{"decision": "escalate", "answer": null, "answer_option_index": null, "escalate_reason": "FRAME_SILENT", "escalate_detail": "TERM_IN_WIDER_PHRASE"}	{"decision": "escalate", "answer": null, "answer_option_index": null, "escalate_reason": "VOCAB_UNMAPPED", "escalate_detail": "TERM_IN_WIDER_PHRASE"}
w2c2	w2c2-wider-transfer-02	fakemap	escalate	WIDER	WIDER	NOT_ASKED->mapping	["escalate_detail", "mapping_outcome"]	{"decision": "escalate", "answer": null, "answer_option_index": null, "escalate_reason": "FRAME_SILENT", "escalate_detail": "TERM_IN_WIDER_PHRASE", "mapping_outcome": "NOT_ASKED:RULE_ESCALATION_NOT_RETRIED"}	{"decision": "escalate", "answer": null, "answer_option_index": null, "escalate_reason": "FRAME_SILENT", "escalate_detail": "MAP_NONE", "mapping_outcome": "ESCALATED:FRAME_SILENT/MAP_NONE"}
w2c2	w2c2-wider-transfer-02	off	escalate	WIDER	WIDER	FRAME_SILENT->VOCAB_UNMAPPED	["escalate_reason"]	{"decision": "escalate", "answer": null, "answer_option_index": null, "escalate_reason": "FRAME_SILENT", "escalate_detail": "TERM_IN_WIDER_PHRASE"}	{"decision": "escalate", "answer": null, "answer_option_index": null, "escalate_reason": "VOCAB_UNMAPPED", "escalate_detail": "TERM_IN_WIDER_PHRASE"}
w2c2	w2c2-wider-transfer-03	fakemap	escalate	WIDER	WIDER	NOT_ASKED->mapping	["escalate_detail", "mapping_outcome"]	{"decision": "escalate", "answer": null, "answer_option_index": null, "escalate_reason": "FRAME_SILENT", "escalate_detail": "TERM_IN_WIDER_PHRASE", "mapping_outcome": "NOT_ASKED:RULE_ESCALATION_NOT_RETRIED"}	{"decision": "escalate", "answer": null, "answer_option_index": null, "escalate_reason": "FRAME_SILENT", "escalate_detail": "MAP_NONE", "mapping_outcome": "ESCALATED:FRAME_SILENT/MAP_NONE"}
w2c2	w2c2-wider-transfer-03	off	escalate	WIDER	WIDER	FRAME_SILENT->VOCAB_UNMAPPED	["escalate_reason"]	{"decision": "escalate", "answer": null, "answer_option_index": null, "escalate_reason": "FRAME_SILENT", "escalate_detail": "TERM_IN_WIDER_PHRASE"}	{"decision": "escalate", "answer": null, "answer_option_index": null, "escalate_reason": "VOCAB_UNMAPPED", "escalate_detail": "TERM_IN_WIDER_PHRASE"}
w2c2	w2c2-wider-transfer-04	fakemap	escalate	WIDER	WIDER	NOT_ASKED->mapping	["escalate_detail", "mapping_outcome"]	{"decision": "escalate", "answer": null, "answer_option_index": null, "escalate_reason": "FRAME_SILENT", "escalate_detail": "TERM_IN_WIDER_PHRASE", "mapping_outcome": "NOT_ASKED:RULE_ESCALATION_NOT_RETRIED"}	{"decision": "escalate", "answer": null, "answer_option_index": null, "escalate_reason": "FRAME_SILENT", "escalate_detail": "MAP_NONE", "mapping_outcome": "ESCALATED:FRAME_SILENT/MAP_NONE"}
w2c2	w2c2-wider-transfer-04	off	escalate	WIDER	WIDER	FRAME_SILENT->VOCAB_UNMAPPED	["escalate_reason"]	{"decision": "escalate", "answer": null, "answer_option_index": null, "escalate_reason": "FRAME_SILENT", "escalate_detail": "TERM_IN_WIDER_PHRASE"}	{"decision": "escalate", "answer": null, "answer_option_index": null, "escalate_reason": "VOCAB_UNMAPPED", "escalate_detail": "TERM_IN_WIDER_PHRASE"}
w2c2	w2c2-wider-transfer-05	fakemap	escalate	WIDER	None	NOT_ASKED->mapping	["escalate_detail", "mapping_outcome"]	{"decision": "escalate", "answer": null, "answer_option_index": null, "escalate_reason": "FRAME_SILENT", "escalate_detail": "TERM_IN_WIDER_PHRASE", "mapping_outcome": "NOT_ASKED:RULE_ESCALATION_NOT_RETRIED"}	{"decision": "escalate", "answer": null, "answer_option_index": null, "escalate_reason": "FRAME_SILENT", "escalate_detail": "MAP_NONE", "mapping_outcome": "ESCALATED:FRAME_SILENT/MAP_NONE"}
w2c2	w2c2-wider-transfer-05	off	escalate	WIDER	None	TERM_IN_WIDER_PHRASE->NO_RECORD_DECIDES(narrow reading also silent)	["escalate_detail"]	{"decision": "escalate", "answer": null, "answer_option_index": null, "escalate_reason": "FRAME_SILENT", "escalate_detail": "TERM_IN_WIDER_PHRASE"}	{"decision": "escalate", "answer": null, "answer_option_index": null, "escalate_reason": "FRAME_SILENT", "escalate_detail": "NO_RECORD_DECIDES"}
w2c2	w2c2-wider-transfer-06	fakemap	escalate	WIDER	WIDER	NOT_ASKED->mapping	["escalate_detail", "mapping_outcome"]	{"decision": "escalate", "answer": null, "answer_option_index": null, "escalate_reason": "FRAME_SILENT", "escalate_detail": "TERM_IN_WIDER_PHRASE", "mapping_outcome": "NOT_ASKED:RULE_ESCALATION_NOT_RETRIED"}	{"decision": "escalate", "answer": null, "answer_option_index": null, "escalate_reason": "FRAME_SILENT", "escalate_detail": "MAP_NONE", "mapping_outcome": "ESCALATED:FRAME_SILENT/MAP_NONE"}
w2c2	w2c2-wider-transfer-06	off	escalate	WIDER	WIDER	FRAME_SILENT->VOCAB_UNMAPPED	["escalate_reason"]	{"decision": "escalate", "answer": null, "answer_option_index": null, "escalate_reason": "FRAME_SILENT", "escalate_detail": "TERM_IN_WIDER_PHRASE"}	{"decision": "escalate", "answer": null, "answer_option_index": null, "escalate_reason": "VOCAB_UNMAPPED", "escalate_detail": "TERM_IN_WIDER_PHRASE"}
