word	n_seen	ns	state	origin	top	by	why	gen_type	gen_frame	rd_sig	sahen_uses_max_src
確認する	550173	P	DECIDED	estimated	P_COGNITION	gen_frame	DISTRIBUTION_DISAGREES	P_COGNITION	{"を": ["ABSTRACT", "EVENT_ACT", "INFO_LANGUAGE"]}	{"role_distribution@jawiki": ["を"]}	318061
表示する	226254	P	DECIDED	estimated	P_ACT	gen_frame		P_ACT	{"を": ["ARTIFACT", "INFO_LANGUAGE"]}	{}	112985
実行する	151916	P	DECIDED	estimated	P_ACT	gen_frame	DISTRIBUTION_DISAGREES	P_ACT	{"を": ["ABSTRACT", "EVENT_ACT"]}	{"role_distribution@codex:general_qa": ["を"], "role_distribution@codex:paraphrase_entail": ["が", "を"], "role_distribution@jawiki": ["を"]}	77639
指定する	124350	P	DECIDED	estimated	P_ACT	gen_frame		P_ACT	{"を": ["ABSTRACT", "ARTIFACT", "INFO_LANGUAGE"]}	{}	63775
存在する	68537	P	DECIDED	estimated	P_EXIST	gen_frame		P_EXIST	{"が": ["ABSTRACT", "ANIMAL", "ARTIFACT", "EVENT_ACT", "GROUP_ORG", "PERSON", "PLACE"]}	{}	33942
説明する	68043	P	DECIDED	direct	P_COMMUNICATE	gen_frame,role_distribution@codex:general_qa		P_COMMUNICATE	{"に": ["GROUP_ORG", "PERSON"], "を": ["ABSTRACT", "EVENT_ACT", "INFO_LANGUAGE"]}	{"role_distribution@codex:general_qa": ["を"]}	32360
記録する	58459	P	DECIDED	estimated	P_CREATE	gen_frame		P_CREATE	{"に": ["ARTIFACT", "INFO_LANGUAGE"], "を": ["EVENT_ACT", "INFO_LANGUAGE"]}	{}	36356
追加する	58047	P	DECIDED	estimated	P_CHANGE	gen_frame	DISTRIBUTION_DISAGREES	P_CHANGE	{"に": ["ABSTRACT", "ARTIFACT", "EVENT_ACT", "INFO_LANGUAGE"], "を": ["ABSTRACT", "ARTIFACT", "EVENT_ACT", "INFO_LANGUAGE"]}	{"role_distribution@codex:paraphrase_entail": ["を"], "role_distribution@codex:pro": ["を"]}	36159
変更する	56658	P	DECIDED	estimated	P_CHANGE	gen_frame	DISTRIBUTION_DISAGREES	P_CHANGE	{"を": ["ABSTRACT", "ARTIFACT", "INFO_LANGUAGE", "STATE_PROPERTY"]}	{"role_distribution@codex:code_qa": ["を"], "role_distribution@codex:general_qa": ["を"]}	39923
変換する	50378	P	DECIDED	estimated	P_CHANGE	gen_frame		P_CHANGE	{"に": ["ABSTRACT", "ARTIFACT", "INFO_LANGUAGE"], "を": ["ABSTRACT", "ARTIFACT", "INFO_LANGUAGE", "SUBSTANCE_FOOD"]}	{}	28721
発売する	48755	P	DECIDED	estimated	P_CREATE	gen_frame		P_CREATE	{"を": ["ARTIFACT", "SUBSTANCE_FOOD", "WORK"]}	{}	48588
一致する	48004	P	DECIDED	estimated	P_STATE	gen_frame		P_STATE	{"が": ["ABSTRACT", "ARTIFACT", "EVENT_ACT", "INFO_LANGUAGE", "PERSON"], "と": ["ABSTRACT", "ARTIFACT", "EVENT_ACT", "INFO_LANGUAGE", "PERSON"]}	{}	28356
発生する	47116	P	DECIDED	estimated	P_EXIST	gen_frame		P_EXIST	{"が": ["ABSTRACT", "EVENT_ACT", "NATURAL_PHENOMENON"]}	{}	35245
対応する	45255	P	DECIDED	estimated	P_STATE	gen_frame		P_STATE	{"と": ["ABSTRACT", "ARTIFACT", "EVENT_ACT", "GROUP_ORG", "PERSON"], "に": ["ABSTRACT", "ARTIFACT", "EVENT_ACT", "GROUP_ORG", "PERSON"]}	{}	23700
保存する	44686	P	DECIDED	estimated	P_ACT	gen_frame	DISTRIBUTION_DISAGREES	P_ACT	{"に": ["ARTIFACT", "INFO_LANGUAGE", "PLACE"], "を": ["ABSTRACT", "ARTIFACT", "INFO_LANGUAGE", "SUBSTANCE_FOOD"]}	{"role_distribution@codex:conversation": ["を", "に"], "role_distribution@codex:general_qa": ["を"], "role_distribution@codex:narrative": ["を"], "role_distribution@codex:pro": ["を"], "role_distribution@jawiki": ["を"]}	27950
放送する	43544	P	DECIDED	estimated	P_COMMUNICATE	gen_frame		P_COMMUNICATE	{"を": ["EVENT_ACT", "INFO_LANGUAGE", "WORK"]}	{}	43212
検証する	43039	P	DECIDED	estimated	P_COGNITION	gen_frame		P_COGNITION	{"を": ["ABSTRACT", "ARTIFACT", "EVENT_ACT", "INFO_LANGUAGE"]}	{}	28594
失敗する	40925	P	DECIDED	estimated	P_STATE	gen_frame		P_STATE	{"に": ["ABSTRACT", "ARTIFACT", "EVENT_ACT"]}	{}	27731
比較する	40780	P	DECIDED	estimated	P_COGNITION	gen_frame		P_COGNITION	{"を": ["ABSTRACT", "ARTIFACT", "EVENT_ACT", "INFO_LANGUAGE", "STATE_PROPERTY"]}	{}	19918
用意する	39756	P	DECIDED	estimated	P_CREATE	gen_frame	DISTRIBUTION_DISAGREES	P_CREATE	{"を": ["ABSTRACT", "ARTIFACT", "EVENT_ACT", "INFO_LANGUAGE", "SUBSTANCE_FOOD"]}	{"role_distribution@codex:code_qa": ["を"], "role_distribution@codex:paraphrase_entail": ["を"], "role_distribution@codex:pro": ["を"]}	14302
設定する	38878	P	DECIDED	estimated	P_ACT	gen_frame		P_ACT	{"を": ["ABSTRACT", "ARTIFACT", "EVENT_ACT", "INFO_LANGUAGE", "STATE_PROPERTY"]}	{}	25688
検討する	38079	P	DECIDED	estimated	P_COGNITION	gen_frame	DISTRIBUTION_DISAGREES	P_COGNITION	{"を": ["ABSTRACT", "ARTIFACT", "EVENT_ACT", "INFO_LANGUAGE"]}	{"role_distribution@codex:conversation": ["を"], "role_distribution@codex:general_qa": ["を"], "role_distribution@codex:paraphrase_entail": ["を"], "role_distribution@jawiki": ["を"]}	34085
利用する	37295	P	DECIDED	estimated	P_ACT	gen_frame		P_ACT	{"を": ["ABSTRACT", "ARTIFACT", "EVENT_ACT", "INFO_LANGUAGE", "PLACE"]}	{}	20884
位置する	36542	P	DECIDED	estimated	P_STATE	gen_frame		P_STATE	{"に": ["ARTIFACT", "PLACE"]}	{}	34594
相談する	34679	P	DECIDED	estimated	P_COMMUNICATE	gen_frame		P_COMMUNICATE	{"と": ["GROUP_ORG", "PERSON"], "に": ["GROUP_ORG", "PERSON"]}	{}	16763
取得する	34608	P	DECIDED	estimated	P_GIVE	gen_frame		P_GIVE	{"から": ["GROUP_ORG", "PERSON", "PLACE"], "を": ["ABSTRACT", "ARTIFACT", "EVENT_ACT", "INFO_LANGUAGE"]}	{}	20028
処理する	34318	P	DECIDED	estimated	P_ACT	gen_frame	DISTRIBUTION_DISAGREES	P_ACT	{"を": ["ABSTRACT", "ARTIFACT", "EVENT_ACT", "INFO_LANGUAGE", "SUBSTANCE_FOOD"]}	{"role_distribution@codex:general_qa": ["を"], "role_distribution@codex:paraphrase_entail": ["を"]}	26170
判定する	33123	P	DECIDED	estimated	P_COGNITION	gen_frame		P_COGNITION	{"を": ["ABSTRACT", "ARTIFACT", "EVENT_ACT", "INFO_LANGUAGE", "STATE_PROPERTY"]}	{}	18050
明示する	32692	P	DECIDED	estimated	P_COMMUNICATE	gen_frame		P_COMMUNICATE	{"を": ["ABSTRACT", "ARTIFACT", "INFO_LANGUAGE", "STATE_PROPERTY"]}	{}	24499
更新する	31696	P	DECIDED	estimated	P_CHANGE	gen_frame	DISTRIBUTION_DISAGREES	P_CHANGE	{"を": ["ABSTRACT", "ARTIFACT", "EVENT_ACT", "INFO_LANGUAGE", "STATE_PROPERTY"]}	{"role_distribution@codex:general_qa": ["を"]}	22689
削除する	31441	P	DECIDED	estimated	P_CHANGE	gen_frame	DISTRIBUTION_DISAGREES	P_CHANGE	{"を": ["ABSTRACT", "ARTIFACT", "EVENT_ACT", "INFO_LANGUAGE"]}	{"role_distribution@codex:code_qa": ["を"], "role_distribution@codex:general_qa": ["を"], "role_distribution@codex:paraphrase_entail": ["を"]}	18212
計算する	31340	P	DECIDED	estimated	P_COGNITION	gen_frame		P_COGNITION	{"を": ["ABSTRACT", "ARTIFACT", "EVENT_ACT", "QUANTITY"]}	{}	20016
保持する	30247	P	DECIDED	estimated	P_POSSESS	gen_frame		P_POSSESS	{"を": ["ABSTRACT", "ARTIFACT", "INFO_LANGUAGE", "STATE_PROPERTY"]}	{}	23610
開催する	30039	P	DECIDED	estimated	P_CREATE	gen_frame	DISTRIBUTION_DISAGREES	P_CREATE	{"を": ["ARTIFACT", "EVENT_ACT", "WORK"]}	{"role_distribution@jawiki": ["を"]}	27346
参照する	29502	P	DECIDED	estimated	P_COGNITION	gen_frame	DISTRIBUTION_DISAGREES	P_COGNITION	{"を": ["ABSTRACT", "ARTIFACT", "EVENT_ACT", "INFO_LANGUAGE"]}	{"role_distribution@codex:general_qa": ["を"]}	25455
整理する	28971	P	DECIDED	estimated	P_CHANGE	gen_frame	DISTRIBUTION_DISAGREES	P_CHANGE	{"を": ["ABSTRACT", "ARTIFACT", "EVENT_ACT", "INFO_LANGUAGE", "SUBSTANCE_FOOD"]}	{"role_distribution@codex:paraphrase_entail": ["を"]}	10206
定義する	27378	P	DECIDED	estimated	P_COGNITION	gen_frame		P_COGNITION	{"と": ["ABSTRACT", "INFO_LANGUAGE"], "を": ["ABSTRACT", "ARTIFACT", "EVENT_ACT", "INFO_LANGUAGE"]}	{}	21459
連絡する	26307	P	DECIDED	estimated	P_COMMUNICATE	gen_frame		P_COMMUNICATE	{"に": ["GROUP_ORG", "PERSON"], "を": ["ABSTRACT", "EVENT_ACT", "INFO_LANGUAGE"]}	{}	18925
共有する	24069	P	DECIDED	estimated	P_GIVE	gen_frame	DISTRIBUTION_DISAGREES	P_GIVE	{"と": ["GROUP_ORG", "PERSON"], "に": ["GROUP_ORG", "PERSON"], "を": ["ABSTRACT", "ARTIFACT", "EVENT_ACT", "INFO_LANGUAGE", "SUBSTANCE_FOOD"]}	{"role_distribution@codex:figurative_commonsense": ["を"], "role_distribution@codex:paraphrase_entail": ["を"]}	13962
意図する	23821	P	DECIDED	estimated	P_COGNITION	gen_frame	DISTRIBUTION_DISAGREES	P_COGNITION	{"を": ["ABSTRACT", "EVENT_ACT", "INFO_LANGUAGE"]}	{"role_distribution@codex:code_qa": ["が", "を"], "role_distribution@jawiki": ["を"]}	22301
区別する	23574	P	DECIDED	estimated	P_COGNITION	gen_frame	DISTRIBUTION_DISAGREES	P_COGNITION	{"を": ["ABSTRACT"]}	{"role_distribution@codex:code": ["を"], "role_distribution@codex:code_qa": ["を"]}	13144
使用する	23481	P	DECIDED	estimated	P_ACT	gen_frame		P_ACT	{"を": ["ABSTRACT", "ARTIFACT", "SUBSTANCE_FOOD"]}	{}	19868
終了する	22168	P	DECIDED	estimated	P_STATE	gen_frame	DISTRIBUTION_DISAGREES	P_STATE	{"が": ["EVENT_ACT", "TIME"]}	{"role_distribution@jawiki": ["を"]}	14782
集計する	22161	P	DECIDED	estimated	P_ACT	gen_frame		P_ACT	{"を": ["ABSTRACT", "INFO_LANGUAGE", "QUANTITY"]}	{}	18425
判断する	21602	P	DECIDED	estimated	P_COGNITION	gen_frame	DISTRIBUTION_DISAGREES	P_COGNITION	{"を": ["ABSTRACT", "EVENT_ACT", "INFO_LANGUAGE"]}	{"role_distribution@codex:paraphrase_entail": ["が", "を"]}	12623
作成する	21399	P	DECIDED	estimated	P_CREATE	gen_frame	DISTRIBUTION_DISAGREES	P_CREATE	{"を": ["ABSTRACT", "ARTIFACT", "EVENT_ACT", "INFO_LANGUAGE"]}	{"role_distribution@codex:code": ["を"], "role_distribution@codex:code_qa": ["を"], "role_distribution@codex:conversation": ["を"], "role_distribution@codex:paraphrase_entail": ["が", "を"]}	9928
依存する	21247	P	DECIDED	estimated	P_STATE	gen_frame		P_STATE	{"に": ["ABSTRACT", "GROUP_ORG", "PERSON"]}	{}	17580
案内する	20704	P	DECIDED	estimated	P_COMMUNICATE	gen_frame		P_COMMUNICATE	{"に": ["ABSTRACT", "EVENT_ACT", "PLACE"], "を": ["GROUP_ORG", "PERSON"]}	{}	9902
出力する	20568	P	DECIDED	estimated	P_ACT	gen_frame	DISTRIBUTION_DISAGREES	P_ACT	{"を": ["ABSTRACT", "ARTIFACT", "INFO_LANGUAGE"]}	{"role_distribution@codex:code": ["を"]}	11287
管理する	20535	P	DECIDED	estimated	P_ACT	gen_frame		P_ACT	{"を": ["ABSTRACT", "ARTIFACT", "EVENT_ACT", "GROUP_ORG", "PERSON"]}	{}	12913
テストする	20361	P	DECIDED	estimated	P_ACT	gen_frame		P_ACT	{"を": ["ABSTRACT", "ARTIFACT", "EVENT_ACT"]}	{}	16413
公開する	20195	P	DECIDED	estimated	P_COMMUNICATE	gen_frame	FRAME_PARTICLES_NOT_COVERED	P_COMMUNICATE	{"を": ["ABSTRACT", "ARTIFACT", "INFO_LANGUAGE", "WORK"]}	{"role_distribution@codex:general_qa": ["が", "を"], "role_distribution@codex:paraphrase_entail": ["を"]}	11588
両立する	19632	P	DECIDED	estimated	P_STATE	gen_frame	DISTRIBUTION_DISAGREES	P_STATE	{"が": ["ABSTRACT", "EVENT_ACT", "STATE_PROPERTY"], "と": ["ABSTRACT", "EVENT_ACT", "STATE_PROPERTY"]}	{"role_distribution@codex:general_qa": ["を", "と"]}	18796
所属する	19316	P	DECIDED	estimated	P_STATE	gen_frame		P_STATE	{"に": ["GROUP_ORG"]}	{}	18992
影響する	19081	P	DECIDED	estimated	P_CHANGE	gen_frame		P_CHANGE	{"に": ["ABSTRACT", "EVENT_ACT", "GROUP_ORG", "PERSON"]}	{}	12535
発表する	18879	P	DECIDED	estimated	P_COMMUNICATE	gen_frame	FRAME_PARTICLES_NOT_COVERED	P_COMMUNICATE	{"を": ["ABSTRACT", "EVENT_ACT", "INFO_LANGUAGE", "WORK"]}	{"role_distribution@jawiki": ["が", "を"]}	15098
検査する	18808	P	DECIDED	estimated	P_PERCEIVE	gen_frame	DISTRIBUTION_DISAGREES	P_PERCEIVE	{"を": ["ABSTRACT", "ANIMAL", "ARTIFACT", "EVENT_ACT", "PERSON"]}	{"role_distribution@jawiki": ["を"]}	14999
調整する	18661	P	DECIDED	estimated	P_CHANGE	gen_frame		P_CHANGE	{"を": ["ABSTRACT", "ARTIFACT", "QUANTITY", "STATE_PROPERTY"]}	{}	7713
登録する	18654	P	DECIDED	estimated	P_ACT	gen_frame	DISTRIBUTION_DISAGREES	P_ACT	{"を": ["ABSTRACT", "ARTIFACT", "GROUP_ORG", "INFO_LANGUAGE", "PERSON"]}	{"role_distribution@codex:paraphrase_entail": ["を"]}	9655
移動する	17590	P	DECIDED	direct	P_MOVE	gen_frame,role_distribution@codex:code_qa,role_distribution@codex:general_qa,role_distribution@codex:narrative,role_distribution@codex:paraphrase_entail,role_distribution@codex:pro		P_MOVE	{"から": ["PLACE"], "が": ["ANIMAL", "ARTIFACT", "PERSON"], "に": ["PLACE"], "へ": ["PLACE"], "まで": ["PLACE", "TIME"], "を": ["ANIMAL", "ARTIFACT", "PERSON"]}	{"role_distribution@codex:code_qa": ["へ"], "role_distribution@codex:general_qa": ["へ"], "role_distribution@codex:narrative": ["へ"], "role_distribution@codex:paraphrase_entail": ["へ"], "role_distribution@codex:pro": ["へ"]}	4299
意味する	17471	P	DECIDED	direct	P_COMMUNICATE	gen_frame,role_distribution@codex:code,role_distribution@codex:paraphrase_entail		P_COMMUNICATE	{"を": ["ABSTRACT", "IDENTIFIER", "INFO_LANGUAGE"]}	{"role_distribution@codex:code": ["を"], "role_distribution@codex:paraphrase_entail": ["を"]}	9383
開発する	16682	P	DECIDED	estimated	P_CREATE	gen_frame	DISTRIBUTION_DISAGREES	P_CREATE	{"を": ["ABSTRACT", "ARTIFACT", "INFO_LANGUAGE", "WORK"]}	{"role_distribution@codex:code": ["を", "に"]}	16499
構成する	16364	P	DECIDED	estimated	P_STATE	gen_frame		P_STATE	{"から": ["ABSTRACT", "ARTIFACT", "GROUP_ORG", "PERSON"], "が": ["ABSTRACT", "ARTIFACT", "GROUP_ORG", "PERSON"]}	{}	13117
活動する	16175	P	DECIDED	estimated	P_ACT	gen_frame		P_ACT	{"を": ["ABSTRACT", "ARTIFACT", "EVENT_ACT"]}	{}	14721
起動する	16142	P	DECIDED	estimated	P_ACT	gen_frame	DISTRIBUTION_DISAGREES	P_ACT	{"が": ["ABSTRACT", "ARTIFACT"], "を": ["ABSTRACT", "ARTIFACT"]}	{"role_distribution@codex:figurative_commonsense": ["を"], "role_distribution@codex:general_qa": ["を"]}	12819
成功する	15935	P	DECIDED	estimated	P_STATE	gen_frame		P_STATE	{"に": ["ABSTRACT", "EVENT_ACT", "QUANTITY"]}	{}	7421
固定する	15634	P	DECIDED	estimated	P_CHANGE	gen_frame	DISTRIBUTION_DISAGREES	P_CHANGE	{"を": ["ABSTRACT", "ARTIFACT", "BODY_PART"]}	{"role_distribution@codex:figurative_commonsense": ["を"], "role_distribution@codex:narrative": ["を"]}	9310
設置する	15472	P	DECIDED	estimated	P_ACT	gen_frame		P_ACT	{"に": ["PLACE"], "を": ["ARTIFACT"]}	{}	13125
注意する	15264	P	DECIDED	estimated	P_COGNITION	gen_frame		P_COGNITION	{"に": ["ABSTRACT", "EVENT_ACT", "PERSON"]}	{}	9191
考慮する	15196	P	DECIDED	estimated	P_COGNITION	gen_frame		P_COGNITION	{"を": ["ABSTRACT", "EVENT_ACT"]}	{}	11834
宣言する	15179	P	DECIDED	direct	P_COMMUNICATE	gen_frame,role_distribution@codex:general_qa,role_distribution@jawiki		P_COMMUNICATE	{"を": ["ABSTRACT", "EVENT_ACT", "INFO_LANGUAGE"]}	{"role_distribution@codex:general_qa": ["を"], "role_distribution@jawiki": ["を"]}	11943
提供する	15013	P	DECIDED	estimated	P_GIVE	gen_frame	DISTRIBUTION_DISAGREES	P_GIVE	{"に": ["GROUP_ORG", "PERSON"], "を": ["ABSTRACT", "ARTIFACT", "EVENT_ACT", "INFO_LANGUAGE", "SUBSTANCE_FOOD"]}	{"role_distribution@codex:code_qa": ["を"], "role_distribution@codex:paraphrase_entail": ["を"]}	6728
電話する	14636	P	DECIDED	estimated	P_COMMUNICATE	gen_frame		P_COMMUNICATE	{"と": ["GROUP_ORG", "PERSON"], "に": ["GROUP_ORG", "PERSON"]}	{}	11722
保証する	14359	P	DECIDED	direct	P_COMMUNICATE	gen_frame,role_distribution@codex:paraphrase_entail		P_COMMUNICATE	{"を": ["ABSTRACT", "EVENT_ACT", "STATE_PROPERTY"]}	{"role_distribution@codex:paraphrase_entail": ["を"]}	11628
承知する	14182	P	DECIDED	estimated	P_COGNITION	gen_frame		P_COGNITION	{"を": ["ABSTRACT", "EVENT_ACT", "INFO_LANGUAGE"]}	{}	14088
参加する	14176	P	DECIDED	estimated	P_ACT	gen_frame		P_ACT	{"に": ["EVENT_ACT", "GROUP_ORG", "PLACE"]}	{}	5676
合計する	13942	P	DECIDED	estimated	P_STATE	gen_frame		P_STATE	{"が": ["QUANTITY"]}	{}	12204
リリースする	13930	P	DECIDED	estimated	P_COMMUNICATE	gen_frame		P_COMMUNICATE	{"を": ["ABSTRACT", "ARTIFACT", "INFO_LANGUAGE", "WORK"]}	{}	13840
許可する	13765	P	DECIDED	estimated	P_GIVE	gen_frame	DISTRIBUTION_DISAGREES	P_GIVE	{"を": ["ABSTRACT", "EVENT_ACT", "GROUP_ORG", "PERSON"]}	{"role_distribution@codex:code": ["を"], "role_distribution@codex:general_qa": ["を"], "role_distribution@codex:paraphrase_entail": ["が", "を"], "role_distribution@jawiki": ["を"]}	10290
適用する	13719	P	DECIDED	estimated	P_ACT	gen_frame	DISTRIBUTION_DISAGREES	P_ACT	{"に": ["ABSTRACT", "ARTIFACT", "EVENT_ACT"], "を": ["ABSTRACT", "ARTIFACT", "EVENT_ACT", "INFO_LANGUAGE"]}	{"role_distribution@jawiki": ["を", "に"]}	9587
登場する	13508	P	DECIDED	estimated	P_MOVE	gen_frame		P_MOVE	{"に": ["EVENT_ACT", "PLACE"]}	{}	12384
期待する	13463	P	DECIDED	estimated	P_COGNITION	gen_frame	DISTRIBUTION_DISAGREES	P_COGNITION	{"を": ["ABSTRACT", "EVENT_ACT"]}	{"role_distribution@codex:general_qa": ["を"], "role_distribution@jawiki": ["を"]}	10037
生成する	13360	P	DECIDED	estimated	P_CREATE	gen_frame		P_CREATE	{"を": ["ABSTRACT", "ARTIFACT", "INFO_LANGUAGE", "SUBSTANCE_FOOD"]}	{}	11040
設立する	13331	P	DECIDED	estimated	P_CREATE	gen_frame	DISTRIBUTION_DISAGREES	P_CREATE	{"を": ["ARTIFACT", "GROUP_ORG", "PLACE"]}	{"role_distribution@codex:general_qa": ["を"], "role_distribution@jawiki": ["が", "を"]}	13126
拒否する	13305	P	DECIDED	estimated	P_ACT	gen_frame	DISTRIBUTION_DISAGREES	P_ACT	{"を": ["ABSTRACT", "EVENT_ACT", "INFO_LANGUAGE"]}	{"role_distribution@jawiki": ["を"]}	10067
検出する	13066	P	DECIDED	estimated	P_PERCEIVE	gen_frame		P_PERCEIVE	{"を": ["ABSTRACT", "ARTIFACT", "INFO_LANGUAGE", "NATURAL_PHENOMENON", "SUBSTANCE_FOOD"]}	{}	11302
把握する	12865	P	DECIDED	estimated	P_COGNITION	gen_frame		P_COGNITION	{"を": ["ABSTRACT", "EVENT_ACT", "INFO_LANGUAGE", "STATE_PROPERTY"]}	{}	6955
運営する	12616	P	DECIDED	estimated	P_ACT	gen_frame		P_ACT	{"を": ["ARTIFACT", "EVENT_ACT", "GROUP_ORG", "PLACE"]}	{}	12141
安定する	12609	P	DECIDED	estimated	P_STATE	gen_frame		P_STATE	{"が": ["ABSTRACT", "STATE_PROPERTY"]}	{}	5502
安心する	12596	P	DECIDED	estimated	P_EMOTION	gen_frame		P_EMOTION	{"に": ["ABSTRACT", "EVENT_ACT", "STATE_PROPERTY"]}	{}	5821
コピーする	12573	P	DECIDED	estimated	P_CREATE	gen_frame	DISTRIBUTION_DISAGREES	P_CREATE	{"を": ["ABSTRACT", "ARTIFACT", "INFO_LANGUAGE"]}	{"role_distribution@codex:general_qa": ["を"], "role_distribution@codex:paraphrase_entail": ["を"]}	7078
無視する	12539	P	DECIDED	estimated	P_COGNITION	gen_frame	DISTRIBUTION_DISAGREES	P_COGNITION	{"を": ["ABSTRACT", "EVENT_ACT", "GROUP_ORG", "INFO_LANGUAGE", "PERSON"]}	{"role_distribution@codex:code_qa": ["を"], "role_distribution@codex:paraphrase_entail": ["を"]}	7812
解析する	12395	P	DECIDED	estimated	P_COGNITION	gen_frame	DISTRIBUTION_DISAGREES	P_COGNITION	{"を": ["ABSTRACT", "EVENT_ACT", "INFO_LANGUAGE"]}	{"role_distribution@codex:code": ["を"], "role_distribution@codex:general_qa": ["を"]}	6663
表記する	12375	P	DECIDED	estimated	P_CREATE	gen_frame	DISTRIBUTION_DISAGREES	P_CREATE	{"を": ["ABSTRACT", "ARTIFACT", "INFO_LANGUAGE"]}	{"role_distribution@jawiki": ["を", "と"]}	12031
分類する	12297	P	DECIDED	estimated	P_COGNITION	gen_frame	DISTRIBUTION_DISAGREES	P_COGNITION	{"を": ["ABSTRACT", "EVENT_ACT", "GROUP_ORG", "INFO_LANGUAGE"]}	{"role_distribution@codex:paraphrase_entail": ["を"]}	9303
検索する	12116	P	DECIDED	estimated	P_COGNITION	gen_frame	DISTRIBUTION_DISAGREES	P_COGNITION	{"を": ["ABSTRACT", "ARTIFACT", "INFO_LANGUAGE", "PLACE"]}	{"role_distribution@codex:code": ["を"], "role_distribution@codex:code_qa": ["を"], "role_distribution@codex:paraphrase_entail": ["を"], "role_distribution@jawiki": ["を"]}	7236
開始する	11920	P	DECIDED	estimated	P_ACT	gen_frame	DISTRIBUTION_DISAGREES	P_ACT	{"を": ["ABSTRACT", "EVENT_ACT", "TIME"]}	{"role_distribution@codex:code": ["を"], "role_distribution@codex:code_qa": ["を"], "role_distribution@codex:general_qa": ["を"], "role_distribution@codex:paraphrase_entail": ["を", "に"], "role_distribution@jawiki": ["を"]}	6605
入力する	11894	P	DECIDED	estimated	P_ACT	gen_frame	DISTRIBUTION_DISAGREES	P_ACT	{"を": ["ABSTRACT", "ARTIFACT", "INFO_LANGUAGE", "QUANTITY"]}	{"role_distribution@codex:code": ["を"], "role_distribution@codex:figurative_commonsense": ["を"], "role_distribution@codex:general_qa": ["を"], "role_distribution@codex:pro": ["を"], "role_distribution@jawiki": ["を"]}	4996
関係する	11889	P	DECIDED	estimated	P_STATE	gen_frame		P_STATE	{"に": ["ABSTRACT", "ARTIFACT", "EVENT_ACT", "GROUP_ORG", "PERSON"]}	{}	6081
分割する	11813	P	DECIDED	estimated	P_CHANGE	gen_frame	DISTRIBUTION_DISAGREES	P_CHANGE	{"を": ["ABSTRACT", "ARTIFACT", "INFO_LANGUAGE", "QUANTITY"]}	{"role_distribution@codex:code": ["を"]}	6177
実装する	11809	P	DECIDED	estimated	P_CREATE	gen_frame		P_CREATE	{"を": ["ABSTRACT", "ARTIFACT", "EVENT_ACT", "INFO_LANGUAGE"]}	{}	9537
制限する	11717	P	DECIDED	estimated	P_ACT	gen_frame		P_ACT	{"を": ["ABSTRACT", "EVENT_ACT", "GROUP_ORG", "PERSON", "QUANTITY"]}	{}	9063
展開する	11707	P	DECIDED	estimated	P_MOVE	gen_frame	DISTRIBUTION_DISAGREES	P_MOVE	{"を": ["ABSTRACT", "ARTIFACT", "EVENT_ACT", "INFO_LANGUAGE", "PLACE"]}	{"role_distribution@jawiki": ["を"]}	6192
販売する	11464	P	DECIDED	estimated	P_GIVE	gen_frame	DISTRIBUTION_DISAGREES	P_GIVE	{"に": ["GROUP_ORG", "PERSON"], "を": ["ABSTRACT", "ARTIFACT", "SUBSTANCE_FOOD", "WORK"]}	{"role_distribution@codex:paraphrase_entail": ["を"]}	9782
記述する	11421	P	DECIDED	estimated	P_CREATE	gen_frame	DISTRIBUTION_DISAGREES	P_CREATE	{"を": ["ABSTRACT", "EVENT_ACT", "INFO_LANGUAGE"]}	{"role_distribution@codex:code_qa": ["を"], "role_distribution@codex:general_qa": ["を"]}	7438
設計する	11378	P	DECIDED	estimated	P_CREATE	gen_frame		P_CREATE	{"を": ["ABSTRACT", "ARTIFACT", "EVENT_ACT", "INFO_LANGUAGE", "PLACE"]}	{}	8148
反映する	11278	P	DECIDED	estimated	P_CHANGE	gen_frame		P_CHANGE	{"に": ["ABSTRACT", "ARTIFACT", "STATE_PROPERTY"], "を": ["ABSTRACT", "EVENT_ACT", "INFO_LANGUAGE", "STATE_PROPERTY"]}	{}	7996
共通する	11168	P	DECIDED	estimated	P_STATE	gen_frame		P_STATE	{"が": ["ABSTRACT", "ARTIFACT", "EVENT_ACT", "STATE_PROPERTY"]}	{}	8547
所在する	11111	P	DECIDED	estimated	P_EXIST	gen_frame		P_EXIST	{"が": ["ARTIFACT", "GROUP_ORG", "PERSON", "PLACE"]}	{}	11089
連結する	10458	P	DECIDED	estimated	P_ACT	gen_frame	DISTRIBUTION_DISAGREES	P_ACT	{"を": ["ABSTRACT", "ARTIFACT", "INFO_LANGUAGE"]}	{"role_distribution@codex:code_qa": ["を"]}	6789
ビルドする	10444	P	DECIDED	estimated	P_CREATE	gen_frame	DISTRIBUTION_DISAGREES	P_CREATE	{"を": ["ABSTRACT", "ARTIFACT", "INFO_LANGUAGE", "WORK"]}	{"role_distribution@codex:code": ["を"], "role_distribution@codex:code_qa": ["を"]}	10348
独立する	10433	P	DECIDED	estimated	P_STATE	gen_frame		P_STATE	{"から": ["ABSTRACT", "EVENT_ACT", "GROUP_ORG", "PERSON"]}	{}	6391
代入する	10403	P	DECIDED	estimated	P_CHANGE	gen_frame		P_CHANGE	{"に": ["ABSTRACT", "INFO_LANGUAGE", "QUANTITY"], "を": ["ABSTRACT", "INFO_LANGUAGE", "QUANTITY"]}	{}	8796
確保する	10373	P	DECIDED	estimated	P_POSSESS	gen_frame		P_POSSESS	{"を": ["ABSTRACT", "ARTIFACT", "GROUP_ORG", "PERSON", "QUANTITY", "TIME"]}	{}	4420
解決する	10266	P	DECIDED	estimated	P_CHANGE	gen_frame	DISTRIBUTION_DISAGREES	P_CHANGE	{"を": ["ABSTRACT", "EVENT_ACT", "INFO_LANGUAGE", "STATE_PROPERTY"]}	{"role_distribution@codex:figurative_commonsense": ["を"], "role_distribution@jawiki": ["を"]}	7010
練習する	10260	P	DECIDED	estimated	P_ACT	gen_frame	DISTRIBUTION_DISAGREES	P_ACT	{"を": ["ABSTRACT", "ARTIFACT", "EVENT_ACT"]}	{"role_distribution@codex:narrative": ["を"], "role_distribution@codex:paraphrase_entail": ["を"]}	4571
限定する	9974	P	DECIDED	estimated	P_CHANGE	gen_frame		P_CHANGE	{"を": ["ABSTRACT", "EVENT_ACT", "INFO_LANGUAGE", "QUANTITY"]}	{}	7132
重複する	9937	P	DECIDED	estimated	P_EXIST	gen_frame		P_EXIST	{"が": ["ABSTRACT", "ARTIFACT", "EVENT_ACT", "INFO_LANGUAGE", "QUANTITY"]}	{}	6134
記載する	9917	P	DECIDED	estimated	P_CREATE	gen_frame	DISTRIBUTION_DISAGREES	P_CREATE	{"に": ["ARTIFACT", "INFO_LANGUAGE", "PLACE", "WORK"]}	{"role_distribution@codex:general_qa": ["を"]}	4199
担当する	9836	P	DECIDED	estimated	P_ACT	gen_frame	DISTRIBUTION_DISAGREES	P_ACT	{"を": ["ABSTRACT", "ARTIFACT", "EVENT_ACT", "PLACE"]}	{"role_distribution@codex:code": ["を"], "role_distribution@codex:narrative": ["を"], "role_distribution@codex:paraphrase_entail": ["を"]}	6086
予約する	9806	P	DECIDED	estimated	P_ACT	gen_frame	DISTRIBUTION_DISAGREES	P_ACT	{"を": ["ARTIFACT", "PLACE", "TIME"]}	{"role_distribution@codex:code": ["を"]}	4457
採用する	9579	P	DECIDED	estimated	P_ACT	gen_frame	DISTRIBUTION_DISAGREES	P_ACT	{"を": ["GROUP_ORG", "PERSON"]}	{"role_distribution@codex:paraphrase_entail": ["を"]}	4598
連載する	9465	P	DECIDED	estimated	P_CREATE	gen_frame	DISTRIBUTION_DISAGREES	P_CREATE	{"を": ["INFO_LANGUAGE", "WORK"]}	{"role_distribution@jawiki": ["を"]}	9401
評価する	9438	P	DECIDED	estimated	P_COGNITION	gen_frame	DISTRIBUTION_DISAGREES	P_COGNITION	{"を": ["ABSTRACT", "ARTIFACT", "GROUP_ORG", "PERSON"]}	{"role_distribution@codex:code_qa": ["から"], "role_distribution@codex:paraphrase_entail": ["を"]}	5974
想定する	9425	P	DECIDED	estimated	P_COGNITION	gen_frame	DISTRIBUTION_DISAGREES	P_COGNITION	{"を": ["ABSTRACT", "EVENT_ACT", "STATE_PROPERTY"]}	{"role_distribution@codex:code_qa": ["を"], "role_distribution@codex:general_qa": ["を"]}	5365
明記する	9298	P	DECIDED	estimated	P_COMMUNICATE	gen_frame		P_COMMUNICATE	{"を": ["ABSTRACT", "INFO_LANGUAGE"]}	{}	6774
導入する	9261	P	DECIDED	estimated	P_CREATE	gen_frame	DISTRIBUTION_DISAGREES	P_CREATE	{"を": ["ABSTRACT", "ARTIFACT", "EVENT_ACT"]}	{"role_distribution@codex:code": ["を"], "role_distribution@codex:code_qa": ["を"], "role_distribution@codex:paraphrase_entail": ["を"]}	5543
制作する	9215	P	DECIDED	estimated	P_CREATE	gen_frame	DISTRIBUTION_DISAGREES	P_CREATE	{"を": ["ARTIFACT", "INFO_LANGUAGE", "WORK"]}	{"role_distribution@codex:general_qa": ["を"], "role_distribution@codex:paraphrase_entail": ["を"]}	9004
由来する	9213	P	DECIDED	estimated	P_EXIST	gen_frame		P_EXIST	{"に": ["ABSTRACT", "GROUP_ORG", "PERSON", "PLACE"]}	{}	7664
要求する	9179	P	DECIDED	estimated	P_ACT	gen_frame	DISTRIBUTION_DISAGREES	P_ACT	{"を": ["ABSTRACT", "ARTIFACT", "EVENT_ACT", "GROUP_ORG", "PERSON", "SUBSTANCE_FOOD"]}	{"role_distribution@jawiki": ["を"]}	8029
報告する	9136	P	DECIDED	direct	P_COMMUNICATE	gen_frame,role_distribution@codex:code_qa		P_COMMUNICATE	{"に": ["GROUP_ORG", "PERSON"], "を": ["ABSTRACT", "EVENT_ACT", "INFO_LANGUAGE"]}	{"role_distribution@codex:code_qa": ["を"]}	4039
準備する	9136	P	DECIDED	estimated	P_ACT	gen_frame	DISTRIBUTION_DISAGREES	P_ACT	{"を": ["ARTIFACT", "EVENT_ACT", "PLACE", "SUBSTANCE_FOOD"]}	{"role_distribution@codex:code": ["を"], "role_distribution@codex:code_qa": ["を"], "role_distribution@codex:pro": ["を", "に"]}	4275
解釈する	8971	P	DECIDED	estimated	P_COGNITION	gen_frame		P_COGNITION	{"を": ["ABSTRACT", "EVENT_ACT", "INFO_LANGUAGE", "WORK"]}	{}	6145
発見する	8905	P	DECIDED	estimated	P_COGNITION	gen_frame		P_COGNITION	{"を": ["ABSTRACT", "ANIMAL", "ARTIFACT", "INFO_LANGUAGE", "PERSON"]}	{}	8155
加算する	8866	P	DECIDED	estimated	P_CHANGE	gen_frame		P_CHANGE	{"を": ["ABSTRACT", "QUANTITY"]}	{}	7082
活躍する	8818	P	DECIDED	estimated	P_ACT	gen_frame		P_ACT	{"で": ["EVENT_ACT", "GROUP_ORG", "PLACE"], "に": ["GROUP_ORG", "PERSON"]}	{}	8428
関連する	8683	P	DECIDED	estimated	P_STATE	gen_frame		P_STATE	{"と": ["ABSTRACT", "ARTIFACT", "GROUP_ORG", "PERSON"]}	{}	5133
確定する	8658	P	DECIDED	estimated	P_CHANGE	gen_frame		P_CHANGE	{"を": ["ABSTRACT", "INFO_LANGUAGE", "STATE_PROPERTY"]}	{}	4218
優先する	8325	P	DECIDED	estimated	P_COGNITION	gen_frame		P_COGNITION	{"を": ["ABSTRACT", "EVENT_ACT", "GROUP_ORG", "PERSON"]}	{}	3201
結合する	8248	P	DECIDED	estimated	P_ACT	gen_frame		P_ACT	{"と": ["ABSTRACT", "ARTIFACT"], "を": ["ABSTRACT", "ARTIFACT", "INFO_LANGUAGE"]}	{}	3613
修正する	7974	P	DECIDED	estimated	P_CHANGE	gen_frame		P_CHANGE	{"を": ["ABSTRACT", "ARTIFACT", "INFO_LANGUAGE", "WORK"]}	{}	6000
完了する	7951	P	DECIDED	estimated	P_STATE	gen_frame		P_STATE	{"が": ["ABSTRACT", "EVENT_ACT"]}	{}	5384
照合する	7913	P	DECIDED	estimated	P_COGNITION	gen_frame		P_COGNITION	{"と": ["ARTIFACT", "IDENTIFIER", "INFO_LANGUAGE"], "を": ["ABSTRACT", "ARTIFACT", "IDENTIFIER", "INFO_LANGUAGE"]}	{}	4649
成立する	7880	P	DECIDED	estimated	P_EXIST	gen_frame		P_EXIST	{"が": ["ABSTRACT", "EVENT_ACT", "STATE_PROPERTY"]}	{}	2324
提出する	7873	P	DECIDED	estimated	P_GIVE	gen_frame	DISTRIBUTION_DISAGREES	P_GIVE	{"に": ["GROUP_ORG", "PERSON", "PLACE"], "を": ["ABSTRACT", "ARTIFACT", "INFO_LANGUAGE", "WORK"]}	{"role_distribution@codex:figurative_commonsense": ["を"], "role_distribution@codex:paraphrase_entail": ["を"]}	3394
接続する	7802	P	DECIDED	estimated	P_ACT	gen_frame		P_ACT	{"に": ["ABSTRACT", "ARTIFACT", "PLACE"], "を": ["ABSTRACT", "ARTIFACT", "IDENTIFIER", "INFO_LANGUAGE"]}	{}	3035
統合する	7748	P	DECIDED	estimated	P_CHANGE	gen_frame		P_CHANGE	{"を": ["ABSTRACT", "ARTIFACT", "GROUP_ORG", "INFO_LANGUAGE"]}	{}	5173
統一する	7672	P	DECIDED	estimated	P_CHANGE	gen_frame		P_CHANGE	{"を": ["ABSTRACT", "ARTIFACT", "INFO_LANGUAGE", "STATE_PROPERTY"]}	{}	6012
理解する	7610	P	DECIDED	estimated	P_COGNITION	gen_frame	DISTRIBUTION_DISAGREES	P_COGNITION	{"を": ["ABSTRACT", "EVENT_ACT", "INFO_LANGUAGE", "STATE_PROPERTY"]}	{"role_distribution@codex:code_qa": ["を"]}	3778
発行する	7586	P	DECIDED	estimated	P_CREATE	gen_frame		P_CREATE	{"を": ["ARTIFACT", "IDENTIFIER", "INFO_LANGUAGE", "WORK"]}	{}	5754
インストールする	7540	P	DECIDED	estimated	P_ACT	gen_frame	DISTRIBUTION_DISAGREES	P_ACT	{"を": ["ABSTRACT", "ARTIFACT", "INFO_LANGUAGE"]}	{"role_distribution@codex:code": ["を"], "role_distribution@codex:code_qa": ["を"], "role_distribution@codex:general_qa": ["を"]}	7067
除外する	7535	P	DECIDED	estimated	P_ACT	gen_frame	DISTRIBUTION_DISAGREES	P_ACT	{"を": ["ABSTRACT", "ARTIFACT", "EVENT_ACT", "GROUP_ORG", "PERSON"]}	{"role_distribution@codex:code_qa": ["を"]}	3718
実施する	7489	P	DECIDED	estimated	P_ACT	gen_frame	DISTRIBUTION_DISAGREES	P_ACT	{"を": ["ABSTRACT", "ARTIFACT", "EVENT_ACT"]}	{"role_distribution@codex:code": ["を"], "role_distribution@codex:general_qa": ["を"], "role_distribution@codex:paraphrase_entail": ["を"], "role_distribution@jawiki": ["を"]}	5565
停止する	7412	P	DECIDED	estimated	P_CHANGE	gen_frame	DISTRIBUTION_DISAGREES	P_CHANGE	{"を": ["ABSTRACT", "ARTIFACT", "EVENT_ACT"]}	{"role_distribution@codex:conversation": ["を"], "role_distribution@jawiki": ["を"]}	4539
連続する	7317	P	DECIDED	estimated	P_STATE	gen_frame		P_STATE	{"が": ["EVENT_ACT", "STATE_PROPERTY"]}	{}	4735
掃除する	7292	P	DECIDED	estimated	P_ACT	gen_frame		P_ACT	{"を": ["ARTIFACT", "BODY_PART", "PLACE"]}	{}	2199
収穫する	7279	P	DECIDED	estimated	P_ACT	gen_frame	DISTRIBUTION_DISAGREES	P_ACT	{"を": ["ANIMAL", "PLANT", "SUBSTANCE_FOOD"]}	{"role_distribution@codex:figurative_commonsense": ["を", "に"], "role_distribution@codex:general_qa": ["を", "に"], "role_distribution@codex:narrative": ["を"], "role_distribution@codex:paraphrase_entail": ["を"], "role_distribution@codex:pro": ["を"]}	5126
走査する	7153	P	DECIDED	estimated	P_PERCEIVE	gen_frame	DISTRIBUTION_DISAGREES	P_PERCEIVE	{"を": ["ABSTRACT", "ARTIFACT", "INFO_LANGUAGE"]}	{"role_distribution@codex:code_qa": ["を"]}	3668
刊行する	7117	P	DECIDED	estimated	P_CREATE	gen_frame		P_CREATE	{"を": ["INFO_LANGUAGE", "WORK"]}	{}	6644
上書きする	7099	P	DECIDED	estimated	P_CHANGE	gen_frame		P_CHANGE	{"を": ["ABSTRACT", "ARTIFACT", "INFO_LANGUAGE"]}	{}	5302
解放する	6929	P	DECIDED	estimated	P_CHANGE	gen_frame		P_CHANGE	{"を": ["ABSTRACT", "ANIMAL", "ARTIFACT", "EVENT_ACT", "GROUP_ORG", "PERSON", "PLACE", "STATE_PROPERTY", "SUBSTANCE_FOOD"]}	{}	6018
コミットする	6855	P	DECIDED	estimated	P_ACT	gen_frame		P_ACT	{"に": ["ABSTRACT", "EVENT_ACT", "GROUP_ORG", "PERSON"]}	{}	6807
表現する	6773	P	DECIDED	estimated	P_COMMUNICATE	gen_frame		P_COMMUNICATE	{"を": ["ABSTRACT", "EVENT_ACT", "INFO_LANGUAGE", "STATE_PROPERTY", "WORK"]}	{}	2447
変化する	6741	P	DECIDED	estimated	P_CHANGE	gen_frame		P_CHANGE	{"が": ["ABSTRACT", "EVENT_ACT", "STATE_PROPERTY"]}	{}	2331
複製する	6605	P	DECIDED	estimated	P_CREATE	gen_frame		P_CREATE	{"を": ["ABSTRACT", "ARTIFACT", "INFO_LANGUAGE", "WORK"]}	{}	4637
結成する	6411	P	DECIDED	estimated	P_CREATE	gen_frame	DISTRIBUTION_DISAGREES	P_CREATE	{"が": ["GROUP_ORG"]}	{"role_distribution@codex:general_qa": ["を"], "role_distribution@jawiki": ["を"]}	6304
製造する	6410	P	DECIDED	estimated	P_CREATE	gen_frame	DISTRIBUTION_DISAGREES	P_CREATE	{"を": ["ARTIFACT", "SUBSTANCE_FOOD"]}	{"role_distribution@jawiki": ["が", "を"]}	6319
意識する	6334	P	DECIDED	estimated	P_COGNITION	gen_frame		P_COGNITION	{"を": ["ABSTRACT", "EVENT_ACT", "INFO_LANGUAGE", "STATE_PROPERTY"]}	{}	3112
コンパイルする	6228	P	DECIDED	estimated	P_ACT	gen_frame	DISTRIBUTION_DISAGREES	P_ACT	{"を": ["ABSTRACT", "ARTIFACT", "INFO_LANGUAGE"]}	{"role_distribution@codex:code": ["を"], "role_distribution@codex:code_qa": ["を"]}	5890
紹介する	6227	P	DECIDED	estimated	P_COMMUNICATE	gen_frame		P_COMMUNICATE	{"に": ["GROUP_ORG", "PERSON"], "を": ["ABSTRACT", "GROUP_ORG", "INFO_LANGUAGE", "PERSON", "WORK"]}	{}	2074
無理する	6163	P	DECIDED	estimated	P_ACT	gen_frame		P_ACT	{"を": ["ABSTRACT", "EVENT_ACT", "STATE_PROPERTY"]}	{}	5814
左右する	6143	P	DECIDED	estimated	P_CHANGE	gen_frame	DISTRIBUTION_DISAGREES	P_CHANGE	{"を": ["ABSTRACT", "ARTIFACT", "EVENT_ACT", "GROUP_ORG", "PERSON", "STATE_PROPERTY"]}	{"role_distribution@codex:code": ["を"]}	3308
観察する	6114	P	DECIDED	estimated	P_PERCEIVE	gen_frame		P_PERCEIVE	{"を": ["ANIMAL", "ARTIFACT", "EVENT_ACT", "GROUP_ORG", "NATURAL_PHENOMENON", "PERSON", "PLACE", "PLANT", "STATE_PROPERTY"]}	{}	2691
帰宅する	6101	P	DECIDED	estimated	P_MOVE	gen_frame		P_MOVE	{"へ": ["PLACE"]}	{}	3352
列挙する	6045	P	DECIDED	direct	P_COMMUNICATE	gen_frame,role_distribution@codex:code,role_distribution@codex:code_qa		P_COMMUNICATE	{"を": ["ABSTRACT", "EVENT_ACT", "INFO_LANGUAGE", "QUANTITY", "STATE_PROPERTY"]}	{"role_distribution@codex:code": ["を"], "role_distribution@codex:code_qa": ["を"]}	2924
完成する	6032	P	DECIDED	estimated	P_CREATE	gen_frame		P_CREATE	{"が": ["ABSTRACT", "ARTIFACT", "EVENT_ACT", "WORK"]}	{}	1976
保管する	5955	P	DECIDED	estimated	P_ACT	gen_frame	DISTRIBUTION_DISAGREES	P_ACT	{"を": ["ABSTRACT", "ARTIFACT", "INFO_LANGUAGE", "SUBSTANCE_FOOD"]}	{"role_distribution@codex:code": ["を"], "role_distribution@codex:figurative_commonsense": ["を"], "role_distribution@codex:narrative": ["を", "に"]}	2113
解消する	5881	P	DECIDED	estimated	P_CHANGE	gen_frame	DISTRIBUTION_DISAGREES	P_CHANGE	{"を": ["ABSTRACT", "EVENT_ACT", "STATE_PROPERTY"]}	{"role_distribution@codex:figurative_commonsense": ["が", "を"], "role_distribution@codex:general_qa": ["を"]}	5035
沙汰する	5858	P	DECIDED	estimated	P_ACT	gen_frame		P_ACT	{"を": ["ABSTRACT", "EVENT_ACT"]}	{}	5820
到着する	5812	P	DECIDED	estimated	P_MOVE	gen_frame		P_MOVE	{"に": ["PLACE"]}	{}	2308
省略する	5784	P	DECIDED	estimated	P_ACT	gen_frame	DISTRIBUTION_DISAGREES	P_ACT	{"を": ["ABSTRACT", "EVENT_ACT", "INFO_LANGUAGE", "STATE_PROPERTY", "WORK"]}	{"role_distribution@jawiki": ["を"]}	3705
含意する	5766	P	DECIDED	estimated	P_COGNITION	gen_frame	DISTRIBUTION_DISAGREES	P_COGNITION	{"を": ["ABSTRACT", "EVENT_ACT", "INFO_LANGUAGE"]}	{"role_distribution@codex:paraphrase_entail": ["を"]}	5728
収録する	5724	P	DECIDED	estimated	P_CREATE	gen_frame	DISTRIBUTION_DISAGREES	P_CREATE	{"に": ["ARTIFACT", "INFO_LANGUAGE", "WORK"]}	{"role_distribution@codex:general_qa": ["を"], "role_distribution@jawiki": ["を"]}	5572
アクセスする	5684	P	DECIDED	estimated	P_ACT	gen_frame		P_ACT	{"に": ["ARTIFACT", "INFO_LANGUAGE", "PLACE"]}	{}	4565
保護する	5684	P	DECIDED	estimated	P_ACT	gen_frame	DISTRIBUTION_DISAGREES	P_ACT	{"を": ["ABSTRACT", "ANIMAL", "ARTIFACT", "GROUP_ORG", "PERSON", "PLACE", "PLANT", "STATE_PROPERTY"]}	{"role_distribution@codex:code_qa": ["を"], "role_distribution@codex:conversation": ["を"], "role_distribution@codex:figurative_commonsense": ["を"], "role_distribution@codex:narrative": ["を"]}	2784
所有する	5659	P	DECIDED	estimated	P_POSSESS	gen_frame	DISTRIBUTION_DISAGREES	P_POSSESS	{"を": ["ABSTRACT", "ARTIFACT", "INFO_LANGUAGE"]}	{"role_distribution@codex:code_qa": ["を"], "role_distribution@codex:paraphrase_entail": ["を"]}	2673
形成する	5629	P	DECIDED	estimated	P_CREATE	gen_frame		P_CREATE	{"が": ["ABSTRACT", "EVENT_ACT", "STATE_PROPERTY"]}	{}	4930
抽出する	5489	P	DECIDED	estimated	P_ACT	gen_frame		P_ACT	{"から": ["ABSTRACT", "ARTIFACT", "PLACE", "SUBSTANCE_FOOD"], "を": ["ABSTRACT", "ARTIFACT", "INFO_LANGUAGE", "SUBSTANCE_FOOD"]}	{}	3359
捕捉する	5459	P	DECIDED	estimated	P_PERCEIVE	gen_frame	DISTRIBUTION_DISAGREES	P_PERCEIVE	{"を": ["ABSTRACT", "ANIMAL", "ARTIFACT", "EVENT_ACT", "GROUP_ORG", "PERSON", "SUBSTANCE_FOOD"]}	{"role_distribution@codex:code_qa": ["を"]}	4968
不足する	5445	P	DECIDED	estimated	P_STATE	gen_frame		P_STATE	{"が": ["ABSTRACT", "ARTIFACT", "QUANTITY", "STATE_PROPERTY", "SUBSTANCE_FOOD"]}	{}	3790
配信する	5430	P	DECIDED	direct	P_COMMUNICATE	gen_frame,role_distribution@codex:general_qa		P_COMMUNICATE	{"に": ["GROUP_ORG", "INFO_LANGUAGE", "PERSON", "PLACE"], "を": ["ARTIFACT", "EVENT_ACT", "INFO_LANGUAGE", "WORK"]}	{"role_distribution@codex:general_qa": ["を"]}	4919
勉強する	5385	P	DECIDED	estimated	P_ACT	gen_frame	DISTRIBUTION_DISAGREES	P_ACT	{"を": ["ABSTRACT", "ARTIFACT", "EVENT_ACT", "INFO_LANGUAGE"]}	{"role_distribution@jawiki": ["を"]}	3333
製作する	5380	P	DECIDED	estimated	P_CREATE	gen_frame		P_CREATE	{"を": ["ARTIFACT", "INFO_LANGUAGE", "WORK"]}	{}	5366
作曲する	5374	P	DECIDED	estimated	P_CREATE	gen_frame	DISTRIBUTION_DISAGREES	P_CREATE	{"を": ["INFO_LANGUAGE", "WORK"]}	{"role_distribution@codex:general_qa": ["を"]}	5194
特定する	5364	P	DECIDED	estimated	P_COGNITION	gen_frame		P_COGNITION	{"を": ["ABSTRACT", "ARTIFACT", "GROUP_ORG", "INFO_LANGUAGE", "PERSON", "PLACE", "STATE_PROPERTY"]}	{}	3107
競合する	5331	P	DECIDED	estimated	P_STATE	gen_frame		P_STATE	{"と": ["ABSTRACT", "ARTIFACT", "EVENT_ACT", "GROUP_ORG", "PERSON"]}	{}	5119
出場する	5178	P	DECIDED	estimated	P_ACT	gen_frame		P_ACT	{"に": ["EVENT_ACT", "PLACE"]}	{}	3760
緊張する	5172	P	DECIDED	estimated	P_STATE	gen_frame		P_STATE	{"に": ["EVENT_ACT", "GROUP_ORG", "PERSON", "STATE_PROPERTY"]}	{}	2475
編集する	5170	P	DECIDED	estimated	P_CREATE	gen_frame	DISTRIBUTION_DISAGREES	P_CREATE	{"を": ["ABSTRACT", "ARTIFACT", "INFO_LANGUAGE", "WORK"]}	{"role_distribution@codex:general_qa": ["を"], "role_distribution@codex:paraphrase_entail": ["を"], "role_distribution@jawiki": ["を"]}	4290
該当する	5128	P	DECIDED	estimated	P_STATE	gen_frame		P_STATE	{"に": ["ABSTRACT", "EVENT_ACT", "INFO_LANGUAGE", "STATE_PROPERTY"]}	{}	1795
整形する	5115	P	DECIDED	estimated	P_CHANGE	gen_frame	DISTRIBUTION_DISAGREES	P_CHANGE	{"を": ["ARTIFACT", "BODY_PART"]}	{"role_distribution@codex:code_qa": ["を"]}	2839
一貫する	5103	P	DECIDED	estimated	P_STATE	gen_frame	DISTRIBUTION_DISAGREES	P_STATE	{"が": ["ABSTRACT", "STATE_PROPERTY"]}	{"role_distribution@codex:general_qa": ["を"]}	4466
乾燥する	5039	P	DECIDED	estimated	P_CHANGE	gen_frame		P_CHANGE	{"が": ["ARTIFACT", "SUBSTANCE_FOOD"], "を": ["ARTIFACT", "SUBSTANCE_FOOD"]}	{}	1759
引用する	4962	P	DECIDED	direct	P_COMMUNICATE	gen_frame,role_distribution@codex:general_qa		P_COMMUNICATE	{"を": ["INFO_LANGUAGE", "WORK"]}	{"role_distribution@codex:general_qa": ["を"]}	3395
遅刻する	4927	P	DECIDED	estimated	P_ACT	gen_frame		P_ACT	{"に": ["EVENT_ACT", "PLACE", "TIME"]}	{}	3553
格納する	4911	P	DECIDED	estimated	P_ACT	gen_frame	DISTRIBUTION_DISAGREES	P_ACT	{"に": ["ARTIFACT", "PLACE"], "を": ["ARTIFACT", "INFO_LANGUAGE", "SUBSTANCE_FOOD"]}	{"role_distribution@jawiki": ["を"]}	2998
操作する	4880	P	DECIDED	estimated	P_ACT	gen_frame	DISTRIBUTION_DISAGREES	P_ACT	{"を": ["ABSTRACT", "ARTIFACT", "EVENT_ACT", "INFO_LANGUAGE"]}	{"role_distribution@codex:conversation": ["を"], "role_distribution@codex:figurative_commonsense": ["を"], "role_distribution@codex:general_qa": ["を"], "role_distribution@codex:pro": ["を"]}	2373
獲得する	4839	P	DECIDED	estimated	P_POSSESS	gen_frame	DISTRIBUTION_DISAGREES	P_POSSESS	{"を": ["ABSTRACT", "ARTIFACT", "QUANTITY"]}	{"role_distribution@codex:general_qa": ["が", "を"]}	4550
中断する	4837	P	DECIDED	estimated	P_ACT	gen_frame	DISTRIBUTION_DISAGREES	P_ACT	{"を": ["ARTIFACT", "EVENT_ACT"]}	{"role_distribution@codex:code": ["を"], "role_distribution@codex:code_qa": ["を"], "role_distribution@codex:general_qa": ["を"], "role_distribution@codex:paraphrase_entail": ["を"], "role_distribution@codex:pro": ["を"]}	2871
受賞する	4827	P	DECIDED	estimated	P_GIVE	gen_frame	DISTRIBUTION_DISAGREES	P_GIVE	{"を": ["ARTIFACT", "EVENT_ACT", "WORK"]}	{"role_distribution@jawiki": ["を"]}	4595
掲載する	4794	P	DECIDED	estimated	P_ACT	gen_frame	DISTRIBUTION_DISAGREES	P_ACT	{"に": ["ARTIFACT", "INFO_LANGUAGE", "PLACE"], "を": ["ARTIFACT", "INFO_LANGUAGE", "WORK"]}	{"role_distribution@codex:general_qa": ["を"], "role_distribution@codex:paraphrase_entail": ["を"]}	4209
失礼する	4780	P	DECIDED	estimated	P_ACT	gen_frame		P_ACT	{"が": ["GROUP_ORG", "PERSON"], "に": ["ABSTRACT", "GROUP_ORG", "PERSON"]}	{}	4604
再現する	4740	P	DECIDED	estimated	P_CREATE	gen_frame	DISTRIBUTION_DISAGREES	P_CREATE	{"を": ["EVENT_ACT", "INFO_LANGUAGE", "STATE_PROPERTY", "WORK"]}	{"role_distribution@codex:code": ["を"]}	4010
運行する	4698	P	DECIDED	estimated	P_MOVE	gen_frame		P_MOVE	{"が": ["ANIMAL", "ARTIFACT", "GROUP_ORG"], "を": ["EVENT_ACT", "PLACE", "TIME"]}	{}	3375
混同する	4695	P	DECIDED	estimated	P_COGNITION	gen_frame		P_COGNITION	{"と": ["ABSTRACT", "GROUP_ORG", "PERSON"], "を": ["ABSTRACT", "INFO_LANGUAGE", "STATE_PROPERTY"]}	{}	3569
出版する	4694	P	DECIDED	estimated	P_CREATE	gen_frame	DISTRIBUTION_DISAGREES	P_CREATE	{"を": ["INFO_LANGUAGE", "WORK"]}	{"role_distribution@jawiki": ["が", "を"]}	4512
レビューする	4692	P	DECIDED	estimated	P_COGNITION	gen_frame		P_COGNITION	{"に": ["GROUP_ORG", "PERSON"], "を": ["ABSTRACT", "ARTIFACT", "WORK"]}	{}	4617
加熱する	4607	P	DECIDED	estimated	P_CHANGE	gen_frame	DISTRIBUTION_DISAGREES	P_CHANGE	{"を": ["ARTIFACT", "SUBSTANCE_FOOD"]}	{"role_distribution@codex:paraphrase_entail": ["を"], "role_distribution@jawiki": ["を"]}	2800
交換する	4552	P	DECIDED	estimated	P_GIVE	gen_frame		P_GIVE	{"と": ["ARTIFACT", "GROUP_ORG", "PERSON"], "を": ["ARTIFACT", "INFO_LANGUAGE", "SUBSTANCE_FOOD"]}	{}	996
送信する	4490	P	DECIDED	direct	P_COMMUNICATE	gen_frame,role_distribution@codex:code,role_distribution@codex:code_qa,role_distribution@codex:general_qa,role_distribution@jawiki		P_COMMUNICATE	{"に": ["ARTIFACT", "GROUP_ORG", "PERSON"], "を": ["ABSTRACT", "ARTIFACT", "INFO_LANGUAGE"]}	{"role_distribution@codex:code": ["を"], "role_distribution@codex:code_qa": ["を"], "role_distribution@codex:general_qa": ["を"], "role_distribution@jawiki": ["を"]}	2068
隣接する	4486	P	DECIDED	estimated	P_STATE	gen_frame		P_STATE	{"が": ["ABSTRACT", "ARTIFACT", "PLACE"], "に": ["ABSTRACT", "ARTIFACT", "PLACE"]}	{}	3196
試行する	4467	P	DECIDED	estimated	P_ACT	gen_frame		P_ACT	{"を": ["ABSTRACT", "ARTIFACT", "EVENT_ACT"]}	{}	4042
矛盾する	4424	P	DECIDED	estimated	P_STATE	gen_frame		P_STATE	{"が": ["ABSTRACT", "INFO_LANGUAGE", "STATE_PROPERTY"], "と": ["ABSTRACT", "INFO_LANGUAGE", "STATE_PROPERTY"]}	{}	3889
歴任する	4405	P	DECIDED	estimated	P_STATE	gen_frame	DISTRIBUTION_DISAGREES	P_STATE	{"で": ["EVENT_ACT", "PLACE", "TIME"], "を": ["ABSTRACT", "GROUP_ORG", "PERSON"]}	{"role_distribution@jawiki": ["を"]}	4405
購入する	4368	P	DECIDED	estimated	P_GIVE	gen_frame		P_GIVE	{"から": ["GROUP_ORG", "PERSON"], "を": ["ABSTRACT", "ARTIFACT", "SUBSTANCE_FOOD", "WORK"]}	{}	2047
測定する	4308	P	DECIDED	estimated	P_PERCEIVE	gen_frame		P_PERCEIVE	{"を": ["ABSTRACT", "ARTIFACT", "QUANTITY", "SUBSTANCE_FOOD"]}	{}	2632
相当する	4278	P	DECIDED	estimated	P_STATE	gen_frame		P_STATE	{"が": ["ABSTRACT", "STATE_PROPERTY"], "に": ["ABSTRACT", "QUANTITY", "STATE_PROPERTY"]}	{}	3259
ソートする	4251	P	DECIDED	estimated	P_ACT	gen_frame		P_ACT	{"を": ["ABSTRACT", "ARTIFACT", "INFO_LANGUAGE"]}	{}	2540
出発する	4249	P	DECIDED	direct	P_MOVE	gen_frame,role_distribution@codex:narrative		P_MOVE	{"から": ["EVENT_ACT", "PLACE", "TIME"], "へ": ["EVENT_ACT", "PLACE"]}	{"role_distribution@codex:narrative": ["へ"]}	1670
認識する	4249	P	DECIDED	estimated	P_COGNITION	gen_frame	DISTRIBUTION_DISAGREES	P_COGNITION	{"を": ["ABSTRACT", "ANIMAL", "INFO_LANGUAGE", "PERSON", "STATE_PROPERTY"]}	{"role_distribution@codex:code_qa": ["を"]}	2704
ステージする	4248	P	DECIDED	estimated	P_ACT	gen_frame		P_ACT	{"で": ["PLACE", "TIME"], "を": ["ARTIFACT", "EVENT_ACT", "WORK"]}	{}	4234
維持する	4243	P	DECIDED	estimated	P_STATE	gen_frame		P_STATE	{"を": ["ABSTRACT", "ARTIFACT", "STATE_PROPERTY"]}	{}	2110
撮影する	4209	P	DECIDED	estimated	P_CREATE	gen_frame	DISTRIBUTION_DISAGREES	P_CREATE	{"で": ["PLACE"], "を": ["ANIMAL", "ARTIFACT", "EVENT_ACT", "PERSON", "PLACE"]}	{"role_distribution@jawiki": ["を"]}	1802
バインドする	4188	P	DECIDED	estimated	P_ACT	gen_frame		P_ACT	{"に": ["ARTIFACT", "INFO_LANGUAGE"], "を": ["ABSTRACT", "ARTIFACT", "INFO_LANGUAGE"]}	{}	4054
回収する	4152	P	DECIDED	estimated	P_ACT	gen_frame	DISTRIBUTION_DISAGREES	P_ACT	{"から": ["GROUP_ORG", "PERSON", "PLACE"], "を": ["ABSTRACT", "ARTIFACT", "SUBSTANCE_FOOD"]}	{"role_distribution@codex:conversation": ["を"], "role_distribution@codex:general_qa": ["を"], "role_distribution@codex:narrative": ["を"], "role_distribution@codex:paraphrase_entail": ["が", "を"]}	2354
代表する	4131	P	DECIDED	estimated	P_COMMUNICATE	gen_frame		P_COMMUNICATE	{"で": ["EVENT_ACT", "PLACE"], "を": ["ABSTRACT", "GROUP_ORG", "PERSON"]}	{}	3638
通過する	4109	P	DECIDED	estimated	P_MOVE	gen_frame		P_MOVE	{"を": ["ARTIFACT", "EVENT_ACT", "PLACE"]}	{}	1539
集中する	4085	P	DECIDED	estimated	P_ACT	gen_frame		P_ACT	{"に": ["ABSTRACT", "EVENT_ACT", "PLACE"], "を": ["ABSTRACT", "EVENT_ACT"]}	{}	1109
演奏する	4080	P	DECIDED	estimated	P_ACT	gen_frame	DISTRIBUTION_DISAGREES	P_ACT	{"で": ["EVENT_ACT", "PLACE"], "を": ["ARTIFACT", "INFO_LANGUAGE", "WORK"]}	{"role_distribution@codex:conversation": ["を"], "role_distribution@codex:figurative_commonsense": ["を", "で"], "role_distribution@codex:general_qa": ["を"], "role_distribution@codex:paraphrase_entail": ["を"], "role_distribution@jawiki": ["を"]}	1487
メモする	4077	P	DECIDED	estimated	P_CREATE	gen_frame		P_CREATE	{"に": ["ARTIFACT", "INFO_LANGUAGE"], "を": ["ABSTRACT", "EVENT_ACT", "INFO_LANGUAGE"]}	{}	2592
主催する	4062	P	DECIDED	estimated	P_ACT	gen_frame		P_ACT	{"を": ["EVENT_ACT"]}	{}	3891
追跡する	4050	P	DECIDED	estimated	P_ACT	gen_frame		P_ACT	{"を": ["ANIMAL", "ARTIFACT", "PERSON"]}	{}	3411
試着する	4029	P	DECIDED	estimated	P_ACT	gen_frame	DISTRIBUTION_DISAGREES	P_ACT	{"を": ["ARTIFACT", "SUBSTANCE_FOOD"]}	{"role_distribution@codex:figurative_commonsense": ["を"], "role_distribution@codex:paraphrase_entail": ["を"]}	3050
反射する	3958	P	DECIDED	estimated	P_CHANGE	gen_frame	DISTRIBUTION_DISAGREES	P_CHANGE	{"に": ["ARTIFACT", "SUBSTANCE_FOOD"]}	{"role_distribution@codex:figurative_commonsense": ["を"], "role_distribution@codex:general_qa": ["を"], "role_distribution@codex:narrative": ["を", "に"], "role_distribution@jawiki": ["を"]}	1759
置換する	3941	P	DECIDED	estimated	P_CHANGE	gen_frame	DISTRIBUTION_DISAGREES	P_CHANGE	{"を": ["ABSTRACT", "ARTIFACT", "INFO_LANGUAGE"]}	{"role_distribution@codex:code": ["を"], "role_distribution@codex:code_qa": ["を"]}	2432
再開する	3890	P	DECIDED	estimated	P_ACT	gen_frame	DISTRIBUTION_DISAGREES	P_ACT	{"を": ["EVENT_ACT"]}	{"role_distribution@codex:code": ["を"], "role_distribution@codex:conversation": ["を"], "role_distribution@codex:figurative_commonsense": ["を"], "role_distribution@codex:general_qa": ["を"], "role_distribution@codex:narrative": ["を"], "role_distribution@codex:paraphrase_entail": ["を"], "role_distribution@codex:pro": ["を"], "role_distribution@jawiki": ["を"]}	1039
質問する	3876	P	DECIDED	estimated	P_COMMUNICATE	gen_frame		P_COMMUNICATE	{"に": ["GROUP_ORG", "PERSON"], "を": ["ABSTRACT", "INFO_LANGUAGE"]}	{}	2033
調査する	3840	P	DECIDED	estimated	P_COGNITION	gen_frame		P_COGNITION	{"を": ["ABSTRACT", "ARTIFACT", "EVENT_ACT", "INFO_LANGUAGE", "PLACE"]}	{}	3105
分離する	3817	P	DECIDED	estimated	P_CHANGE	gen_frame	DISTRIBUTION_DISAGREES	P_CHANGE	{"を": ["ABSTRACT", "ARTIFACT", "SUBSTANCE_FOOD"]}	{"role_distribution@codex:code_qa": ["を", "と"], "role_distribution@jawiki": ["から"]}	2127
中止する	3813	P	DECIDED	estimated	P_ACT	gen_frame	DISTRIBUTION_DISAGREES	P_ACT	{"を": ["EVENT_ACT"]}	{"role_distribution@codex:code": ["を"], "role_distribution@codex:code_qa": ["を"], "role_distribution@codex:general_qa": ["を"], "role_distribution@codex:paraphrase_entail": ["を"], "role_distribution@jawiki": ["を"]}	2071
反応する	3797	P	DECIDED	estimated	P_STATE	gen_frame		P_STATE	{"に": ["ABSTRACT", "ANIMAL", "EVENT_ACT", "NATURAL_PHENOMENON", "PERSON"]}	{}	1249
避難する	3781	P	DECIDED	direct	P_MOVE	gen_frame,role_distribution@codex:general_qa,role_distribution@codex:narrative		P_MOVE	{"に": ["PLACE"], "へ": ["PLACE"]}	{"role_distribution@codex:general_qa": ["へ"], "role_distribution@codex:narrative": ["へ"]}	2694
出演する	3763	P	DECIDED	estimated	P_ACT	gen_frame		P_ACT	{"に": ["GROUP_ORG", "PLACE"]}	{}	3641
返却する	3748	P	DECIDED	estimated	P_MOVE	gen_frame	DISTRIBUTION_DISAGREES	P_MOVE	{"に": ["GROUP_ORG", "PERSON"], "を": ["ARTIFACT", "SUBSTANCE_FOOD"]}	{"role_distribution@codex:general_qa": ["を"], "role_distribution@codex:narrative": ["を"], "role_distribution@codex:paraphrase_entail": ["を"]}	2775
所蔵する	3731	P	DECIDED	estimated	P_POSSESS	gen_frame		P_POSSESS	{"を": ["ARTIFACT", "WORK"]}	{}	3527
建設する	3722	P	DECIDED	estimated	P_CREATE	gen_frame		P_CREATE	{"を": ["ARTIFACT", "PLACE"]}	{}	3541
挿入する	3683	P	DECIDED	estimated	P_ACT	gen_frame		P_ACT	{"に": ["ARTIFACT", "BODY_PART", "PLACE"], "を": ["ARTIFACT", "INFO_LANGUAGE", "SUBSTANCE_FOOD"]}	{}	1812
制御する	3664	P	DECIDED	estimated	P_ACT	gen_frame	DISTRIBUTION_DISAGREES	P_ACT	{"を": ["ABSTRACT", "ARTIFACT", "EVENT_ACT"]}	{"role_distribution@codex:figurative_commonsense": ["を"]}	2686
運用する	3651	P	DECIDED	estimated	P_ACT	gen_frame		P_ACT	{"を": ["ABSTRACT", "ARTIFACT", "EVENT_ACT", "GROUP_ORG"]}	{}	2606
点検する	3639	P	DECIDED	estimated	P_ACT	gen_frame	DISTRIBUTION_DISAGREES	P_ACT	{"を": ["ABSTRACT", "ARTIFACT", "EVENT_ACT", "PLACE"]}	{"role_distribution@codex:pro": ["を"]}	1176
生息する	3634	P	DECIDED	estimated	P_EXIST	gen_frame		P_EXIST	{"に": ["PLACE"]}	{}	3182
提案する	3621	P	DECIDED	direct	P_COMMUNICATE	gen_frame,role_distribution@codex:code_qa		P_COMMUNICATE	{"に": ["GROUP_ORG", "PERSON"], "を": ["ABSTRACT", "EVENT_ACT"]}	{"role_distribution@codex:code_qa": ["を"]}	965
消費する	3591	P	DECIDED	estimated	P_CONSUME	gen_frame		P_CONSUME	{"を": ["ABSTRACT", "ARTIFACT", "SUBSTANCE_FOOD"]}	{}	2855
停車する	3572	P	DECIDED	estimated	P_MOVE	gen_frame		P_MOVE	{"に": ["PLACE"]}	{}	1354
印刷する	3568	P	DECIDED	estimated	P_CREATE	gen_frame	DISTRIBUTION_DISAGREES	P_CREATE	{"を": ["ARTIFACT", "INFO_LANGUAGE", "WORK"]}	{"role_distribution@codex:general_qa": ["を"], "role_distribution@codex:paraphrase_entail": ["を"], "role_distribution@codex:pro": ["を"], "role_distribution@jawiki": ["を"]}	1621
運転する	3500	P	DECIDED	estimated	P_ACT	gen_frame	DISTRIBUTION_DISAGREES	P_ACT	{"で": ["PLACE"], "を": ["ARTIFACT"]}	{"role_distribution@codex:figurative_commonsense": ["を"], "role_distribution@codex:paraphrase_entail": ["が", "を"]}	1377
許容する	3493	P	DECIDED	estimated	P_STATE	gen_frame	DISTRIBUTION_DISAGREES	P_STATE	{"を": ["ABSTRACT", "EVENT_ACT", "STATE_PROPERTY"]}	{"role_distribution@codex:code_qa": ["を"]}	3082
創設する	3489	P	DECIDED	estimated	P_CREATE	gen_frame		P_CREATE	{"を": ["ABSTRACT", "EVENT_ACT", "GROUP_ORG"]}	{}	3459
びっくりする	3484	P	DECIDED	estimated	P_EMOTION	gen_frame		P_EMOTION	{"に": ["EVENT_ACT", "STATE_PROPERTY"]}	{}	2782
分岐する	3474	P	DECIDED	estimated	P_CHANGE	gen_frame	DISTRIBUTION_DISAGREES	P_CHANGE	{"に": ["ABSTRACT", "ARTIFACT", "PLACE"]}	{"role_distribution@jawiki": ["から"]}	2365
優勝する	3429	P	DECIDED	estimated	P_ACT	gen_frame		P_ACT	{"で": ["EVENT_ACT", "GROUP_ORG"]}	{}	2280
依頼する	3376	P	DECIDED	direct	P_COMMUNICATE	gen_frame,role_distribution@codex:code_qa,role_distribution@codex:conversation,role_distribution@codex:general_qa,role_distribution@jawiki		P_COMMUNICATE	{"に": ["GROUP_ORG", "PERSON"], "を": ["ABSTRACT", "ARTIFACT", "EVENT_ACT"]}	{"role_distribution@codex:code_qa": ["を"], "role_distribution@codex:conversation": ["を"], "role_distribution@codex:general_qa": ["を"], "role_distribution@jawiki": ["を", "に"]}	1047
出席する	3353	P	DECIDED	estimated	P_ACT	gen_frame		P_ACT	{"に": ["EVENT_ACT", "GROUP_ORG", "PLACE"]}	{}	2493
混在する	3309	P	DECIDED	estimated	P_STATE	gen_frame		P_STATE	{"に": ["ABSTRACT", "PLACE", "SUBSTANCE_FOOD"]}	{}	2606
分解する	3308	P	DECIDED	estimated	P_CHANGE	gen_frame	DISTRIBUTION_DISAGREES	P_CHANGE	{"を": ["ABSTRACT", "ARTIFACT", "SUBSTANCE_FOOD"]}	{"role_distribution@codex:general_qa": ["を"], "role_distribution@codex:paraphrase_entail": ["を"], "role_distribution@jawiki": ["を"]}	913
否定する	3282	P	DECIDED	estimated	P_COGNITION	gen_frame	DISTRIBUTION_DISAGREES	P_COGNITION	{"を": ["ABSTRACT", "EVENT_ACT", "INFO_LANGUAGE"]}	{"role_distribution@codex:paraphrase_entail": ["を"], "role_distribution@jawiki": ["を"]}	2467
約束する	3281	P	DECIDED	direct	P_COMMUNICATE	gen_frame,role_distribution@codex:general_qa,role_distribution@jawiki		P_COMMUNICATE	{"と": ["GROUP_ORG", "PERSON"], "を": ["ABSTRACT", "EVENT_ACT"]}	{"role_distribution@codex:general_qa": ["を"], "role_distribution@jawiki": ["を"]}	1379
改善する	3266	P	DECIDED	estimated	P_CHANGE	gen_frame		P_CHANGE	{"を": ["ABSTRACT", "ARTIFACT", "EVENT_ACT", "STATE_PROPERTY"]}	{}	1243
生産する	3256	P	DECIDED	estimated	P_CREATE	gen_frame	DISTRIBUTION_DISAGREES	P_CREATE	{"を": ["ARTIFACT", "PLANT", "SUBSTANCE_FOOD"]}	{"role_distribution@codex:paraphrase_entail": ["を"]}	3081
分布する	3249	P	DECIDED	estimated	P_EXIST	gen_frame		P_EXIST	{"に": ["ABSTRACT", "GROUP_ORG", "PLACE"]}	{}	2823
心配する	3194	P	DECIDED	estimated	P_EMOTION	gen_frame		P_EMOTION	{"を": ["ABSTRACT", "EVENT_ACT", "STATE_PROPERTY"]}	{}	1585
受信する	3136	P	DECIDED	estimated	P_COMMUNICATE	gen_frame		P_COMMUNICATE	{"を": ["ABSTRACT", "ARTIFACT", "INFO_LANGUAGE"]}	{}	1711
想像する	3136	P	DECIDED	estimated	P_COGNITION	gen_frame		P_COGNITION	{"を": ["ABSTRACT", "EVENT_ACT", "STATE_PROPERTY"]}	{}	989
制定する	3123	P	DECIDED	estimated	P_CREATE	gen_frame	DISTRIBUTION_DISAGREES	P_CREATE	{"を": ["ABSTRACT", "EVENT_ACT", "INFO_LANGUAGE"]}	{"role_distribution@codex:general_qa": ["が", "を"]}	2618
廃止する	3114	P	DECIDED	estimated	P_CHANGE	gen_frame	DISTRIBUTION_DISAGREES	P_CHANGE	{"を": ["ABSTRACT", "EVENT_ACT", "INFO_LANGUAGE"]}	{"role_distribution@codex:general_qa": ["を"]}	2799
借用する	3061	P	DECIDED	estimated	P_POSSESS	gen_frame	DISTRIBUTION_DISAGREES	P_POSSESS	{"から": ["GROUP_ORG", "PERSON"], "を": ["ABSTRACT", "ARTIFACT", "INFO_LANGUAGE"]}	{"role_distribution@codex:code_qa": ["を"]}	2460
インポートする	3042	P	DECIDED	estimated	P_MOVE	gen_frame	DISTRIBUTION_DISAGREES	P_MOVE	{"を": ["ABSTRACT", "ARTIFACT", "INFO_LANGUAGE"]}	{"role_distribution@codex:code": ["を"], "role_distribution@codex:code_qa": ["を"]}	1641
選出する	3025	P	DECIDED	estimated	P_CHANGE	gen_frame	DISTRIBUTION_DISAGREES	P_CHANGE	{"に": ["ABSTRACT", "EVENT_ACT"], "を": ["GROUP_ORG", "PERSON"]}	{"role_distribution@jawiki": ["を"]}	2950
衝突する	2970	P	DECIDED	estimated	P_ACT	gen_frame		P_ACT	{"と": ["ARTIFACT", "GROUP_ORG", "PERSON"]}	{}	2022
追記する	2959	P	DECIDED	estimated	P_CREATE	gen_frame	DISTRIBUTION_DISAGREES	P_CREATE	{"に": ["ABSTRACT", "ARTIFACT", "INFO_LANGUAGE"]}	{"role_distribution@codex:code_qa": ["を"]}	1606
録音する	2959	P	DECIDED	estimated	P_CREATE	gen_frame	DISTRIBUTION_DISAGREES	P_CREATE	{"を": ["ABSTRACT", "EVENT_ACT", "SUBSTANCE_FOOD"]}	{"role_distribution@codex:paraphrase_entail": ["が", "を"], "role_distribution@jawiki": ["を"]}	717
配置する	2955	P	DECIDED	estimated	P_MOVE	gen_frame	DISTRIBUTION_DISAGREES	P_MOVE	{"に": ["ABSTRACT", "PLACE"], "を": ["ARTIFACT", "GROUP_ORG", "PERSON"]}	{"role_distribution@codex:paraphrase_entail": ["を"]}	1073
選択する	2939	P	DECIDED	estimated	P_COGNITION	gen_frame	DISTRIBUTION_DISAGREES	P_COGNITION	{"を": ["ABSTRACT", "ARTIFACT", "EVENT_ACT", "INFO_LANGUAGE"]}	{"role_distribution@codex:general_qa": ["を"]}	2025
反復する	2937	P	DECIDED	estimated	P_ACT	gen_frame	DISTRIBUTION_DISAGREES	P_ACT	{"を": ["ABSTRACT", "EVENT_ACT", "INFO_LANGUAGE"]}	{"role_distribution@codex:code": ["を"], "role_distribution@codex:figurative_commonsense": ["を"]}	2122
管轄する	2937	P	DECIDED	estimated	P_STATE	gen_frame		P_STATE	{"を": ["ABSTRACT", "EVENT_ACT", "PLACE"]}	{}	2664
エンコードする	2899	P	DECIDED	estimated	P_CHANGE	gen_frame		P_CHANGE	{"を": ["ABSTRACT", "ARTIFACT", "INFO_LANGUAGE"]}	{}	1610
注文する	2895	P	DECIDED	estimated	P_COMMUNICATE	gen_frame	FRAME_PARTICLES_NOT_COVERED	P_COMMUNICATE	{"に": ["GROUP_ORG", "PERSON"], "を": ["ABSTRACT", "ARTIFACT", "SUBSTANCE_FOOD"]}	{"role_distribution@codex:figurative_commonsense": ["を"], "role_distribution@codex:general_qa": ["を", "で"], "role_distribution@codex:narrative": ["を"], "role_distribution@codex:paraphrase_entail": ["を"], "role_distribution@codex:pro": ["を"]}	1327
受診する	2890	P	DECIDED	estimated	P_ACT	gen_frame		P_ACT	{"を": ["ANIMAL", "BODY_PART", "PERSON"]}	{}	1333
エスケープする	2868	P	DECIDED	estimated	P_MOVE	gen_frame	DISTRIBUTION_DISAGREES	P_MOVE	{"から": ["ABSTRACT", "PLACE"], "を": ["ARTIFACT", "PLACE"]}	{"role_distribution@codex:code": ["を"], "role_distribution@codex:code_qa": ["を"]}	2147
禁止する	2867	P	DECIDED	estimated	P_ACT	gen_frame	DISTRIBUTION_DISAGREES	P_ACT	{"を": ["ABSTRACT", "EVENT_ACT", "INFO_LANGUAGE"]}	{"role_distribution@codex:code": ["を"], "role_distribution@codex:code_qa": ["を"], "role_distribution@codex:general_qa": ["を"], "role_distribution@jawiki": ["を"]}	1124
継承する	2858	P	DECIDED	estimated	P_POSSESS	gen_frame		P_POSSESS	{"から": ["GROUP_ORG", "PERSON"], "を": ["ABSTRACT", "ARTIFACT", "EVENT_ACT", "INFO_LANGUAGE"]}	{}	1448
作業する	2819	P	DECIDED	estimated	P_ACT	gen_frame		P_ACT	{"を": ["ABSTRACT", "ARTIFACT", "EVENT_ACT"]}	{}	674
並行する	2808	P	DECIDED	estimated	P_STATE	gen_frame	DISTRIBUTION_DISAGREES	P_STATE	{"と": ["ABSTRACT", "ARTIFACT", "EVENT_ACT"]}	{"role_distribution@codex:code": ["を"], "role_distribution@codex:general_qa": ["を"]}	1742
予期する	2783	P	DECIDED	estimated	P_COGNITION	gen_frame		P_COGNITION	{"を": ["ABSTRACT", "EVENT_ACT", "STATE_PROPERTY"]}	{}	2572
活用する	2752	P	DECIDED	estimated	P_ACT	gen_frame	DISTRIBUTION_DISAGREES	P_ACT	{"に": ["ABSTRACT", "EVENT_ACT"], "を": ["ABSTRACT", "ARTIFACT", "INFO_LANGUAGE"]}	{"role_distribution@codex:code": ["を"]}	1083
除去する	2747	P	DECIDED	estimated	P_CHANGE	gen_frame	DISTRIBUTION_DISAGREES	P_CHANGE	{"を": ["ABSTRACT", "ARTIFACT", "SUBSTANCE_FOOD"]}	{"role_distribution@codex:code": ["を"], "role_distribution@codex:code_qa": ["を"], "role_distribution@codex:general_qa": ["を", "で"]}	1314
搭載する	2721	P	DECIDED	estimated	P_POSSESS	gen_frame	DISTRIBUTION_DISAGREES	P_POSSESS	{"に": ["ABSTRACT", "ARTIFACT"]}	{"role_distribution@jawiki": ["を"]}	2505
重視する	2721	P	DECIDED	estimated	P_COGNITION	gen_frame	DISTRIBUTION_DISAGREES	P_COGNITION	{"を": ["ABSTRACT", "EVENT_ACT", "STATE_PROPERTY"]}	{"role_distribution@codex:code": ["を"], "role_distribution@codex:code_qa": ["を"], "role_distribution@codex:general_qa": ["を"]}	1032
計画する	2695	P	DECIDED	estimated	P_COGNITION	gen_frame	DISTRIBUTION_DISAGREES	P_COGNITION	{"を": ["ABSTRACT", "EVENT_ACT"]}	{"role_distribution@codex:code": ["を"], "role_distribution@codex:general_qa": ["を"], "role_distribution@jawiki": ["が", "を"]}	1284
悪化する	2644	P	DECIDED	estimated	P_CHANGE	gen_frame		P_CHANGE	{"が": ["ABSTRACT", "NATURAL_PHENOMENON", "STATE_PROPERTY"]}	{}	1147
合併する	2626	P	DECIDED	estimated	P_CHANGE	gen_frame		P_CHANGE	{"と": ["ABSTRACT", "ARTIFACT", "EVENT_ACT", "GROUP_ORG"]}	{}	2615
出荷する	2589	P	DECIDED	estimated	P_MOVE	gen_frame	DISTRIBUTION_DISAGREES	P_MOVE	{"へ": ["GROUP_ORG", "PLACE"], "を": ["ARTIFACT", "INFO_LANGUAGE", "SUBSTANCE_FOOD"]}	{"role_distribution@codex:paraphrase_entail": ["を"]}	2360
営業する	2587	P	DECIDED	estimated	P_ACT	gen_frame		P_ACT	{"で": ["ABSTRACT", "GROUP_ORG", "PLACE"], "を": ["ARTIFACT", "EVENT_ACT", "SUBSTANCE_FOOD"]}	{}	743
サポートする	2573	P	DECIDED	estimated	P_GIVE	gen_frame	DISTRIBUTION_DISAGREES	P_GIVE	{"を": ["ABSTRACT", "ARTIFACT", "GROUP_ORG", "PERSON"]}	{"role_distribution@codex:code_qa": ["を"]}	1880
命名する	2558	P	DECIDED	estimated	P_CREATE	gen_frame		P_CREATE	{"と": ["ABSTRACT", "INFO_LANGUAGE"], "を": ["ABSTRACT", "ANIMAL", "ARTIFACT", "PERSON"]}	{}	2412
散歩する	2556	P	DECIDED	estimated	P_MOVE	gen_frame		P_MOVE	{"を": ["NATURAL_PHENOMENON", "PLACE"]}	{}	1519
解説する	2549	P	DECIDED	direct	P_COMMUNICATE	gen_frame,role_distribution@codex:code_qa		P_COMMUNICATE	{"を": ["ABSTRACT", "EVENT_ACT", "INFO_LANGUAGE"]}	{"role_distribution@codex:code_qa": ["を"]}	2161
合流する	2527	P	DECIDED	estimated	P_MOVE	gen_frame		P_MOVE	{"と": ["ARTIFACT", "GROUP_ORG", "PERSON", "PLACE"], "に": ["ARTIFACT", "GROUP_ORG", "PERSON", "PLACE"]}	{}	922
解除する	2521	P	DECIDED	estimated	P_CHANGE	gen_frame	DISTRIBUTION_DISAGREES	P_CHANGE	{"を": ["ABSTRACT", "ARTIFACT", "STATE_PROPERTY"]}	{"role_distribution@codex:general_qa": ["を"], "role_distribution@codex:paraphrase_entail": ["を"], "role_distribution@jawiki": ["を"]}	1383
退避する	2512	P	DECIDED	estimated	P_MOVE	gen_frame		P_MOVE	{"から": ["PLACE"], "へ": ["PLACE"]}	{}	2302
決定する	2508	P	DECIDED	estimated	P_COGNITION	gen_frame		P_COGNITION	{"を": ["ABSTRACT", "EVENT_ACT"]}	{}	1997
予定する	2505	P	DECIDED	estimated	P_COGNITION	gen_frame	DISTRIBUTION_DISAGREES	P_COGNITION	{"を": ["EVENT_ACT", "TIME"]}	{"role_distribution@codex:general_qa": ["を"], "role_distribution@jawiki": ["を"]}	676
発展する	2495	P	DECIDED	estimated	P_CHANGE	gen_frame		P_CHANGE	{"が": ["ABSTRACT", "STATE_PROPERTY"]}	{}	1723
探索する	2491	P	DECIDED	estimated	P_PERCEIVE	gen_frame		P_PERCEIVE	{"を": ["ABSTRACT", "ARTIFACT", "PLACE"]}	{}	1629
指示する	2460	P	DECIDED	direct	P_COMMUNICATE	gen_frame,role_distribution@codex:code,role_distribution@codex:general_qa,role_distribution@codex:paraphrase_entail,role_distribution@jawiki		P_COMMUNICATE	{"が": ["GROUP_ORG", "PERSON"], "に": ["GROUP_ORG", "PERSON"], "を": ["EVENT_ACT", "INFO_LANGUAGE"]}	{"role_distribution@codex:code": ["を"], "role_distribution@codex:general_qa": ["を"], "role_distribution@codex:paraphrase_entail": ["が", "を"], "role_distribution@jawiki": ["を"]}	1632
研究する	2460	P	DECIDED	estimated	P_COGNITION	gen_frame	DISTRIBUTION_DISAGREES	P_COGNITION	{"を": ["ABSTRACT", "EVENT_ACT", "INFO_LANGUAGE"]}	{"role_distribution@codex:paraphrase_entail": ["を"], "role_distribution@jawiki": ["を"]}	2244
味見する	2434	P	DECIDED	estimated	P_PERCEIVE	gen_frame	DISTRIBUTION_DISAGREES	P_PERCEIVE	{"を": ["SUBSTANCE_FOOD"]}	{"role_distribution@codex:figurative_commonsense": ["を"], "role_distribution@codex:narrative": ["を"], "role_distribution@codex:paraphrase_entail": ["を"], "role_distribution@codex:pro": ["を"]}	929
展示する	2400	P	DECIDED	estimated	P_ACT	gen_frame	DISTRIBUTION_DISAGREES	P_ACT	{"に": ["GROUP_ORG", "PERSON"], "を": ["ARTIFACT", "SUBSTANCE_FOOD", "WORK"]}	{"role_distribution@codex:general_qa": ["を"], "role_distribution@codex:paraphrase_entail": ["を"], "role_distribution@jawiki": ["を"]}	1345
吸収する	2399	P	DECIDED	estimated	P_CHANGE	gen_frame	DISTRIBUTION_DISAGREES	P_CHANGE	{"が": ["ABSTRACT", "SUBSTANCE_FOOD"], "を": ["ABSTRACT", "SUBSTANCE_FOOD"]}	{"role_distribution@codex:code": ["を"], "role_distribution@codex:code_qa": ["を"], "role_distribution@codex:figurative_commonsense": ["を"]}	1287
在籍する	2387	P	DECIDED	estimated	P_STATE	gen_frame		P_STATE	{"に": ["GROUP_ORG"]}	{}	2340
指摘する	2358	P	DECIDED	direct	P_COMMUNICATE	gen_frame,role_distribution@codex:paraphrase_entail		P_COMMUNICATE	{"が": ["GROUP_ORG", "PERSON"], "を": ["EVENT_ACT", "INFO_LANGUAGE", "STATE_PROPERTY"]}	{"role_distribution@codex:paraphrase_entail": ["を"]}	847
破棄する	2352	P	DECIDED	estimated	P_ACT	gen_frame	DISTRIBUTION_DISAGREES	P_ACT	{"を": ["ABSTRACT", "ARTIFACT", "INFO_LANGUAGE", "SUBSTANCE_FOOD"]}	{"role_distribution@codex:code_qa": ["を"]}	2101
注目する	2346	P	DECIDED	estimated	P_PERCEIVE	gen_frame		P_PERCEIVE	{"に": ["ARTIFACT", "EVENT_ACT", "GROUP_ORG", "PERSON"]}	{}	1348
挨拶する	2342	P	DECIDED	estimated	P_COMMUNICATE	gen_frame		P_COMMUNICATE	{"と": ["GROUP_ORG", "PERSON"], "に": ["GROUP_ORG", "PERSON"]}	{}	542
集約する	2330	P	DECIDED	estimated	P_CHANGE	gen_frame		P_CHANGE	{"を": ["ABSTRACT", "INFO_LANGUAGE", "QUANTITY"]}	{}	1826
持参する	2294	P	DECIDED	estimated	P_MOVE	gen_frame	DISTRIBUTION_DISAGREES	P_MOVE	{"に": ["PERSON", "PLACE"], "を": ["ARTIFACT", "SUBSTANCE_FOOD"]}	{"role_distribution@codex:figurative_commonsense": ["を"]}	691
到達する	2268	P	DECIDED	estimated	P_MOVE	gen_frame		P_MOVE	{"に": ["ABSTRACT", "EVENT_ACT", "PLACE"]}	{}	1196
通知する	2266	P	DECIDED	direct	P_COMMUNICATE	gen_frame,role_distribution@codex:code,role_distribution@codex:paraphrase_entail		P_COMMUNICATE	{"に": ["GROUP_ORG", "PERSON"], "を": ["EVENT_ACT", "INFO_LANGUAGE"]}	{"role_distribution@codex:code": ["を"], "role_distribution@codex:paraphrase_entail": ["を"]}	1546
チェックする	2259	P	DECIDED	estimated	P_PERCEIVE	gen_frame		P_PERCEIVE	{"を": ["ABSTRACT", "ARTIFACT", "EVENT_ACT", "INFO_LANGUAGE"]}	{}	870
識別する	2255	P	DECIDED	estimated	P_COGNITION	gen_frame		P_COGNITION	{"を": ["ANIMAL", "ARTIFACT", "IDENTIFIER", "INFO_LANGUAGE", "PERSON"]}	{}	1516
保有する	2253	P	DECIDED	estimated	P_POSSESS	gen_frame	DISTRIBUTION_DISAGREES	P_POSSESS	{"を": ["ABSTRACT", "ARTIFACT", "QUANTITY"]}	{"role_distribution@codex:general_qa": ["が", "を"]}	2053
主張する	2250	P	DECIDED	direct	P_COMMUNICATE	gen_frame,role_distribution@codex:code,role_distribution@codex:general_qa,role_distribution@jawiki		P_COMMUNICATE	{"と": ["GROUP_ORG", "PERSON"], "を": ["ABSTRACT", "EVENT_ACT", "INFO_LANGUAGE"]}	{"role_distribution@codex:code": ["を"], "role_distribution@codex:general_qa": ["を"], "role_distribution@jawiki": ["を"]}	1701
合算する	2235	P	DECIDED	estimated	P_COGNITION	gen_frame		P_COGNITION	{"を": ["ABSTRACT", "QUANTITY"]}	{}	1970
加盟する	2227	P	DECIDED	estimated	P_STATE	gen_frame		P_STATE	{"に": ["GROUP_ORG"]}	{}	2189
観測する	2219	P	DECIDED	estimated	P_PERCEIVE	gen_frame	DISTRIBUTION_DISAGREES	P_PERCEIVE	{"を": ["ABSTRACT", "NATURAL_PHENOMENON", "STATE_PROPERTY"]}	{"role_distribution@codex:general_qa": ["を"], "role_distribution@codex:paraphrase_entail": ["を"]}	1008
提示する	2213	P	DECIDED	estimated	P_GIVE	gen_frame		P_GIVE	{"に": ["GROUP_ORG", "PERSON"], "を": ["ARTIFACT", "INFO_LANGUAGE", "SUBSTANCE_FOOD", "WORK"]}	{}	1144
編成する	2205	P	DECIDED	estimated	P_CREATE	gen_frame		P_CREATE	{"を": ["ARTIFACT", "EVENT_ACT", "GROUP_ORG"]}	{}	2123
増加する	2194	P	DECIDED	estimated	P_CHANGE	gen_frame		P_CHANGE	{"が": ["ABSTRACT", "QUANTITY", "STATE_PROPERTY"]}	{}	1689
寝坊する	2189	P	DECIDED	estimated	P_ACT	gen_frame		P_ACT		{}	1641
触媒する	2174	P	DECIDED	estimated	P_ACT	gen_frame	DISTRIBUTION_DISAGREES	P_ACT	{"を": ["ABSTRACT", "SUBSTANCE_FOOD"]}	{"role_distribution@jawiki": ["を"]}	2172
動作する	2169	P	DECIDED	estimated	P_STATE	gen_frame		P_STATE	{"が": ["ANIMAL", "ARTIFACT", "BODY_PART"]}	{}	930
計測する	2157	P	DECIDED	estimated	P_PERCEIVE	gen_frame		P_PERCEIVE	{"を": ["ABSTRACT", "NATURAL_PHENOMENON", "QUANTITY", "STATE_PROPERTY"]}	{}	1807
栽培する	2132	P	DECIDED	estimated	P_CREATE	gen_frame	DISTRIBUTION_DISAGREES	P_CREATE	{"で": ["PLACE"], "を": ["PLANT"]}	{"role_distribution@codex:general_qa": ["を"], "role_distribution@codex:paraphrase_entail": ["を"], "role_distribution@jawiki": ["を"]}	1075
整列する	2129	P	DECIDED	estimated	P_ACT	gen_frame		P_ACT	{"が": ["ARTIFACT", "GROUP_ORG", "PERSON"], "に": ["PLACE"]}	{}	1081
支援する	2125	P	DECIDED	estimated	P_GIVE	gen_frame	DISTRIBUTION_DISAGREES	P_GIVE	{"を": ["ABSTRACT", "EVENT_ACT", "GROUP_ORG", "PERSON"]}	{"role_distribution@codex:code": ["を"], "role_distribution@codex:general_qa": ["を"], "role_distribution@jawiki": ["を"]}	1116
支配する	2116	P	DECIDED	estimated	P_POSSESS	gen_frame		P_POSSESS	{"を": ["ABSTRACT", "GROUP_ORG", "PERSON", "PLACE"]}	{}	1565
デコードする	2112	P	DECIDED	estimated	P_CHANGE	gen_frame	DISTRIBUTION_DISAGREES	P_CHANGE	{"を": ["ABSTRACT", "ARTIFACT", "INFO_LANGUAGE"]}	{"role_distribution@codex:code": ["を"], "role_distribution@codex:code_qa": ["を"]}	1444
応援する	2098	P	DECIDED	estimated	P_GIVE	gen_frame	DISTRIBUTION_DISAGREES	P_GIVE	{"を": ["EVENT_ACT", "GROUP_ORG", "PERSON"]}	{"role_distribution@codex:figurative_commonsense": ["を"], "role_distribution@codex:paraphrase_entail": ["を"]}	746
手入れする	2063	P	DECIDED	estimated	P_ACT	gen_frame	DISTRIBUTION_DISAGREES	P_ACT	{"を": ["ARTIFACT", "BODY_PART", "PLACE"]}	{"role_distribution@codex:conversation": ["を", "に"], "role_distribution@codex:pro": ["を"]}	940
提唱する	2063	P	DECIDED	estimated	P_COMMUNICATE	gen_frame	FRAME_PARTICLES_NOT_COVERED	P_COMMUNICATE	{"を": ["ABSTRACT", "EVENT_ACT", "INFO_LANGUAGE"]}	{"role_distribution@jawiki": ["が", "を"]}	2036
推測する	2059	P	DECIDED	estimated	P_COGNITION	gen_frame		P_COGNITION	{"を": ["ABSTRACT", "EVENT_ACT", "INFO_LANGUAGE"]}	{}	1103
付与する	2057	P	DECIDED	estimated	P_GIVE	gen_frame	DISTRIBUTION_DISAGREES	P_GIVE	{"を": ["ABSTRACT", "ARTIFACT", "GROUP_ORG", "PERSON"]}	{"role_distribution@codex:code": ["を"], "role_distribution@codex:code_qa": ["を"]}	1298
推定する	2057	P	DECIDED	estimated	P_COGNITION	gen_frame	DISTRIBUTION_DISAGREES	P_COGNITION	{"を": ["ABSTRACT", "EVENT_ACT", "QUANTITY"]}	{"role_distribution@codex:code_qa": ["を"]}	1219
同期する	2051	P	DECIDED	estimated	P_CHANGE	gen_frame	DISTRIBUTION_DISAGREES	P_CHANGE	{"と": ["ABSTRACT", "ARTIFACT", "EVENT_ACT"]}	{"role_distribution@codex:code": ["を"], "role_distribution@codex:general_qa": ["を"]}	1688
整備する	2041	P	DECIDED	estimated	P_ACT	gen_frame		P_ACT	{"を": ["ARTIFACT", "PLACE"]}	{}	1338
充電する	2038	P	DECIDED	estimated	P_ACT	gen_frame	DISTRIBUTION_DISAGREES	P_ACT	{"を": ["ARTIFACT", "SUBSTANCE_FOOD"]}	{"role_distribution@codex:figurative_commonsense": ["を"], "role_distribution@codex:general_qa": ["を"], "role_distribution@codex:pro": ["を", "で"]}	887
呼吸する	2030	P	DECIDED	estimated	P_ACT	gen_frame		P_ACT	{"を": ["ARTIFACT", "SUBSTANCE_FOOD"]}	{}	546
配布する	2030	P	DECIDED	estimated	P_GIVE	gen_frame		P_GIVE	{"に": ["GROUP_ORG", "PERSON", "PLACE"], "を": ["ARTIFACT", "INFO_LANGUAGE", "SUBSTANCE_FOOD"]}	{}	922
勘違いする	2029	P	DECIDED	estimated	P_COGNITION	gen_frame		P_COGNITION	{"を": ["ABSTRACT", "EVENT_ACT", "INFO_LANGUAGE"]}	{}	1032
貢献する	2025	P	DECIDED	estimated	P_ACT	gen_frame		P_ACT	{"に": ["ABSTRACT", "GROUP_ORG", "PERSON", "PLACE"]}	{}	1903
結婚する	2022	P	DECIDED	estimated	P_ACT	gen_frame		P_ACT	{"と": ["PERSON"]}	{}	1321
実現する	2004	P	DECIDED	estimated	P_CREATE	gen_frame	DISTRIBUTION_DISAGREES	P_CREATE	{"を": ["ABSTRACT", "EVENT_ACT"]}	{"role_distribution@codex:code": ["を", "で"], "role_distribution@jawiki": ["を"]}	1111
断定する	1997	P	DECIDED	estimated	P_COMMUNICATE	gen_frame	FRAME_PARTICLES_NOT_COVERED	P_COMMUNICATE	{"と": ["ABSTRACT", "EVENT_ACT", "INFO_LANGUAGE"]}	{"role_distribution@codex:paraphrase_entail": ["を"]}	844
希望する	1987	P	DECIDED	estimated	P_EMOTION	gen_frame	DISTRIBUTION_DISAGREES	P_EMOTION	{"を": ["ABSTRACT", "EVENT_ACT", "STATE_PROPERTY"]}	{"role_distribution@codex:code": ["を"], "role_distribution@codex:code_qa": ["を"], "role_distribution@codex:general_qa": ["を"], "role_distribution@codex:paraphrase_entail": ["が", "を"], "role_distribution@jawiki": ["を"]}	588
キャンセルする	1984	P	DECIDED	estimated	P_ACT	gen_frame	DISTRIBUTION_DISAGREES	P_ACT	{"を": ["ABSTRACT", "EVENT_ACT"]}	{"role_distribution@codex:code": ["を"]}	1391
継続する	1983	P	DECIDED	estimated	P_STATE	gen_frame	DISTRIBUTION_DISAGREES	P_STATE	{"を": ["ABSTRACT", "EVENT_ACT", "TIME"]}	{"role_distribution@codex:code": ["を"], "role_distribution@jawiki": ["を"]}	739
成長する	1973	P	DECIDED	estimated	P_CHANGE	gen_frame		P_CHANGE	{"が": ["ANIMAL", "GROUP_ORG", "PERSON", "PLANT"]}	{}	754
処分する	1966	P	DECIDED	estimated	P_ACT	gen_frame	DISTRIBUTION_DISAGREES	P_ACT	{"を": ["ABSTRACT", "ARTIFACT", "SUBSTANCE_FOOD"]}	{"role_distribution@codex:conversation": ["を"], "role_distribution@codex:paraphrase_entail": ["を"]}	776
対処する	1954	P	DECIDED	estimated	P_ACT	gen_frame		P_ACT	{"に": ["ABSTRACT", "ARTIFACT", "EVENT_ACT", "GROUP_ORG", "PERSON"]}	{}	1322
デビューする	1950	P	DECIDED	estimated	P_ACT	gen_frame		P_ACT	{"に": ["GROUP_ORG", "PERSON", "PLACE", "WORK"]}	{}	1931
誤解する	1950	P	DECIDED	estimated	P_COGNITION	gen_frame		P_COGNITION	{"を": ["ABSTRACT", "EVENT_ACT", "INFO_LANGUAGE"]}	{}	1433
換算する	1947	P	DECIDED	estimated	P_CHANGE	gen_frame		P_CHANGE	{"に": ["ABSTRACT", "QUANTITY"], "を": ["ABSTRACT", "QUANTITY", "SUBSTANCE_FOOD"]}	{}	1225
周する	1931	P	UNPLACED							{}	462
卒業する	1915	P	DECIDED	estimated	P_MOVE	gen_frame	DISTRIBUTION_DISAGREES	P_MOVE	{"を": ["GROUP_ORG", "PLACE", "WORK"]}	{"role_distribution@codex:general_qa": ["を"], "role_distribution@jawiki": ["を"]}	1208
予測する	1913	P	DECIDED	estimated	P_COGNITION	gen_frame	DISTRIBUTION_DISAGREES	P_COGNITION	{"を": ["ABSTRACT", "EVENT_ACT", "NATURAL_PHENOMENON"]}	{"role_distribution@codex:paraphrase_entail": ["を"]}	1103
処方する	1906	P	DECIDED	estimated	P_GIVE	gen_frame		P_GIVE	{"に": ["ANIMAL", "PERSON"], "を": ["ABSTRACT", "ARTIFACT", "SUBSTANCE_FOOD"]}	{}	989
発達する	1903	P	DECIDED	estimated	P_CHANGE	gen_frame		P_CHANGE	{"が": ["ANIMAL", "GROUP_ORG", "PERSON", "PLANT"]}	{}	944
構築する	1901	P	DECIDED	estimated	P_CREATE	gen_frame	DISTRIBUTION_DISAGREES	P_CREATE	{"を": ["ABSTRACT", "ARTIFACT", "INFO_LANGUAGE"]}	{"role_distribution@codex:code": ["を"]}	919
併用する	1900	P	DECIDED	estimated	P_ACT	gen_frame		P_ACT	{"を": ["ABSTRACT", "ARTIFACT", "SUBSTANCE_FOOD"]}	{}	1219
認定する	1891	P	DECIDED	estimated	P_STATE	gen_frame		P_STATE	{"を": ["ABSTRACT", "ARTIFACT", "GROUP_ORG", "PERSON"]}	{}	1802
保守する	1872	P	DECIDED	estimated	P_ACT	gen_frame		P_ACT	{"を": ["ABSTRACT", "ARTIFACT", "INFO_LANGUAGE"]}	{}	1732
建造する	1863	P	DECIDED	estimated	P_CREATE	gen_frame		P_CREATE	{"を": ["ARTIFACT", "PLACE"]}	{}	1861
授与する	1852	P	DECIDED	estimated	P_GIVE	gen_frame		P_GIVE	{"を": ["ARTIFACT", "GROUP_ORG", "PERSON", "WORK"]}	{}	1777
監視する	1842	P	DECIDED	estimated	P_PERCEIVE	gen_frame		P_PERCEIVE	{"を": ["ANIMAL", "ARTIFACT", "GROUP_ORG", "PERSON", "PLACE"]}	{}	1276
バックする	1841	P	DECIDED	estimated	P_MOVE	gen_frame	DISTRIBUTION_DISAGREES	P_MOVE	{"を": ["ARTIFACT", "PERSON", "PLACE"]}	{"role_distribution@codex:code": ["を", "に"]}	1700
拡大する	1834	P	DECIDED	estimated	P_CHANGE	gen_frame	DISTRIBUTION_DISAGREES	P_CHANGE	{"を": ["ABSTRACT", "ARTIFACT", "PLACE", "QUANTITY"]}	{"role_distribution@codex:figurative_commonsense": ["を"], "role_distribution@codex:pro": ["を"]}	920
工夫する	1828	P	DECIDED	estimated	P_ACT	gen_frame		P_ACT	{"を": ["ABSTRACT", "ARTIFACT", "EVENT_ACT"]}	{}	1018
訪問する	1826	P	DECIDED	estimated	P_MOVE	gen_frame		P_MOVE	{"を": ["GROUP_ORG", "PERSON", "PLACE"]}	{}	576
経由する	1817	P	DECIDED	estimated	P_MOVE	gen_frame	DISTRIBUTION_DISAGREES	P_MOVE	{"を": ["ARTIFACT", "GROUP_ORG", "PLACE"]}	{"role_distribution@codex:code_qa": ["を"]}	1305
施行する	1816	P	DECIDED	estimated	P_ACT	gen_frame		P_ACT	{"を": ["ABSTRACT", "EVENT_ACT", "INFO_LANGUAGE"]}	{}	1602
扱いする	1803	P	UNPLACED							{}	1219
承認する	1799	P	DECIDED	estimated	P_COGNITION	gen_frame	DISTRIBUTION_DISAGREES	P_COGNITION	{"を": ["ABSTRACT", "EVENT_ACT", "INFO_LANGUAGE"]}	{"role_distribution@codex:general_qa": ["を"], "role_distribution@codex:paraphrase_entail": ["が", "を"], "role_distribution@jawiki": ["が", "を"]}	901
記入する	1798	P	DECIDED	estimated	P_ACT	gen_frame	DISTRIBUTION_DISAGREES	P_ACT	{"に": ["ARTIFACT", "INFO_LANGUAGE"]}	{"role_distribution@codex:general_qa": ["を"], "role_distribution@codex:pro": ["を"]}	615
修理する	1790	P	DECIDED	estimated	P_CHANGE	gen_frame	DISTRIBUTION_DISAGREES	P_CHANGE	{"を": ["ARTIFACT"]}	{"role_distribution@codex:figurative_commonsense": ["を"], "role_distribution@codex:narrative": ["を"], "role_distribution@codex:paraphrase_entail": ["を"]}	1222
開業する	1788	P	DECIDED	estimated	P_ACT	gen_frame		P_ACT	{"を": ["PLACE"]}	{}	1538
実在する	1786	P	DECIDED	estimated	P_EXIST	gen_frame		P_EXIST	{"が": ["ABSTRACT", "ARTIFACT", "PLACE", "STATE_PROPERTY"]}	{}	706
反転する	1782	P	DECIDED	estimated	P_CHANGE	gen_frame	DISTRIBUTION_DISAGREES	P_CHANGE	{"が": ["ABSTRACT", "ARTIFACT", "BODY_PART"]}	{"role_distribution@codex:code_qa": ["を"]}	1002
現存する	1782	P	DECIDED	estimated	P_EXIST	gen_frame		P_EXIST	{"が": ["ABSTRACT", "ARTIFACT", "PLACE"]}	{}	1712
行動する	1774	P	DECIDED	estimated	P_ACT	gen_frame		P_ACT	{"が": ["GROUP_ORG", "PERSON"], "を": ["ABSTRACT", "EVENT_ACT", "PLACE"]}	{}	1211
規定する	1773	P	DECIDED	estimated	P_ACT	gen_frame		P_ACT	{"を": ["ABSTRACT", "ARTIFACT", "EVENT_ACT", "STATE_PROPERTY"]}	{}	1539
定着する	1759	P	DECIDED	estimated	P_CHANGE	gen_frame		P_CHANGE	{"が": ["ARTIFACT", "GROUP_ORG", "PERSON", "PLANT", "STATE_PROPERTY"], "に": ["ABSTRACT", "GROUP_ORG", "PLACE", "STATE_PROPERTY"]}	{}	939
申請する	1756	P	DECIDED	estimated	P_ACT	gen_frame	DISTRIBUTION_DISAGREES	P_ACT	{"を": ["ABSTRACT", "EVENT_ACT", "INFO_LANGUAGE"]}	{"role_distribution@jawiki": ["を"]}	749
返事する	1752	P	DECIDED	estimated	P_COMMUNICATE	gen_frame		P_COMMUNICATE	{"に": ["GROUP_ORG", "PERSON"], "を": ["INFO_LANGUAGE"]}	{}	1286
執筆する	1736	P	DECIDED	estimated	P_CREATE	gen_frame	DISTRIBUTION_DISAGREES	P_CREATE	{"を": ["INFO_LANGUAGE", "WORK"]}	{"role_distribution@jawiki": ["を"]}	1686
付けする	1712	P	UNPLACED							{"role_distribution@codex:conversation": ["を"]}	1329
仮定する	1710	P	DECIDED	estimated	P_COGNITION	gen_frame		P_COGNITION	{"を": ["ABSTRACT", "EVENT_ACT", "STATE_PROPERTY"]}	{}	1338
混乱する	1706	P	DECIDED	estimated	P_STATE	gen_frame		P_STATE	{"が": ["GROUP_ORG", "PERSON"]}	{}	691
伝播する	1704	P	DECIDED	estimated	P_MOVE	gen_frame	DISTRIBUTION_DISAGREES	P_MOVE	{"が": ["ABSTRACT", "EVENT_ACT", "NATURAL_PHENOMENON"], "に": ["GROUP_ORG", "PERSON", "PLACE"]}	{"role_distribution@codex:code": ["を"], "role_distribution@codex:code_qa": ["を"]}	1367
蓄積する	1703	P	DECIDED	estimated	P_CHANGE	gen_frame		P_CHANGE	{"が": ["ABSTRACT", "ARTIFACT", "SUBSTANCE_FOOD"], "に": ["ARTIFACT", "PLACE"]}	{}	891
就任する	1702	P	DECIDED	estimated	P_CHANGE	gen_frame		P_CHANGE	{"に": ["GROUP_ORG", "PERSON"]}	{}	1648
解散する	1699	P	DECIDED	estimated	P_CHANGE	gen_frame		P_CHANGE	{"が": ["EVENT_ACT", "GROUP_ORG"]}	{}	1439
開館する	1699	P	DECIDED	estimated	P_ACT	gen_frame		P_ACT	{"が": ["ARTIFACT", "PLACE"]}	{}	770
放映する	1680	P	DECIDED	direct	P_COMMUNICATE	gen_frame,role_distribution@jawiki		P_COMMUNICATE	{"を": ["EVENT_ACT", "INFO_LANGUAGE", "WORK"]}	{"role_distribution@jawiki": ["を"]}	1680
休憩する	1676	P	DECIDED	estimated	P_ACT	gen_frame		P_ACT	{"で": ["PLACE"], "を": ["GROUP_ORG", "PERSON"]}	{}	752
読み書きする	1675	P	DECIDED	estimated	P_ACT	gen_frame	DISTRIBUTION_DISAGREES	P_ACT	{"を": ["INFO_LANGUAGE", "WORK"]}	{"role_distribution@codex:general_qa": ["を"]}	1456
記念する	1674	P	DECIDED	estimated	P_ACT	gen_frame		P_ACT	{"を": ["ABSTRACT", "EVENT_ACT", "WORK"]}	{}	1541
開設する	1674	P	DECIDED	estimated	P_CREATE	gen_frame		P_CREATE	{"を": ["ARTIFACT", "GROUP_ORG", "PLACE"]}	{}	1487
移行する	1657	P	DECIDED	estimated	P_CHANGE	gen_frame		P_CHANGE	{"から": ["ABSTRACT", "GROUP_ORG", "STATE_PROPERTY"], "に": ["ABSTRACT", "GROUP_ORG", "STATE_PROPERTY"]}	{}	1061
改名する	1648	P	DECIDED	estimated	P_CHANGE	gen_frame	DISTRIBUTION_DISAGREES	P_CHANGE	{"を": ["ARTIFACT", "GROUP_ORG", "PERSON"]}	{"role_distribution@codex:code": ["を"]}	1245
発足する	1643	P	DECIDED	estimated	P_CHANGE	gen_frame		P_CHANGE	{"が": ["GROUP_ORG"]}	{}	1555
任命する	1641	P	DECIDED	estimated	P_GIVE	gen_frame		P_GIVE	{"に": ["GROUP_ORG", "PERSON"], "を": ["GROUP_ORG", "PERSON"]}	{}	1096
呼称する	1638	P	DECIDED	estimated	P_COMMUNICATE	gen_frame		P_COMMUNICATE	{"を": ["ABSTRACT", "ARTIFACT", "GROUP_ORG", "PERSON"]}	{}	1638
配慮する	1635	P	DECIDED	estimated	P_EMOTION	gen_frame		P_EMOTION	{"に": ["ABSTRACT", "EVENT_ACT", "GROUP_ORG", "PERSON"]}	{}	882
点滅する	1627	P	DECIDED	estimated	P_ACT	gen_frame		P_ACT	{"が": ["ARTIFACT", "NATURAL_PHENOMENON"]}	{}	769
キャッシュする	1614	P	DECIDED	estimated	P_ACT	gen_frame	DISTRIBUTION_DISAGREES	P_ACT	{"を": ["ABSTRACT", "ARTIFACT", "INFO_LANGUAGE"]}	{"role_distribution@codex:code": ["を"]}	1527
加工する	1595	P	DECIDED	estimated	P_CHANGE	gen_frame	DISTRIBUTION_DISAGREES	P_CHANGE	{"を": ["ARTIFACT", "SUBSTANCE_FOOD", "WORK"]}	{"role_distribution@codex:code_qa": ["を"], "role_distribution@codex:general_qa": ["を"]}	484
応答する	1595	P	DECIDED	estimated	P_COMMUNICATE	gen_frame		P_COMMUNICATE	{"と": ["GROUP_ORG", "INFO_LANGUAGE", "PERSON"], "に": ["GROUP_ORG", "INFO_LANGUAGE", "PERSON"]}	{}	883
運航する	1595	P	DECIDED	estimated	P_MOVE	gen_frame		P_MOVE	{"を": ["ARTIFACT"]}	{}	992
蒸発する	1594	P	DECIDED	estimated	P_CHANGE	gen_frame	DISTRIBUTION_DISAGREES	P_CHANGE	{"が": ["ARTIFACT", "NATURAL_PHENOMENON", "SUBSTANCE_FOOD"]}	{"role_distribution@codex:figurative_commonsense": ["から"]}	696
ロックする	1592	P	DECIDED	estimated	P_ACT	gen_frame	DISTRIBUTION_DISAGREES	P_ACT	{"を": ["ABSTRACT", "ARTIFACT", "INFO_LANGUAGE"]}	{"role_distribution@codex:general_qa": ["を"]}	1213
協力する	1589	P	DECIDED	estimated	P_ACT	gen_frame		P_ACT	{"と": ["GROUP_ORG", "PERSON"]}	{}	650
達成する	1589	P	DECIDED	estimated	P_ACT	gen_frame	DISTRIBUTION_DISAGREES	P_ACT	{"を": ["ABSTRACT", "EVENT_ACT", "QUANTITY"]}	{"role_distribution@codex:general_qa": ["を", "に"], "role_distribution@codex:paraphrase_entail": ["を"], "role_distribution@jawiki": ["を"]}	1234
旅行する	1568	P	DECIDED	direct	P_MOVE	gen_frame,role_distribution@codex:conversation		P_MOVE	{"に": ["PLACE"], "へ": ["PLACE"]}	{"role_distribution@codex:conversation": ["に", "へ"]}	625
やけどする	1545	P	DECIDED	estimated	P_CHANGE	gen_frame	DISTRIBUTION_DISAGREES	P_CHANGE	{"に": ["ANIMAL", "BODY_PART", "PERSON"]}	{"role_distribution@codex:conversation": ["を"], "role_distribution@codex:pro": ["を"]}	1151
死亡する	1544	P	DECIDED	estimated	P_EXIST	gen_frame		P_EXIST	{"が": ["ANIMAL", "PERSON"]}	{}	1500
プレーする	1543	P	DECIDED	estimated	P_ACT	gen_frame		P_ACT	{"を": ["ARTIFACT", "EVENT_ACT"]}	{}	1163
沸騰する	1543	P	DECIDED	estimated	P_CHANGE	gen_frame		P_CHANGE	{"が": ["NATURAL_PHENOMENON", "SUBSTANCE_FOOD"]}	{}	530
循環する	1524	P	DECIDED	estimated	P_MOVE	gen_frame		P_MOVE	{"が": ["ABSTRACT", "ARTIFACT", "BODY_PART", "SUBSTANCE_FOOD"], "を": ["ARTIFACT", "PLACE"]}	{}	918
公表する	1522	P	DECIDED	estimated	P_COMMUNICATE	gen_frame		P_COMMUNICATE	{"を": ["ABSTRACT", "EVENT_ACT", "INFO_LANGUAGE", "WORK"]}	{}	793
欠席する	1514	P	DECIDED	estimated	P_ACT	gen_frame	DISTRIBUTION_DISAGREES	P_ACT	{"を": ["EVENT_ACT", "PLACE"]}	{"role_distribution@codex:general_qa": ["を"], "role_distribution@codex:paraphrase_entail": ["を"]}	726
リンクする	1511	P	DECIDED	estimated	P_STATE	gen_frame		P_STATE	{"と": ["ABSTRACT", "ARTIFACT", "INFO_LANGUAGE"], "に": ["ABSTRACT", "ARTIFACT", "INFO_LANGUAGE"]}	{}	1287
死去する	1506	P	DECIDED	estimated	P_EXIST	gen_frame		P_EXIST	{"が": ["ANIMAL", "PERSON"]}	{}	1503
消滅する	1506	P	DECIDED	estimated	P_EXIST	gen_frame		P_EXIST	{"が": ["ABSTRACT", "ARTIFACT", "INFO_LANGUAGE", "NATURAL_PHENOMENON", "PLACE"]}	{}	1428
勝利する	1499	P	DECIDED	estimated	P_STATE	gen_frame		P_STATE	{"に": ["GROUP_ORG", "PERSON"]}	{}	1256
回復する	1496	P	DECIDED	estimated	P_CHANGE	gen_frame		P_CHANGE	{"が": ["ABSTRACT", "BODY_PART", "PERSON", "STATE_PROPERTY"], "を": ["ABSTRACT", "ARTIFACT", "BODY_PART", "PERSON"]}	{}	375
要約する	1493	P	DECIDED	estimated	P_CREATE	gen_frame	DISTRIBUTION_DISAGREES	P_CREATE	{"を": ["ABSTRACT", "EVENT_ACT", "INFO_LANGUAGE", "WORK"]}	{"role_distribution@codex:general_qa": ["を"]}	1288
居住する	1491	P	DECIDED	estimated	P_EXIST	gen_frame		P_EXIST	{"に": ["PLACE"]}	{}	1472
改称する	1488	P	DECIDED	estimated	P_CHANGE	gen_frame		P_CHANGE	{"を": ["ARTIFACT", "GROUP_ORG", "INFO_LANGUAGE", "PERSON"]}	{}	1476
強制する	1485	P	DECIDED	estimated	P_ACT	gen_frame	DISTRIBUTION_DISAGREES	P_ACT	{"を": ["ABSTRACT", "EVENT_ACT", "GROUP_ORG", "PERSON"]}	{"role_distribution@codex:code": ["を"], "role_distribution@codex:general_qa": ["を"], "role_distribution@codex:paraphrase_entail": ["を"]}	906
作用する	1484	P	DECIDED	estimated	P_ACT	gen_frame		P_ACT	{"に": ["ABSTRACT", "ARTIFACT", "GROUP_ORG", "PERSON", "SUBSTANCE_FOOD"]}	{}	790
混雑する	1481	P	DECIDED	estimated	P_STATE	gen_frame		P_STATE	{"が": ["ANIMAL", "GROUP_ORG", "PERSON"]}	{}	506
revertする	1478	P	UNPLACED							{}	1478
復元する	1477	P	DECIDED	estimated	P_CHANGE	gen_frame	DISTRIBUTION_DISAGREES	P_CHANGE	{"を": ["ABSTRACT", "ARTIFACT", "INFO_LANGUAGE", "WORK"]}	{"role_distribution@codex:general_qa": ["を"]}	904
放置する	1466	P	DECIDED	estimated	P_STATE	gen_frame		P_STATE	{"を": ["ABSTRACT", "ANIMAL", "ARTIFACT", "PERSON", "SUBSTANCE_FOOD"]}	{}	379
関与する	1463	P	DECIDED	estimated	P_ACT	gen_frame		P_ACT	{"に": ["ABSTRACT", "EVENT_ACT", "GROUP_ORG", "PERSON"]}	{}	1165
整合する	1453	P	DECIDED	estimated	P_STATE	gen_frame		P_STATE	{"と": ["ABSTRACT", "INFO_LANGUAGE", "STATE_PROPERTY"]}	{}	1372
拝見する	1448	P	DECIDED	estimated	P_PERCEIVE	gen_frame	DISTRIBUTION_DISAGREES	P_PERCEIVE	{"を": ["ARTIFACT", "GROUP_ORG", "INFO_LANGUAGE", "PERSON", "WORK"]}	{"role_distribution@codex:conversation": ["を"]}	1380
再生する	1443	P	DECIDED	estimated	P_CHANGE	gen_frame	DISTRIBUTION_DISAGREES	P_CHANGE	{"が": ["ARTIFACT", "BODY_PART", "INFO_LANGUAGE", "SUBSTANCE_FOOD", "WORK"], "を": ["ARTIFACT", "BODY_PART", "INFO_LANGUAGE", "SUBSTANCE_FOOD", "WORK"]}	{"role_distribution@codex:conversation": ["を"], "role_distribution@codex:figurative_commonsense": ["を"], "role_distribution@codex:general_qa": ["を"]}	461
検知する	1443	P	DECIDED	estimated	P_PERCEIVE	gen_frame	DISTRIBUTION_DISAGREES	P_PERCEIVE	{"を": ["ABSTRACT", "EVENT_ACT", "INFO_LANGUAGE", "NATURAL_PHENOMENON", "STATE_PROPERTY"]}	{"role_distribution@codex:code": ["を"], "role_distribution@codex:general_qa": ["を"]}	825
見学する	1439	P	DECIDED	estimated	P_PERCEIVE	gen_frame		P_PERCEIVE	{"を": ["ARTIFACT", "EVENT_ACT", "PLACE", "WORK"]}	{}	757
確立する	1434	P	DECIDED	estimated	P_CREATE	gen_frame	DISTRIBUTION_DISAGREES	P_CREATE	{"を": ["ABSTRACT", "GROUP_ORG", "STATE_PROPERTY"]}	{"role_distribution@codex:general_qa": ["を"], "role_distribution@jawiki": ["を"]}	1048
続行する	1431	P	DECIDED	estimated	P_ACT	gen_frame		P_ACT	{"を": ["ABSTRACT", "ARTIFACT", "EVENT_ACT"]}	{}	1279
冷凍する	1426	P	DECIDED	estimated	P_CHANGE	gen_frame	DISTRIBUTION_DISAGREES	P_CHANGE	{"を": ["ANIMAL", "ARTIFACT", "SUBSTANCE_FOOD"]}	{"role_distribution@codex:figurative_commonsense": ["を"], "role_distribution@codex:general_qa": ["を"]}	645
誘導する	1424	P	DECIDED	estimated	P_ACT	gen_frame	DISTRIBUTION_DISAGREES	P_ACT	{"に": ["EVENT_ACT", "PLACE", "STATE_PROPERTY"], "を": ["ABSTRACT", "ARTIFACT", "GROUP_ORG", "PERSON"]}	{"role_distribution@codex:paraphrase_entail": ["へ"], "role_distribution@codex:pro": ["へ"], "role_distribution@jawiki": ["を"]}	329
待機する	1413	P	DECIDED	estimated	P_STATE	gen_frame		P_STATE	{"で": ["PLACE"]}	{}	727
転送する	1409	P	DECIDED	estimated	P_MOVE	gen_frame	DISTRIBUTION_DISAGREES	P_MOVE	{"に": ["ARTIFACT", "GROUP_ORG", "PERSON", "PLACE"], "を": ["ABSTRACT", "ARTIFACT", "INFO_LANGUAGE"]}	{"role_distribution@codex:code": ["を"], "role_distribution@codex:paraphrase_entail": ["へ"], "role_distribution@jawiki": ["を", "に"]}	638
着用する	1407	P	DECIDED	estimated	P_STATE	gen_frame	DISTRIBUTION_DISAGREES	P_STATE	{"を": ["ARTIFACT", "SUBSTANCE_FOOD"]}	{"role_distribution@codex:figurative_commonsense": ["を"], "role_distribution@codex:general_qa": ["を"], "role_distribution@codex:paraphrase_entail": ["を"], "role_distribution@jawiki": ["を"]}	657
予想する	1400	P	DECIDED	estimated	P_COGNITION	gen_frame	DISTRIBUTION_DISAGREES	P_COGNITION	{"を": ["ABSTRACT", "EVENT_ACT"]}	{"role_distribution@codex:code": ["が", "を"], "role_distribution@codex:paraphrase_entail": ["を"]}	583
回転する	1398	P	DECIDED	estimated	P_MOVE	gen_frame	FRAME_PARTICLES_NOT_COVERED	P_MOVE	{"が": ["ABSTRACT", "ARTIFACT", "BODY_PART", "NATURAL_PHENOMENON"], "を": ["ABSTRACT", "ARTIFACT", "BODY_PART"]}	{"role_distribution@codex:code_qa": ["へ"]}	454
適合する	1394	P	DECIDED	estimated	P_STATE	gen_frame		P_STATE	{"と": ["ABSTRACT", "GROUP_ORG", "STATE_PROPERTY"], "に": ["ABSTRACT", "GROUP_ORG", "STATE_PROPERTY"]}	{}	954
運動する	1386	P	DECIDED	estimated	P_ACT	gen_frame		P_ACT	{"を": ["EVENT_ACT"]}	{}	696
停電する	1383	P	DECIDED	estimated	P_EXIST	gen_frame		P_EXIST	{"が": ["ABSTRACT", "EVENT_ACT"]}	{}	564
交代する	1376	P	DECIDED	estimated	P_CHANGE	gen_frame	DISTRIBUTION_DISAGREES	P_CHANGE	{"が": ["GROUP_ORG", "PERSON"], "と": ["GROUP_ORG", "PERSON"]}	{"role_distribution@codex:narrative": ["を"], "role_distribution@codex:pro": ["を"]}	492
供給する	1373	P	DECIDED	estimated	P_GIVE	gen_frame	DISTRIBUTION_DISAGREES	P_GIVE	{"に": ["GROUP_ORG", "PERSON"], "を": ["ABSTRACT", "ARTIFACT", "SUBSTANCE_FOOD"]}	{"role_distribution@codex:general_qa": ["を"]}	753
誕生する	1373	P	DECIDED	estimated	P_EXIST	gen_frame		P_EXIST	{"が": ["ANIMAL", "PERSON", "PLANT"]}	{}	1342
選定する	1365	P	DECIDED	estimated	P_ACT	gen_frame		P_ACT	{"に": ["PERSON"], "を": ["ABSTRACT", "ARTIFACT", "GROUP_ORG", "PERSON"]}	{}	1298
発音する	1363	P	DECIDED	direct	P_COMMUNICATE	gen_frame,role_distribution@codex:general_qa		P_COMMUNICATE	{"を": ["INFO_LANGUAGE"]}	{"role_distribution@codex:general_qa": ["を"]}	663
比例する	1356	P	DECIDED	estimated	P_STATE	gen_frame		P_STATE	{"が": ["ABSTRACT", "QUANTITY"], "に": ["ABSTRACT", "QUANTITY"]}	{}	887
雨宿りする	1341	P	DECIDED	estimated	P_ACT	gen_frame		P_ACT	{"に": ["ARTIFACT", "PLACE"]}	{}	719
誤認する	1339	P	DECIDED	estimated	P_COGNITION	gen_frame	DISTRIBUTION_DISAGREES	P_COGNITION	{"と": ["ABSTRACT", "INFO_LANGUAGE", "PERSON"], "を": ["ABSTRACT", "INFO_LANGUAGE", "PERSON"]}	{"role_distribution@codex:code_qa": ["を", "と"]}	1108
減少する	1327	P	DECIDED	estimated	P_CHANGE	gen_frame		P_CHANGE	{"が": ["ABSTRACT", "EVENT_ACT", "QUANTITY"]}	{}	1215
合格する	1324	P	DECIDED	estimated	P_STATE	gen_frame		P_STATE	{"に": ["ARTIFACT", "GROUP_ORG", "PLACE"]}	{}	528
ラップする	1323	P	DECIDED	estimated	P_ACT	gen_frame		P_ACT	{"を": ["INFO_LANGUAGE", "WORK"]}	{}	1020
証明する	1322	P	DECIDED	estimated	P_COMMUNICATE	gen_frame		P_COMMUNICATE	{"を": ["ABSTRACT", "EVENT_ACT", "INFO_LANGUAGE"]}	{}	566
一緒する	1317	P	UNPLACED							{"role_distribution@codex:conversation": ["を"]}	1303
派遣する	1311	P	DECIDED	estimated	P_MOVE	gen_frame		P_MOVE	{"から": ["GROUP_ORG", "PLACE"], "へ": ["GROUP_ORG", "PLACE"], "を": ["GROUP_ORG", "PERSON"]}	{}	1099
披露する	1308	P	DECIDED	direct	P_COMMUNICATE	gen_frame,role_distribution@codex:narrative,role_distribution@codex:paraphrase_entail,role_distribution@jawiki		P_COMMUNICATE	{"に": ["GROUP_ORG", "PERSON"], "を": ["ABSTRACT", "ARTIFACT", "WORK"]}	{"role_distribution@codex:narrative": ["を"], "role_distribution@codex:paraphrase_entail": ["を"], "role_distribution@jawiki": ["を"]}	496
挑戦する	1306	P	DECIDED	estimated	P_ACT	gen_frame		P_ACT	{"に": ["ABSTRACT", "EVENT_ACT"]}	{}	478
換気する	1303	P	DECIDED	estimated	P_ACT	gen_frame		P_ACT	{"を": ["ARTIFACT", "PLACE"]}	{}	482
鎮座する	1302	P	DECIDED	estimated	P_EXIST	gen_frame		P_EXIST	{"が": ["ANIMAL", "ARTIFACT"], "に": ["PLACE"]}	{}	1289
併設する	1298	P	DECIDED	estimated	P_CREATE	gen_frame		P_CREATE	{"に": ["PLACE"], "を": ["ARTIFACT", "PLACE"]}	{}	1271
インクルードする	1290	P	DECIDED	estimated	P_ACT	gen_frame	DISTRIBUTION_DISAGREES	P_ACT	{"を": ["ABSTRACT", "ARTIFACT", "INFO_LANGUAGE"]}	{"role_distribution@codex:code": ["を"], "role_distribution@codex:code_qa": ["を"]}	1159
組織する	1290	P	DECIDED	estimated	P_CREATE	gen_frame	DISTRIBUTION_DISAGREES	P_CREATE	{"を": ["ABSTRACT", "EVENT_ACT", "GROUP_ORG"]}	{"role_distribution@codex:general_qa": ["を"], "role_distribution@jawiki": ["が", "を"]}	1187
調理する	1289	P	DECIDED	estimated	P_CREATE	gen_frame	DISTRIBUTION_DISAGREES	P_CREATE	{"を": ["SUBSTANCE_FOOD"]}	{"role_distribution@codex:figurative_commonsense": ["を"], "role_distribution@codex:general_qa": ["を"], "role_distribution@codex:paraphrase_entail": ["を"], "role_distribution@jawiki": ["を", "で"]}	647
合成する	1285	P	DECIDED	estimated	P_CREATE	gen_frame	DISTRIBUTION_DISAGREES	P_CREATE	{"を": ["ABSTRACT", "SUBSTANCE_FOOD"]}	{"role_distribution@codex:code_qa": ["を"], "role_distribution@codex:general_qa": ["を"], "role_distribution@jawiki": ["を"]}	885
先行する	1283	P	DECIDED	estimated	P_STATE	gen_frame		P_STATE	{"に": ["EVENT_ACT", "PLACE", "TIME"]}	{}	440
圧縮する	1282	P	DECIDED	estimated	P_CHANGE	gen_frame	DISTRIBUTION_DISAGREES	P_CHANGE	{"を": ["ABSTRACT", "ARTIFACT"]}	{"role_distribution@codex:code": ["を"], "role_distribution@codex:code_qa": ["を"], "role_distribution@codex:general_qa": ["を"]}	576
機能する	1281	P	DECIDED	estimated	P_STATE	gen_frame		P_STATE	{"が": ["ABSTRACT", "ARTIFACT", "GROUP_ORG"]}	{}	911
請求する	1274	P	DECIDED	direct	P_COMMUNICATE	gen_frame,role_distribution@codex:general_qa,role_distribution@jawiki		P_COMMUNICATE	{"に": ["GROUP_ORG", "PERSON"], "を": ["ABSTRACT", "GROUP_ORG", "PERSON"]}	{"role_distribution@codex:general_qa": ["を"], "role_distribution@jawiki": ["を"]}	861
考案する	1273	P	DECIDED	estimated	P_CREATE	gen_frame		P_CREATE	{"を": ["ABSTRACT", "ARTIFACT", "INFO_LANGUAGE"]}	{}	1228
拍手する	1270	P	DECIDED	estimated	P_ACT	gen_frame		P_ACT	{"を": ["EVENT_ACT"]}	{}	624
手配する	1261	P	DECIDED	estimated	P_ACT	gen_frame		P_ACT	{"を": ["ARTIFACT", "EVENT_ACT", "PERSON", "PLACE"]}	{}	592
importする	1252	P	DECIDED	estimated	P_ACT	gen_frame	DISTRIBUTION_DISAGREES	P_ACT	{"を": ["ABSTRACT", "ARTIFACT", "INFO_LANGUAGE"]}	{"role_distribution@codex:code": ["を"], "role_distribution@codex:code_qa": ["を"]}	886
我慢する	1247	P	DECIDED	estimated	P_EMOTION	gen_frame	DISTRIBUTION_DISAGREES	P_EMOTION	{"を": ["ABSTRACT", "EVENT_ACT", "STATE_PROPERTY"]}	{"role_distribution@codex:conversation": ["を", "で"], "role_distribution@codex:general_qa": ["を"], "role_distribution@codex:pro": ["を"]}	452
束縛する	1242	P	DECIDED	estimated	P_ACT	gen_frame		P_ACT	{"を": ["ABSTRACT", "ANIMAL", "ARTIFACT", "PERSON"]}	{}	1117
契約する	1239	P	DECIDED	estimated	P_ACT	gen_frame		P_ACT	{"と": ["GROUP_ORG", "PERSON"]}	{}	515
故障する	1238	P	DECIDED	estimated	P_CHANGE	gen_frame		P_CHANGE	{"が": ["ARTIFACT"]}	{}	660
拡張する	1235	P	DECIDED	estimated	P_CHANGE	gen_frame		P_CHANGE	{"を": ["ABSTRACT", "ARTIFACT", "PLACE"]}	{}	578
診察する	1234	P	DECIDED	estimated	P_PERCEIVE	gen_frame	DISTRIBUTION_DISAGREES	P_PERCEIVE	{"を": ["ANIMAL", "PERSON"]}	{"role_distribution@codex:paraphrase_entail": ["が", "を"]}	1063
出勤する	1232	P	DECIDED	estimated	P_MOVE	gen_frame		P_MOVE	{"に": ["GROUP_ORG", "PLACE"]}	{}	505
泊する	1228	P	UNPLACED							{}	649
排除する	1227	P	DECIDED	estimated	P_CHANGE	gen_frame	DISTRIBUTION_DISAGREES	P_CHANGE	{"を": ["ABSTRACT", "GROUP_ORG", "PERSON"]}	{"role_distribution@codex:general_qa": ["を"], "role_distribution@codex:paraphrase_entail": ["を"]}	485
得点する	1225	P	DECIDED	estimated	P_ACT	gen_frame		P_ACT	{"を": ["ABSTRACT", "QUANTITY"]}	{}	1003
投入する	1223	P	DECIDED	estimated	P_MOVE	gen_frame	DISTRIBUTION_DISAGREES	P_MOVE	{"に": ["ARTIFACT", "GROUP_ORG", "PLACE"], "を": ["ABSTRACT", "ARTIFACT", "SUBSTANCE_FOOD"]}	{"role_distribution@codex:code": ["を"], "role_distribution@codex:paraphrase_entail": ["を"]}	843
閉鎖する	1220	P	DECIDED	estimated	P_CHANGE	gen_frame		P_CHANGE	{"を": ["ARTIFACT", "GROUP_ORG", "PLACE"]}	{}	577
放出する	1219	P	DECIDED	estimated	P_MOVE	gen_frame	DISTRIBUTION_DISAGREES	P_MOVE	{"から": ["ANIMAL", "ARTIFACT", "PERSON", "PLACE"], "を": ["ABSTRACT", "ARTIFACT", "NATURAL_PHENOMENON", "SUBSTANCE_FOOD"]}	{"role_distribution@codex:conversation": ["を"], "role_distribution@codex:figurative_commonsense": ["を"], "role_distribution@codex:general_qa": ["を"], "role_distribution@jawiki": ["を"]}	659
遠慮する	1210	P	DECIDED	estimated	P_ACT	gen_frame		P_ACT	{"を": ["ABSTRACT", "ARTIFACT", "EVENT_ACT", "SUBSTANCE_FOOD"]}	{}	936
経営する	1197	P	DECIDED	estimated	P_ACT	gen_frame		P_ACT	{"を": ["ABSTRACT", "ARTIFACT", "GROUP_ORG", "PLACE"]}	{}	1185
分散する	1194	P	DECIDED	estimated	P_MOVE	gen_frame		P_MOVE	{"が": ["ABSTRACT", "ARTIFACT", "GROUP_ORG", "SUBSTANCE_FOOD"], "に": ["ABSTRACT", "PLACE"]}	{}	561
監督する	1194	P	DECIDED	estimated	P_ACT	gen_frame		P_ACT	{"を": ["ANIMAL", "EVENT_ACT", "GROUP_ORG", "PERSON"]}	{}	1094
パニックする	1193	P	DECIDED	estimated	P_STATE	gen_frame		P_STATE	{"が": ["ABSTRACT", "GROUP_ORG", "PERSON"]}	{}	932
信頼する	1187	P	DECIDED	estimated	P_COGNITION	gen_frame		P_COGNITION	{"を": ["ABSTRACT", "GROUP_ORG", "PERSON"]}	{}	846
上昇する	1183	P	DECIDED	estimated	P_CHANGE	gen_frame		P_CHANGE	{"が": ["ABSTRACT", "QUANTITY", "STATE_PROPERTY"]}	{}	414
感謝する	1181	P	DECIDED	estimated	P_EMOTION	gen_frame		P_EMOTION	{"に": ["GROUP_ORG", "PERSON"], "を": ["ABSTRACT", "EVENT_ACT"]}	{}	393
圧迫する	1168	P	DECIDED	estimated	P_ACT	gen_frame		P_ACT	{"を": ["ABSTRACT", "ANIMAL", "ARTIFACT", "BODY_PART", "PERSON"]}	{}	684
従事する	1152	P	DECIDED	estimated	P_ACT	gen_frame		P_ACT	{"に": ["ABSTRACT", "EVENT_ACT", "GROUP_ORG"]}	{}	1110
尊重する	1150	P	DECIDED	estimated	P_ACT	gen_frame	DISTRIBUTION_DISAGREES	P_ACT	{"を": ["ABSTRACT", "GROUP_ORG", "PERSON", "WORK"]}	{"role_distribution@codex:general_qa": ["を"]}	569
上映する	1149	P	DECIDED	direct	P_COMMUNICATE	gen_frame,role_distribution@codex:conversation,role_distribution@codex:paraphrase_entail,role_distribution@jawiki		P_COMMUNICATE	{"で": ["PLACE"], "を": ["EVENT_ACT", "WORK"]}	{"role_distribution@codex:conversation": ["を"], "role_distribution@codex:paraphrase_entail": ["を"], "role_distribution@jawiki": ["を"]}	913
延期する	1145	P	DECIDED	estimated	P_CHANGE	gen_frame	DISTRIBUTION_DISAGREES	P_CHANGE	{"を": ["ABSTRACT", "EVENT_ACT", "TIME", "WORK"]}	{"role_distribution@codex:conversation": ["を", "に"], "role_distribution@codex:paraphrase_entail": ["を"]}	553
署名する	1139	P	DECIDED	estimated	P_ACT	gen_frame		P_ACT	{"に": ["ARTIFACT", "INFO_LANGUAGE"]}	{}	456
点灯する	1136	P	DECIDED	estimated	P_CHANGE	gen_frame	DISTRIBUTION_DISAGREES	P_CHANGE	{"が": ["ABSTRACT", "ARTIFACT"]}	{"role_distribution@codex:figurative_commonsense": ["が", "を"]}	325
長持ちする	1119	P	DECIDED	estimated	P_STATE	gen_frame		P_STATE	{"が": ["ABSTRACT", "ARTIFACT", "PLANT", "SUBSTANCE_FOOD"]}	{}	576
加入する	1117	P	DECIDED	estimated	P_ACT	gen_frame		P_ACT	{"に": ["EVENT_ACT", "GROUP_ORG"]}	{}	635
祝いする	1110	P	UNPLACED							{"role_distribution@codex:general_qa": ["を"]}	879
遠回りする	1110	P	DECIDED	estimated	P_MOVE	gen_frame		P_MOVE	{"を": ["ARTIFACT", "PLACE"]}	{}	480
ネストする	1108	P	DECIDED	estimated	P_EXIST	gen_frame		P_EXIST	{"が": ["ABSTRACT", "ANIMAL"]}	{}	768
類似する	1105	P	DECIDED	estimated	P_STATE	gen_frame		P_STATE	{"に": ["ABSTRACT", "STATE_PROPERTY"]}	{}	1085
凍結する	1102	P	DECIDED	estimated	P_CHANGE	gen_frame	DISTRIBUTION_DISAGREES	P_CHANGE	{"が": ["ABSTRACT", "ARTIFACT", "SUBSTANCE_FOOD"]}	{"role_distribution@codex:code": ["を", "に"]}	409
収集する	1095	P	DECIDED	estimated	P_ACT	gen_frame	DISTRIBUTION_DISAGREES	P_ACT	{"を": ["ABSTRACT", "ARTIFACT", "INFO_LANGUAGE", "SUBSTANCE_FOOD", "WORK"]}	{"role_distribution@jawiki": ["を"]}	437
強調する	1088	P	DECIDED	direct	P_COMMUNICATE	gen_frame,role_distribution@codex:code		P_COMMUNICATE	{"を": ["ABSTRACT", "EVENT_ACT", "INFO_LANGUAGE"]}	{"role_distribution@codex:code": ["を"]}	414
発言する	1086	P	DECIDED	estimated	P_COMMUNICATE	gen_frame		P_COMMUNICATE	{"を": ["ABSTRACT", "EVENT_ACT", "INFO_LANGUAGE"]}	{}	620
補充する	1086	P	DECIDED	estimated	P_CHANGE	gen_frame	DISTRIBUTION_DISAGREES	P_CHANGE	{"に": ["ARTIFACT", "PLACE"], "を": ["ABSTRACT", "ARTIFACT", "SUBSTANCE_FOOD"]}	{"role_distribution@codex:paraphrase_entail": ["を"]}	318
参戦する	1084	P	DECIDED	estimated	P_MOVE	gen_frame		P_MOVE	{"に": ["EVENT_ACT", "GROUP_ORG"]}	{}	1061
掲示する	1070	P	DECIDED	estimated	P_COMMUNICATE	gen_frame		P_COMMUNICATE	{"に": ["ARTIFACT", "INFO_LANGUAGE", "PLACE"], "を": ["INFO_LANGUAGE", "WORK"]}	{}	709
移転する	1066	P	DECIDED	estimated	P_MOVE	gen_frame		P_MOVE	{"から": ["PLACE"], "へ": ["PLACE"], "を": ["ARTIFACT", "GROUP_ORG", "PLACE"]}	{}	923
殺害する	1060	P	DECIDED	estimated	P_ACT	gen_frame	DISTRIBUTION_DISAGREES	P_ACT	{"を": ["ANIMAL", "PERSON"]}	{"role_distribution@jawiki": ["を"]}	1021
採択する	1056	P	DECIDED	estimated	P_COGNITION	gen_frame		P_COGNITION	{"を": ["ABSTRACT", "EVENT_ACT", "INFO_LANGUAGE"]}	{}	917
支持する	1051	P	DECIDED	estimated	P_COGNITION	gen_frame	DISTRIBUTION_DISAGREES	P_COGNITION	{"を": ["ABSTRACT", "GROUP_ORG", "PERSON", "WORK"]}	{"role_distribution@codex:general_qa": ["を"], "role_distribution@codex:paraphrase_entail": ["を"]}	874
創刊する	1045	P	DECIDED	estimated	P_CREATE	gen_frame		P_CREATE	{"を": ["INFO_LANGUAGE", "WORK"]}	{}	1045
編入する	1045	P	DECIDED	estimated	P_MOVE	gen_frame		P_MOVE	{"に": ["GROUP_ORG", "PLACE"], "を": ["ARTIFACT", "GROUP_ORG", "PERSON"]}	{}	1036
会釈する	1044	P	DECIDED	estimated	P_COMMUNICATE	gen_frame		P_COMMUNICATE	{"を": ["PERSON"]}	{}	473
短縮する	1044	P	DECIDED	estimated	P_CHANGE	gen_frame		P_CHANGE	{"を": ["ABSTRACT", "QUANTITY", "STATE_PROPERTY", "TIME"]}	{}	329
締結する	1040	P	DECIDED	estimated	P_COMMUNICATE	gen_frame		P_COMMUNICATE	{"を": ["ABSTRACT", "EVENT_ACT"]}	{}	928
推進する	1037	P	DECIDED	estimated	P_ACT	gen_frame	DISTRIBUTION_DISAGREES	P_ACT	{"を": ["ABSTRACT", "EVENT_ACT"]}	{"role_distribution@jawiki": ["を"]}	1007
公転する	1036	P	DECIDED	estimated	P_MOVE	gen_frame		P_MOVE	{"を": ["NATURAL_PHENOMENON"]}	{}	748
勤務する	1036	P	DECIDED	estimated	P_ACT	gen_frame		P_ACT	{"で": ["GROUP_ORG", "PLACE"]}	{}	792
占有する	1032	P	DECIDED	estimated	P_POSSESS	gen_frame	DISTRIBUTION_DISAGREES	P_POSSESS	{"を": ["ABSTRACT", "ARTIFACT", "PLACE"]}	{"role_distribution@codex:code": ["を"]}	913
創業する	1031	P	DECIDED	estimated	P_CREATE	gen_frame		P_CREATE	{"を": ["ABSTRACT", "GROUP_ORG"]}	{}	1027
突破する	1031	P	DECIDED	estimated	P_MOVE	gen_frame		P_MOVE	{"を": ["ABSTRACT", "ARTIFACT", "PLACE"]}	{}	991
引退する	1028	P	DECIDED	estimated	P_CHANGE	gen_frame		P_CHANGE	{"を": ["ABSTRACT", "EVENT_ACT"]}	{}	892
合意する	1024	P	DECIDED	estimated	P_COMMUNICATE	gen_frame		P_COMMUNICATE	{"と": ["GROUP_ORG", "PERSON"], "に": ["GROUP_ORG", "PERSON"]}	{}	517
分析する	1022	P	DECIDED	estimated	P_COGNITION	gen_frame	DISTRIBUTION_DISAGREES	P_COGNITION	{"を": ["ABSTRACT", "EVENT_ACT", "INFO_LANGUAGE"]}	{"role_distribution@codex:paraphrase_entail": ["が", "を"]}	426
移籍する	1022	P	DECIDED	estimated	P_MOVE	gen_frame		P_MOVE	{"から": ["GROUP_ORG", "PLACE"], "へ": ["GROUP_ORG", "PLACE"]}	{}	1020
統治する	1022	P	DECIDED	estimated	P_ACT	gen_frame		P_ACT	{"を": ["ABSTRACT", "GROUP_ORG", "PLACE"]}	{}	704
JOINする	1021	P	UNPLACED							{"role_distribution@codex:code": ["を", "に"]}	911
露出する	1021	P	DECIDED	estimated	P_STATE	gen_frame		P_STATE	{"に": ["ANIMAL", "BODY_PART", "PERSON"], "を": ["ARTIFACT", "BODY_PART"]}	{}	688
納得する	1019	P	DECIDED	estimated	P_COGNITION	gen_frame		P_COGNITION	{"に": ["ABSTRACT", "EVENT_ACT", "INFO_LANGUAGE"]}	{}	474
日焼けする	1016	P	DECIDED	estimated	P_CHANGE	gen_frame		P_CHANGE	{"に": ["NATURAL_PHENOMENON"]}	{}	533
反対する	1015	P	DECIDED	estimated	P_COGNITION	gen_frame		P_COGNITION	{"に": ["ABSTRACT", "EVENT_ACT", "GROUP_ORG", "PERSON"]}	{}	643
選別する	1015	P	DECIDED	estimated	P_ACT	gen_frame	DISTRIBUTION_DISAGREES	P_ACT	{"を": ["ABSTRACT", "ARTIFACT", "SUBSTANCE_FOOD"]}	{"role_distribution@codex:paraphrase_entail": ["を"]}	838
開幕する	1013	P	DECIDED	estimated	P_EXIST	gen_frame		P_EXIST	{"が": ["EVENT_ACT"], "で": ["PLACE", "TIME"]}	{}	1004
満足する	1012	P	DECIDED	estimated	P_EMOTION	gen_frame		P_EMOTION	{"に": ["ABSTRACT", "EVENT_ACT", "PERSON", "STATE_PROPERTY"]}	{}	298
特化する	1010	P	DECIDED	estimated	P_STATE	gen_frame		P_STATE	{"に": ["ABSTRACT", "ARTIFACT", "EVENT_ACT", "SUBSTANCE_FOOD"]}	{}	912
準拠する	1006	P	DECIDED	estimated	P_STATE	gen_frame		P_STATE	{"に": ["ABSTRACT", "ARTIFACT", "INFO_LANGUAGE"]}	{}	711
普及する	1004	P	DECIDED	estimated	P_MOVE	gen_frame		P_MOVE	{"に": ["ABSTRACT", "ARTIFACT", "GROUP_ORG", "PERSON", "PLACE"]}	{}	928
節約する	1000	P	DECIDED	estimated	P_CONSUME	gen_frame	DISTRIBUTION_DISAGREES	P_CONSUME	{"を": ["ABSTRACT", "ARTIFACT", "QUANTITY", "SUBSTANCE_FOOD"]}	{"role_distribution@codex:pro": ["を"]}	245
診断する	997	P	DECIDED	estimated	P_COGNITION	gen_frame	DISTRIBUTION_DISAGREES	P_COGNITION	{"を": ["ABSTRACT", "ANIMAL", "PERSON", "STATE_PROPERTY"]}	{"role_distribution@jawiki": ["を"]}	635
感染する	994	P	DECIDED	estimated	P_CHANGE	gen_frame		P_CHANGE	{"に": ["ANIMAL", "BODY_PART", "PERSON", "PLANT"]}	{}	527
低下する	993	P	DECIDED	estimated	P_CHANGE	gen_frame		P_CHANGE	{"が": ["ABSTRACT", "QUANTITY", "STATE_PROPERTY"]}	{}	420
創立する	987	P	DECIDED	estimated	P_CREATE	gen_frame	DISTRIBUTION_DISAGREES	P_CREATE	{"を": ["ABSTRACT", "GROUP_ORG"]}	{"role_distribution@jawiki": ["を"]}	983
五入する	985	P	DECIDED	estimated	P_COGNITION	gen_frame		P_COGNITION	{"を": ["QUANTITY"]}	{}	854
復習する	981	P	DECIDED	estimated	P_COGNITION	gen_frame	DISTRIBUTION_DISAGREES	P_COGNITION	{"を": ["EVENT_ACT", "INFO_LANGUAGE", "WORK"]}	{"role_distribution@codex:general_qa": ["を"]}	460
飼育する	980	P	DECIDED	estimated	P_ACT	gen_frame	DISTRIBUTION_DISAGREES	P_ACT	{"を": ["ANIMAL", "PLANT"]}	{"role_distribution@codex:general_qa": ["を"], "role_distribution@codex:paraphrase_entail": ["を"], "role_distribution@jawiki": ["を"]}	422
投稿する	977	P	DECIDED	direct	P_COMMUNICATE	gen_frame,role_distribution@codex:code,role_distribution@codex:general_qa,role_distribution@jawiki		P_COMMUNICATE	{"に": ["GROUP_ORG", "INFO_LANGUAGE", "PLACE"], "を": ["ARTIFACT", "INFO_LANGUAGE", "WORK"]}	{"role_distribution@codex:code": ["を"], "role_distribution@codex:general_qa": ["を"], "role_distribution@jawiki": ["を"]}	458
料理する	977	P	DECIDED	estimated	P_CREATE	gen_frame	DISTRIBUTION_DISAGREES	P_CREATE	{"を": ["SUBSTANCE_FOOD"]}	{"role_distribution@codex:paraphrase_entail": ["を"]}	611
出現する	976	P	DECIDED	estimated	P_EXIST	gen_frame		P_EXIST	{"が": ["ABSTRACT", "ANIMAL", "ARTIFACT", "NATURAL_PHENOMENON", "PERSON"], "に": ["PLACE"]}	{}	563
警告する	976	P	DECIDED	estimated	P_COMMUNICATE	gen_frame		P_COMMUNICATE	{"に": ["GROUP_ORG", "PERSON"], "を": ["ANIMAL", "GROUP_ORG", "PERSON"]}	{}	651
推論する	974	P	DECIDED	estimated	P_COGNITION	gen_frame		P_COGNITION	{"を": ["ABSTRACT", "EVENT_ACT", "INFO_LANGUAGE"]}	{}	757
旅する	970	P	DECIDED	estimated	P_MOVE	gen_frame	FRAME_PARTICLES_NOT_COVERED	P_MOVE	{"で": ["PLACE"], "を": ["PLACE"]}	{"role_distribution@codex:conversation": ["に", "へ"]}	303
発酵する	968	P	DECIDED	estimated	P_CHANGE	gen_frame		P_CHANGE	{"が": ["SUBSTANCE_FOOD"]}	{}	471
振動する	965	P	DECIDED	estimated	P_ACT	gen_frame		P_ACT	{"が": ["ARTIFACT", "EVENT_ACT", "NATURAL_PHENOMENON"]}	{}	501
ブロックする	964	P	DECIDED	estimated	P_ACT	gen_frame		P_ACT	{"が": ["ARTIFACT", "EVENT_ACT", "GROUP_ORG", "PERSON"], "を": ["ABSTRACT", "ARTIFACT", "GROUP_ORG", "PERSON"]}	{}	612
アウトする	962	P	DECIDED	estimated	P_MOVE	gen_frame		P_MOVE	{"が": ["ARTIFACT", "GROUP_ORG", "PERSON"], "に": ["EVENT_ACT", "PLACE"]}	{}	499
受理する	953	P	DECIDED	estimated	P_COGNITION	gen_frame	DISTRIBUTION_DISAGREES	P_COGNITION	{"が": ["GROUP_ORG", "PERSON"], "を": ["ABSTRACT", "ARTIFACT", "INFO_LANGUAGE"]}	{"role_distribution@codex:code": ["を"], "role_distribution@codex:paraphrase_entail": ["を"]}	373
解凍する	952	P	DECIDED	estimated	P_CHANGE	gen_frame	DISTRIBUTION_DISAGREES	P_CHANGE	{"が": ["ARTIFACT", "INFO_LANGUAGE", "SUBSTANCE_FOOD"]}	{"role_distribution@codex:conversation": ["を"], "role_distribution@codex:figurative_commonsense": ["を"], "role_distribution@codex:general_qa": ["を"], "role_distribution@codex:pro": ["を"]}	427
インする	951	P	DECIDED	estimated	P_MOVE	gen_frame		P_MOVE	{"が": ["ARTIFACT", "GROUP_ORG", "PERSON"], "に": ["EVENT_ACT", "PLACE"]}	{}	362
往復する	951	P	DECIDED	estimated	P_MOVE	gen_frame		P_MOVE	{"が": ["ARTIFACT", "EVENT_ACT", "PERSON"], "を": ["EVENT_ACT", "PLACE"]}	{}	310
派生する	948	P	DECIDED	estimated	P_CHANGE	gen_frame		P_CHANGE	{"から": ["ABSTRACT", "EVENT_ACT", "STATE_PROPERTY"], "が": ["ABSTRACT", "EVENT_ACT", "STATE_PROPERTY"]}	{}	878
登校する	945	P	DECIDED	estimated	P_MOVE	gen_frame		P_MOVE	{"が": ["PERSON"], "に": ["PLACE"]}	{}	265
修飾する	935	P	DECIDED	estimated	P_ACT	gen_frame	DISTRIBUTION_DISAGREES	P_ACT	{"が": ["ARTIFACT", "GROUP_ORG", "INFO_LANGUAGE", "PERSON"], "を": ["ABSTRACT", "INFO_LANGUAGE"]}	{"role_distribution@codex:paraphrase_entail": ["を"]}	650
調節する	933	P	DECIDED	estimated	P_CHANGE	gen_frame		P_CHANGE	{"が": ["GROUP_ORG", "PERSON"], "を": ["ABSTRACT", "ARTIFACT", "STATE_PROPERTY"]}	{}	489
判別する	926	P	DECIDED	estimated	P_COGNITION	gen_frame		P_COGNITION	{"が": ["GROUP_ORG", "PERSON"], "を": ["ABSTRACT", "ANIMAL", "ARTIFACT", "INFO_LANGUAGE", "PERSON"]}	{}	602
マージする	925	P	DECIDED	estimated	P_ACT	gen_frame		P_ACT	{"が": ["GROUP_ORG", "PERSON"], "を": ["ABSTRACT", "ARTIFACT", "INFO_LANGUAGE"]}	{}	719
連想する	923	P	DECIDED	estimated	P_COGNITION	gen_frame		P_COGNITION	{"が": ["GROUP_ORG", "PERSON"], "を": ["ABSTRACT", "ANIMAL", "ARTIFACT", "EVENT_ACT", "PERSON"]}	{}	457
開通する	921	P	DECIDED	estimated	P_CHANGE	gen_frame		P_CHANGE	{"が": ["ARTIFACT", "EVENT_ACT", "PLACE"]}	{}	745
統括する	920	P	DECIDED	estimated	P_ACT	gen_frame	DISTRIBUTION_DISAGREES	P_ACT	{"が": ["GROUP_ORG", "PERSON"], "を": ["ABSTRACT", "EVENT_ACT", "GROUP_ORG"]}	{"role_distribution@codex:general_qa": ["を"]}	856
送出する	920	P	DECIDED	estimated	P_MOVE	gen_frame	DISTRIBUTION_DISAGREES	P_MOVE	{"が": ["ARTIFACT", "INFO_LANGUAGE", "SUBSTANCE_FOOD"]}	{"role_distribution@codex:code": ["を"]}	794
セットする	918	P	DECIDED	estimated	P_ACT	gen_frame	DISTRIBUTION_DISAGREES	P_ACT	{"が": ["GROUP_ORG", "PERSON"], "を": ["ABSTRACT", "ARTIFACT", "EVENT_ACT"]}	{"role_distribution@codex:general_qa": ["を"]}	527
洗濯する	914	P	DECIDED	estimated	P_ACT	gen_frame		P_ACT	{"が": ["GROUP_ORG", "PERSON"], "を": ["ARTIFACT", "SUBSTANCE_FOOD"]}	{}	394
言及する	908	P	DECIDED	estimated	P_COMMUNICATE	gen_frame		P_COMMUNICATE	{"が": ["GROUP_ORG", "PERSON"], "に": ["ABSTRACT", "EVENT_ACT", "INFO_LANGUAGE"]}	{}	900
連携する	906	P	DECIDED	estimated	P_ACT	gen_frame		P_ACT	{"が": ["GROUP_ORG", "PERSON"], "と": ["ABSTRACT", "GROUP_ORG", "PERSON"]}	{}	391
寄与する	902	P	DECIDED	estimated	P_ACT	gen_frame		P_ACT	{"が": ["EVENT_ACT", "GROUP_ORG", "PERSON"], "に": ["ABSTRACT", "EVENT_ACT", "GROUP_ORG", "PERSON"]}	{}	840
平均する	897	P	DECIDED	estimated	P_ACT	gen_frame		P_ACT	{"が": ["GROUP_ORG", "PERSON"], "を": ["ABSTRACT", "EVENT_ACT", "QUANTITY"]}	{}	600
後悔する	897	P	DECIDED	estimated	P_EMOTION	gen_frame	DISTRIBUTION_DISAGREES	P_EMOTION	{"が": ["GROUP_ORG", "PERSON"], "を": ["ABSTRACT", "EVENT_ACT", "INFO_LANGUAGE"]}	{"role_distribution@codex:pro": ["を", "に", "で"]}	567
立地する	897	P	DECIDED	estimated	P_EXIST	gen_frame		P_EXIST	{"が": ["ARTIFACT", "GROUP_ORG", "PLACE"]}	{}	884
進出する	893	P	DECIDED	direct	P_MOVE	gen_frame,role_distribution@codex:general_qa		P_MOVE	{"が": ["GROUP_ORG", "PERSON"], "に": ["GROUP_ORG", "PLACE"]}	{"role_distribution@codex:general_qa": ["へ"]}	778
併記する	883	P	DECIDED	estimated	P_CREATE	gen_frame		P_CREATE	{"が": ["GROUP_ORG", "PERSON"], "を": ["ARTIFACT", "INFO_LANGUAGE"]}	{}	609
稼働する	881	P	DECIDED	estimated	P_STATE	gen_frame		P_STATE	{"が": ["ARTIFACT", "EVENT_ACT", "GROUP_ORG"]}	{}	417
あいさつする	880	P	DECIDED	estimated	P_COMMUNICATE	gen_frame		P_COMMUNICATE	{"が": ["GROUP_ORG", "PERSON"], "に": ["GROUP_ORG", "PERSON"]}	{}	478
絶滅する	877	P	DECIDED	estimated	P_CHANGE	gen_frame		P_CHANGE	{"が": ["ABSTRACT", "ANIMAL", "GROUP_ORG", "PLANT"]}	{}	835
付着する	874	P	DECIDED	estimated	P_STATE	gen_frame		P_STATE	{"が": ["ARTIFACT", "BODY_PART", "SUBSTANCE_FOOD"], "に": ["ARTIFACT", "BODY_PART", "PLACE"]}	{}	516
経験する	874	P	DECIDED	estimated	P_ACT	gen_frame	DISTRIBUTION_DISAGREES	P_ACT	{"が": ["GROUP_ORG", "PERSON"], "を": ["ABSTRACT", "EVENT_ACT"]}	{"role_distribution@codex:figurative_commonsense": ["を"], "role_distribution@jawiki": ["を"]}	529
再送する	873	P	DECIDED	direct	P_COMMUNICATE	gen_frame,role_distribution@codex:code		P_COMMUNICATE	{"が": ["ARTIFACT", "GROUP_ORG", "INFO_LANGUAGE", "PERSON"], "を": ["ARTIFACT", "GROUP_ORG", "INFO_LANGUAGE", "PERSON"]}	{"role_distribution@codex:code": ["を"]}	745
スタートする	866	P	DECIDED	estimated	P_MOVE	gen_frame		P_MOVE	{"が": ["ARTIFACT", "EVENT_ACT", "GROUP_ORG", "PERSON"]}	{}	664
入学する	864	P	DECIDED	estimated	P_MOVE	gen_frame		P_MOVE	{"が": ["PERSON"], "に": ["GROUP_ORG", "PLACE"]}	{}	689
早起きする	864	P	DECIDED	estimated	P_ACT	gen_frame		P_ACT	{"が": ["PERSON"]}	{}	369
切断する	863	P	DECIDED	estimated	P_CHANGE	gen_frame		P_CHANGE	{"が": ["GROUP_ORG", "PERSON"], "を": ["ABSTRACT", "ARTIFACT", "BODY_PART", "INFO_LANGUAGE"]}	{}	399
退職する	862	P	DECIDED	estimated	P_CHANGE	gen_frame	DISTRIBUTION_DISAGREES	P_CHANGE	{"が": ["PERSON"], "を": ["EVENT_ACT", "GROUP_ORG"]}	{"role_distribution@jawiki": ["を"]}	249
リセットする	857	P	DECIDED	estimated	P_CHANGE	gen_frame	DISTRIBUTION_DISAGREES	P_CHANGE	{"が": ["GROUP_ORG", "PERSON"], "を": ["ABSTRACT", "ARTIFACT", "INFO_LANGUAGE", "STATE_PROPERTY"]}	{"role_distribution@codex:code": ["を"]}	634
ノミネートする	847	P	DECIDED	estimated	P_COMMUNICATE	gen_frame		P_COMMUNICATE	{"が": ["GROUP_ORG", "PERSON"], "を": ["EVENT_ACT", "GROUP_ORG", "PERSON", "WORK"]}	{}	847
発車する	846	P	DECIDED	estimated	P_MOVE	gen_frame		P_MOVE	{"から": ["PLACE"], "が": ["ARTIFACT", "PLACE"]}	{}	389
手続きする	838	P	DECIDED	estimated	P_ACT	gen_frame		P_ACT	{"が": ["PERSON"], "を": ["EVENT_ACT"]}	{}	473
投票する	837	P	DECIDED	estimated	P_ACT	gen_frame		P_ACT	{"が": ["PERSON"], "に": ["EVENT_ACT", "GROUP_ORG"]}	{}	712
油断する	832	P	DECIDED	estimated	P_STATE	gen_frame		P_STATE	{"が": ["PERSON"], "を": ["ABSTRACT", "STATE_PROPERTY"]}	{}	444
渋滞する	828	P	DECIDED	estimated	P_STATE	gen_frame		P_STATE	{"が": ["ARTIFACT", "NATURAL_PHENOMENON", "PLACE"]}	{}	397
判明する	827	P	DECIDED	estimated	P_COGNITION	gen_frame		P_COGNITION	{"が": ["ABSTRACT", "EVENT_ACT", "INFO_LANGUAGE"]}	{}	542
上演する	826	P	DECIDED	estimated	P_ACT	gen_frame	DISTRIBUTION_DISAGREES	P_ACT	{"が": ["EVENT_ACT", "WORK"], "を": ["GROUP_ORG", "PERSON"]}	{"role_distribution@jawiki": ["を"]}	749
移住する	820	P	DECIDED	estimated	P_MOVE	gen_frame		P_MOVE	{"が": ["GROUP_ORG", "PERSON"], "に": ["PLACE"]}	{}	773
注入する	816	P	DECIDED	estimated	P_ACT	gen_frame	DISTRIBUTION_DISAGREES	P_ACT	{"が": ["PERSON"], "に": ["ARTIFACT", "BODY_PART", "PLACE"], "を": ["SUBSTANCE_FOOD"]}	{"role_distribution@jawiki": ["を", "に"]}	680
苦労する	814	P	DECIDED	estimated	P_ACT	gen_frame		P_ACT	{"が": ["PERSON"], "に": ["ABSTRACT", "EVENT_ACT"]}	{}	473
買収する	814	P	DECIDED	estimated	P_GIVE	gen_frame		P_GIVE	{"が": ["GROUP_ORG", "PERSON"], "を": ["ARTIFACT", "GROUP_ORG", "PLACE"]}	{}	808
訂正する	809	P	DECIDED	estimated	P_CHANGE	gen_frame		P_CHANGE	{"が": ["PERSON"], "を": ["ABSTRACT", "INFO_LANGUAGE", "WORK"]}	{}	388
破壊する	808	P	DECIDED	estimated	P_ACT	gen_frame	DISTRIBUTION_DISAGREES	P_ACT	{"が": ["GROUP_ORG", "PERSON"], "を": ["ABSTRACT", "ARTIFACT", "PLACE"]}	{"role_distribution@codex:code": ["を"]}	689
駐屯する	807	P	DECIDED	estimated	P_EXIST	gen_frame		P_EXIST	{"が": ["GROUP_ORG", "PERSON"], "に": ["PLACE"]}	{}	807
対戦する	806	P	DECIDED	estimated	P_ACT	gen_frame		P_ACT	{"が": ["GROUP_ORG", "PERSON"], "と": ["GROUP_ORG", "PERSON"]}	{}	667
編纂する	806	P	DECIDED	estimated	P_CREATE	gen_frame		P_CREATE	{"が": ["GROUP_ORG", "PERSON"], "を": ["INFO_LANGUAGE", "WORK"]}	{}	756
交差する	802	P	DECIDED	estimated	P_STATE	gen_frame		P_STATE	{"が": ["ABSTRACT", "ARTIFACT", "PLACE"], "と": ["ARTIFACT", "PLACE"]}	{}	378
復帰する	800	P	DECIDED	estimated	P_MOVE	gen_frame		P_MOVE	{"が": ["GROUP_ORG", "PERSON"], "に": ["ABSTRACT", "PLACE", "STATE_PROPERTY"]}	{}	502
オーバーフローする	799	P	DECIDED	estimated	P_STATE	gen_frame		P_STATE	{"が": ["ABSTRACT", "ARTIFACT"]}	{}	489
復旧する	799	P	DECIDED	estimated	P_CHANGE	gen_frame		P_CHANGE	{"が": ["ABSTRACT", "ARTIFACT", "PLACE"]}	{}	343
流行する	796	P	DECIDED	estimated	P_STATE	gen_frame		P_STATE	{"が": ["ABSTRACT", "EVENT_ACT", "INFO_LANGUAGE"]}	{}	563
違反する	795	P	DECIDED	estimated	P_ACT	gen_frame		P_ACT	{"が": ["GROUP_ORG", "PERSON"], "に": ["ABSTRACT", "EVENT_ACT", "INFO_LANGUAGE"]}	{}	541
対立する	791	P	DECIDED	estimated	P_STATE	gen_frame		P_STATE	{"が": ["ABSTRACT", "GROUP_ORG", "PERSON"], "と": ["ABSTRACT", "GROUP_ORG", "PERSON"]}	{}	429
移植する	791	P	DECIDED	estimated	P_ACT	gen_frame	DISTRIBUTION_DISAGREES	P_ACT	{"が": ["PERSON"], "に": ["ANIMAL", "PERSON", "PLACE"], "を": ["BODY_PART", "PLANT"]}	{"role_distribution@codex:paraphrase_entail": ["を"]}	350
横断する	790	P	DECIDED	estimated	P_MOVE	gen_frame		P_MOVE	{"が": ["ARTIFACT", "GROUP_ORG", "PERSON"], "を": ["PLACE"]}	{}	409
剪定する	781	P	DECIDED	estimated	P_ACT	gen_frame	DISTRIBUTION_DISAGREES	P_ACT	{"が": ["PERSON"], "を": ["PLANT"]}	{"role_distribution@codex:figurative_commonsense": ["を"], "role_distribution@codex:general_qa": ["を"], "role_distribution@codex:paraphrase_entail": ["を"]}	358
翻訳する	778	P	DECIDED	direct	P_COMMUNICATE	gen_frame,role_distribution@codex:general_qa		P_COMMUNICATE	{"が": ["GROUP_ORG", "PERSON"], "に": ["INFO_LANGUAGE"], "を": ["INFO_LANGUAGE", "WORK"]}	{"role_distribution@codex:general_qa": ["を"]}	639
清掃する	774	P	DECIDED	estimated	P_ACT	gen_frame		P_ACT	{"が": ["GROUP_ORG", "PERSON"], "を": ["ARTIFACT", "PLACE"]}	{}	331
ゴールする	773	P	DECIDED	estimated	P_MOVE	gen_frame		P_MOVE	{"が": ["ANIMAL", "ARTIFACT", "PERSON"], "に": ["EVENT_ACT", "PLACE"]}	{}	544
出社する	765	P	DECIDED	estimated	P_MOVE	gen_frame		P_MOVE	{"が": ["PERSON"], "に": ["GROUP_ORG", "PLACE"]}	{}	406
算出する	765	P	DECIDED	estimated	P_COGNITION	gen_frame		P_COGNITION	{"が": ["GROUP_ORG", "PERSON"], "を": ["ABSTRACT", "QUANTITY"]}	{}	243
オープンする	764	P	DECIDED	estimated	P_CHANGE	gen_frame		P_CHANGE	{"が": ["GROUP_ORG", "PLACE"]}	{}	707
手伝いする	764	P	DECIDED	estimated	P_GIVE	gen_frame	DISTRIBUTION_DISAGREES	P_GIVE	{"が": ["PERSON"], "を": ["EVENT_ACT", "PERSON"]}	{"role_distribution@codex:conversation": ["を"]}	708
負担する	764	P	DECIDED	estimated	P_ACT	gen_frame		P_ACT	{"が": ["GROUP_ORG", "PERSON"], "を": ["ABSTRACT", "EVENT_ACT", "QUANTITY"]}	{}	471
隔離する	764	P	DECIDED	estimated	P_CHANGE	gen_frame		P_CHANGE	{"が": ["GROUP_ORG", "PERSON"], "を": ["ANIMAL", "ARTIFACT", "PERSON"]}	{}	607
存続する	759	P	DECIDED	estimated	P_EXIST	gen_frame		P_EXIST	{"が": ["ABSTRACT", "EVENT_ACT", "GROUP_ORG"]}	{}	651
招待する	759	P	DECIDED	direct	P_COMMUNICATE	gen_frame,role_distribution@codex:paraphrase_entail,role_distribution@jawiki		P_COMMUNICATE	{"が": ["GROUP_ORG", "PERSON"], "を": ["GROUP_ORG", "PERSON"]}	{"role_distribution@codex:paraphrase_entail": ["を"], "role_distribution@jawiki": ["を"]}	337
初演する	758	P	DECIDED	estimated	P_ACT	gen_frame		P_ACT	{"が": ["EVENT_ACT", "WORK"], "を": ["GROUP_ORG", "PERSON"]}	{}	654
コードする	755	P	DECIDED	estimated	P_CREATE	gen_frame	DISTRIBUTION_DISAGREES	P_CREATE	{"が": ["PERSON"], "を": ["ABSTRACT", "INFO_LANGUAGE"]}	{"role_distribution@jawiki": ["を"]}	717
完結する	755	P	DECIDED	estimated	P_CHANGE	gen_frame		P_CHANGE	{"が": ["ABSTRACT", "EVENT_ACT", "WORK"]}	{}	335
行き来する	752	P	DECIDED	estimated	P_MOVE	gen_frame		P_MOVE	{"から": ["PLACE"], "へ": ["PLACE"], "を": ["PLACE"]}	{}	188
買い物する	750	P	DECIDED	estimated	P_CONSUME	gen_frame		P_CONSUME	{"で": ["PLACE"], "を": ["ARTIFACT", "SUBSTANCE_FOOD"]}	{}	664
改行する	748	P	DECIDED	estimated	P_CHANGE	gen_frame		P_CHANGE	{"を": ["ARTIFACT", "INFO_LANGUAGE"]}	{}	474
カバーする	747	P	DECIDED	estimated	P_ACT	gen_frame		P_ACT	{"を": ["ARTIFACT", "BODY_PART"]}	{}	608
指揮する	745	P	DECIDED	estimated	P_ACT	gen_frame	DISTRIBUTION_DISAGREES	P_ACT	{"を": ["ARTIFACT", "GROUP_ORG", "PERSON"]}	{"role_distribution@codex:general_qa": ["を"]}	669
新設する	745	P	DECIDED	estimated	P_CREATE	gen_frame		P_CREATE	{"を": ["ARTIFACT", "GROUP_ORG", "PLACE"]}	{}	663
入院する	744	P	DECIDED	estimated	P_MOVE	gen_frame		P_MOVE	{"に": ["GROUP_ORG", "PLACE"]}	{}	433
生存する	743	P	DECIDED	estimated	P_EXIST	gen_frame		P_EXIST	{"が": ["ANIMAL", "PERSON", "PLANT"], "で": ["PLACE"]}	{}	565
総称する	740	P	DECIDED	estimated	P_COMMUNICATE	gen_frame		P_COMMUNICATE	{"を": ["ABSTRACT", "INFO_LANGUAGE"]}	{}	737
やまする	739	P	UNPLACED							{}	737
占領する	736	P	DECIDED	estimated	P_ACT	gen_frame		P_ACT	{"を": ["GROUP_ORG", "PLACE"]}	{}	532
昼寝する	736	P	DECIDED	estimated	P_ACT	gen_frame		P_ACT	{"で": ["PLACE"], "を": ["ANIMAL", "PERSON"]}	{}	288
寄贈する	735	P	DECIDED	estimated	P_GIVE	gen_frame	DISTRIBUTION_DISAGREES	P_GIVE	{"に": ["GROUP_ORG", "PERSON"], "を": ["ARTIFACT", "SUBSTANCE_FOOD", "WORK"]}	{"role_distribution@codex:narrative": ["を"], "role_distribution@codex:paraphrase_entail": ["を"]}	431
進行する	733	P	DECIDED	estimated	P_MOVE	gen_frame	DISTRIBUTION_DISAGREES	P_MOVE	{"が": ["ABSTRACT", "EVENT_ACT"], "で": ["PLACE"]}	{"role_distribution@codex:paraphrase_entail": ["が", "を"]}	382
帰省する	730	P	DECIDED	estimated	P_MOVE	gen_frame		P_MOVE	{"に": ["PLACE"], "へ": ["PLACE"]}	{}	348
キャストする	729	P	DECIDED	estimated	P_CHANGE	gen_frame		P_CHANGE	{"を": ["ARTIFACT", "INFO_LANGUAGE", "WORK"]}	{}	540
返品する	729	P	DECIDED	estimated	P_GIVE	gen_frame		P_GIVE	{"に": ["GROUP_ORG", "PERSON"], "を": ["ARTIFACT", "SUBSTANCE_FOOD"]}	{}	556
促進する	728	P	DECIDED	estimated	P_CHANGE	gen_frame	DISTRIBUTION_DISAGREES	P_CHANGE	{"を": ["ABSTRACT", "EVENT_ACT", "STATE_PROPERTY"]}	{"role_distribution@codex:general_qa": ["を"], "role_distribution@jawiki": ["を"]}	700
刺激する	728	P	DECIDED	estimated	P_ACT	gen_frame	DISTRIBUTION_DISAGREES	P_ACT	{"を": ["ABSTRACT", "ANIMAL", "BODY_PART", "PERSON"]}	{"role_distribution@codex:general_qa": ["を"], "role_distribution@codex:pro": ["を"]}	308
乗車する	727	P	DECIDED	estimated	P_MOVE	gen_frame		P_MOVE	{"で": ["PLACE"], "に": ["ARTIFACT"]}	{}	272
主導する	722	P	DECIDED	estimated	P_ACT	gen_frame	DISTRIBUTION_DISAGREES	P_ACT	{"を": ["ABSTRACT", "EVENT_ACT", "GROUP_ORG"]}	{"role_distribution@codex:general_qa": ["を"], "role_distribution@jawiki": ["が", "を"]}	485
増水する	719	P	DECIDED	estimated	P_CHANGE	gen_frame		P_CHANGE	{"が": ["NATURAL_PHENOMENON", "SUBSTANCE_FOOD"], "で": ["PLACE"]}	{}	246
退院する	719	P	DECIDED	estimated	P_MOVE	gen_frame		P_MOVE	{"を": ["GROUP_ORG", "PLACE"]}	{}	436
復号する	718	P	DECIDED	estimated	P_COGNITION	gen_frame		P_COGNITION	{"を": ["IDENTIFIER", "INFO_LANGUAGE"]}	{}	553
乾杯する	717	P	DECIDED	estimated	P_ACT	gen_frame		P_ACT	{"で": ["PLACE"], "と": ["GROUP_ORG", "PERSON"]}	{}	336
ちそうする	715	P	UNPLACED							{"role_distribution@codex:conversation": ["を", "に"], "role_distribution@codex:paraphrase_entail": ["を"]}	595
物故する	715	P	DECIDED	estimated	P_EXIST	gen_frame		P_EXIST	{"が": ["PERSON"]}	{}	715
茶する	714	P	DECIDED	estimated	P_CONSUME	gen_frame		P_CONSUME	{"を": ["SUBSTANCE_FOOD"]}	{}	711
消去する	712	P	DECIDED	estimated	P_CHANGE	gen_frame	DISTRIBUTION_DISAGREES	P_CHANGE	{"を": ["ABSTRACT", "ARTIFACT", "INFO_LANGUAGE"]}	{"role_distribution@codex:general_qa": ["を"]}	520
会計する	711	P	DECIDED	estimated	P_ACT	gen_frame		P_ACT	{"を": ["ABSTRACT", "ARTIFACT", "SUBSTANCE_FOOD"]}	{}	509
予防する	710	P	DECIDED	estimated	P_ACT	gen_frame	DISTRIBUTION_DISAGREES	P_ACT	{"を": ["ABSTRACT", "EVENT_ACT", "STATE_PROPERTY"]}	{"role_distribution@codex:general_qa": ["を"], "role_distribution@jawiki": ["を"]}	584
発明する	708	P	DECIDED	estimated	P_CREATE	gen_frame	DISTRIBUTION_DISAGREES	P_CREATE	{"を": ["ABSTRACT", "ARTIFACT", "INFO_LANGUAGE", "WORK"]}	{"role_distribution@jawiki": ["を"]}	671
閉店する	708	P	DECIDED	estimated	P_CHANGE	gen_frame		P_CHANGE	{"が": ["GROUP_ORG", "PLACE"]}	{}	223
尽力する	705	P	DECIDED	estimated	P_ACT	gen_frame		P_ACT	{"に": ["ABSTRACT", "EVENT_ACT", "GROUP_ORG", "PERSON"]}	{}	698
観光する	697	P	DECIDED	estimated	P_PERCEIVE	gen_frame		P_PERCEIVE	{"で": ["PLACE"], "を": ["PLACE", "WORK"]}	{}	388
精算する	692	P	DECIDED	estimated	P_ACT	gen_frame		P_ACT	{"を": ["ABSTRACT", "ARTIFACT", "SUBSTANCE_FOOD"]}	{}	314
pushする	691	P	DECIDED	estimated	P_ACT	gen_frame		P_ACT	{"を": ["ABSTRACT", "ARTIFACT", "INFO_LANGUAGE"]}	{}	682
区分する	689	P	DECIDED	estimated	P_CHANGE	gen_frame		P_CHANGE	{"を": ["ABSTRACT", "INFO_LANGUAGE", "STATE_PROPERTY"]}	{}	444
融合する	688	P	DECIDED	estimated	P_CHANGE	gen_frame		P_CHANGE	{"が": ["ABSTRACT", "NATURAL_PHENOMENON", "SUBSTANCE_FOOD"], "と": ["ABSTRACT", "SUBSTANCE_FOOD"]}	{}	602
産出する	686	P	DECIDED	estimated	P_CREATE	gen_frame		P_CREATE	{"を": ["ABSTRACT", "SUBSTANCE_FOOD", "WORK"]}	{}	675
攻撃する	685	P	DECIDED	estimated	P_ACT	gen_frame		P_ACT	{"を": ["ABSTRACT", "ANIMAL", "ARTIFACT", "EVENT_ACT", "GROUP_ORG", "PERSON", "PLACE"]}	{}	490
延長する	682	P	DECIDED	estimated	P_CHANGE	gen_frame		P_CHANGE	{"を": ["EVENT_ACT", "QUANTITY", "TIME"]}	{}	244
外出する	679	P	DECIDED	estimated	P_MOVE	gen_frame		P_MOVE	{"から": ["PLACE"], "へ": ["PLACE"]}	{}	210
混入する	678	P	DECIDED	estimated	P_MOVE	gen_frame		P_MOVE	{"に": ["ABSTRACT", "ARTIFACT", "SUBSTANCE_FOOD"]}	{}	586
ダウンロードする	677	P	DECIDED	estimated	P_MOVE	gen_frame	DISTRIBUTION_DISAGREES	P_MOVE	{"に": ["ARTIFACT", "PLACE"], "を": ["ARTIFACT", "INFO_LANGUAGE"]}	{"role_distribution@codex:code": ["を"], "role_distribution@codex:general_qa": ["を"], "role_distribution@jawiki": ["を"]}	258
滞在する	677	P	DECIDED	estimated	P_EXIST	gen_frame		P_EXIST	{"で": ["PLACE"], "に": ["PLACE"]}	{}	326
紛失する	677	P	DECIDED	estimated	P_ACT	gen_frame		P_ACT	{"を": ["ABSTRACT", "ARTIFACT", "IDENTIFIER", "INFO_LANGUAGE"]}	{}	462
添付する	675	P	DECIDED	estimated	P_MOVE	gen_frame	DISTRIBUTION_DISAGREES	P_MOVE	{"に": ["ARTIFACT", "INFO_LANGUAGE"], "を": ["ARTIFACT", "INFO_LANGUAGE"]}	{"role_distribution@codex:conversation": ["を"], "role_distribution@codex:paraphrase_entail": ["を"]}	413
タッチする	674	P	DECIDED	estimated	P_ACT	gen_frame	DISTRIBUTION_DISAGREES	P_ACT	{"に": ["ARTIFACT", "BODY_PART"]}	{"role_distribution@codex:conversation": ["を"]}	402
開校する	670	P	DECIDED	estimated	P_CHANGE	gen_frame		P_CHANGE	{"が": ["EVENT_ACT", "GROUP_ORG", "PLACE"]}	{}	669
解体する	669	P	DECIDED	estimated	P_CHANGE	gen_frame	DISTRIBUTION_DISAGREES	P_CHANGE	{"を": ["ARTIFACT", "GROUP_ORG", "PLACE"]}	{"role_distribution@codex:paraphrase_entail": ["を"]}	472
採取する	667	P	DECIDED	estimated	P_ACT	gen_frame	DISTRIBUTION_DISAGREES	P_ACT	{"を": ["ANIMAL", "ARTIFACT", "PLANT", "SUBSTANCE_FOOD"]}	{"role_distribution@codex:paraphrase_entail": ["を"]}	244
批判する	666	P	DECIDED	estimated	P_ACT	gen_frame		P_ACT	{"を": ["ABSTRACT", "EVENT_ACT", "GROUP_ORG", "INFO_LANGUAGE", "PERSON"]}	{}	511
装着する	665	P	DECIDED	estimated	P_ACT	gen_frame	DISTRIBUTION_DISAGREES	P_ACT	{"に": ["ARTIFACT", "BODY_PART"], "を": ["ARTIFACT", "BODY_PART"]}	{"role_distribution@codex:figurative_commonsense": ["を"], "role_distribution@codex:general_qa": ["を", "に"], "role_distribution@jawiki": ["を", "に"]}	278
直結する	664	P	DECIDED	estimated	P_STATE	gen_frame		P_STATE	{"に": ["ABSTRACT", "ARTIFACT", "PLACE"]}	{}	351
メッセージする	659	P	DECIDED	estimated	P_COMMUNICATE	gen_frame		P_COMMUNICATE	{"と": ["GROUP_ORG", "PERSON"], "に": ["GROUP_ORG", "PERSON"]}	{}	647
分泌する	659	P	DECIDED	estimated	P_CREATE	gen_frame	DISTRIBUTION_DISAGREES	P_CREATE	{"が": ["BODY_PART", "SUBSTANCE_FOOD"], "に": ["ANIMAL", "BODY_PART", "PERSON"]}	{"role_distribution@codex:general_qa": ["を"], "role_distribution@jawiki": ["を"]}	363
昇格する	657	P	DECIDED	estimated	P_CHANGE	gen_frame		P_CHANGE	{"に": ["GROUP_ORG", "QUANTITY", "STATE_PROPERTY"]}	{}	486
戦死する	656	P	DECIDED	estimated	P_STATE	gen_frame		P_STATE	{"で": ["EVENT_ACT", "PLACE"]}	{}	651
分担する	655	P	DECIDED	estimated	P_ACT	gen_frame	DISTRIBUTION_DISAGREES	P_ACT	{"を": ["ABSTRACT", "EVENT_ACT", "GROUP_ORG", "PERSON"]}	{"role_distribution@codex:figurative_commonsense": ["を"], "role_distribution@codex:general_qa": ["を"], "role_distribution@jawiki": ["を"]}	317
消化する	655	P	DECIDED	estimated	P_ACT	gen_frame	DISTRIBUTION_DISAGREES	P_ACT	{"を": ["ARTIFACT", "BODY_PART", "SUBSTANCE_FOOD"]}	{"role_distribution@codex:general_qa": ["を"]}	549
経過する	653	P	DECIDED	estimated	P_EXIST	gen_frame		P_EXIST	{"が": ["EVENT_ACT", "TIME"]}	{}	307
輩出する	651	P	DECIDED	estimated	P_CREATE	gen_frame	DISTRIBUTION_DISAGREES	P_CREATE	{"を": ["ABSTRACT", "GROUP_ORG", "PERSON", "PLANT"]}	{"role_distribution@jawiki": ["を"]}	650
累積する	649	P	DECIDED	estimated	P_CHANGE	gen_frame		P_CHANGE	{"が": ["ABSTRACT", "QUANTITY"]}	{}	384
網羅する	643	P	DECIDED	estimated	P_ACT	gen_frame		P_ACT	{"を": ["ABSTRACT", "EVENT_ACT", "INFO_LANGUAGE", "WORK"]}	{}	359
逮捕する	643	P	DECIDED	estimated	P_ACT	gen_frame		P_ACT	{"を": ["ANIMAL", "GROUP_ORG", "PERSON"]}	{}	593
冷蔵する	638	P	DECIDED	estimated	P_ACT	gen_frame		P_ACT	{"を": ["ARTIFACT", "SUBSTANCE_FOOD"]}	{}	400
開店する	638	P	DECIDED	estimated	P_EXIST	gen_frame		P_EXIST	{"が": ["GROUP_ORG", "PLACE"]}	{}	272
走行する	637	P	DECIDED	estimated	P_MOVE	gen_frame		P_MOVE	{"で": ["PLACE"], "を": ["ARTIFACT", "PLACE"]}	{}	338
起用する	637	P	DECIDED	estimated	P_ACT	gen_frame	DISTRIBUTION_DISAGREES	P_ACT	{"に": ["EVENT_ACT", "GROUP_ORG"], "を": ["ARTIFACT", "GROUP_ORG", "PERSON"]}	{"role_distribution@jawiki": ["を"]}	605
再帰する	636	P	UNPLACED							{}	340
再会する	635	P	DECIDED	estimated	P_ACT	gen_frame		P_ACT	{"と": ["GROUP_ORG", "PERSON"], "に": ["GROUP_ORG", "PERSON"]}	{}	326
流通する	635	P	DECIDED	estimated	P_MOVE	gen_frame		P_MOVE	{"が": ["ABSTRACT", "ARTIFACT", "SUBSTANCE_FOOD"]}	{}	500
巡回する	634	P	DECIDED	estimated	P_MOVE	gen_frame		P_MOVE	{"を": ["ARTIFACT", "EVENT_ACT", "PLACE"]}	{}	150
ループする	633	P	DECIDED	estimated	P_STATE	gen_frame	DISTRIBUTION_DISAGREES	P_STATE	{"に": ["ABSTRACT", "ARTIFACT"]}	{"role_distribution@codex:code_qa": ["を"]}	395
付属する	628	P	DECIDED	estimated	P_EXIST	gen_frame		P_EXIST	{"に": ["ARTIFACT", "PLACE"]}	{}	359
冠水する	628	P	DECIDED	estimated	P_STATE	gen_frame		P_STATE	{"が": ["PLACE"]}	{}	240
寄り道する	627	P	DECIDED	estimated	P_MOVE	gen_frame		P_MOVE	{"に": ["PLACE"]}	{}	490
装備する	627	P	DECIDED	estimated	P_ACT	gen_frame	DISTRIBUTION_DISAGREES	P_ACT	{"に": ["ARTIFACT", "EVENT_ACT"], "を": ["ARTIFACT", "BODY_PART"]}	{"role_distribution@jawiki": ["を"]}	621
生育する	626	P	DECIDED	estimated	P_STATE	gen_frame		P_STATE	{"が": ["ANIMAL", "PLANT"], "で": ["PLACE"]}	{}	527
まねする	621	P	DECIDED	estimated	P_COGNITION	gen_frame		P_COGNITION	{"を": ["ABSTRACT", "ANIMAL", "ARTIFACT", "EVENT_ACT", "GROUP_ORG", "PERSON"]}	{}	229
改良する	621	P	DECIDED	estimated	P_CHANGE	gen_frame		P_CHANGE	{"を": ["ABSTRACT", "ARTIFACT", "STATE_PROPERTY"]}	{}	390
回避する	618	P	DECIDED	estimated	P_ACT	gen_frame	DISTRIBUTION_DISAGREES	P_ACT	{"を": ["ABSTRACT", "ARTIFACT", "EVENT_ACT", "PLACE"]}	{"role_distribution@jawiki": ["を"]}	378
売却する	618	P	DECIDED	estimated	P_GIVE	gen_frame		P_GIVE	{"に": ["GROUP_ORG", "PERSON"], "を": ["ABSTRACT", "ARTIFACT", "PLACE"]}	{}	545
抑制する	618	P	DECIDED	estimated	P_ACT	gen_frame	DISTRIBUTION_DISAGREES	P_ACT	{"を": ["ABSTRACT", "EVENT_ACT", "STATE_PROPERTY"]}	{"role_distribution@codex:code": ["を"], "role_distribution@jawiki": ["を"]}	290
指名する	617	P	DECIDED	estimated	P_ACT	gen_frame	DISTRIBUTION_DISAGREES	P_ACT	{"を": ["GROUP_ORG", "PERSON"]}	{"role_distribution@codex:general_qa": ["が", "から"], "role_distribution@codex:paraphrase_entail": ["が", "を"], "role_distribution@jawiki": ["が", "を"]}	391
接近する	615	P	DECIDED	estimated	P_MOVE	gen_frame		P_MOVE	{"に": ["ARTIFACT", "PERSON", "PLACE"]}	{}	296
顔する	615	P	UNPLACED							{}	594
rebaseする	613	P	UNPLACED							{}	613
リダイレクトする	613	P	DECIDED	estimated	P_ACT	gen_frame	DISTRIBUTION_DISAGREES	P_ACT	{"を": ["ARTIFACT", "INFO_LANGUAGE"]}	{"role_distribution@codex:code_qa": ["を"]}	512
竣工する	612	P	UNPLACED							{}	612
参列する	610	P	DECIDED	estimated	P_ACT	gen_frame		P_ACT	{"に": ["EVENT_ACT", "GROUP_ORG", "PLACE"]}	{}	564
終端する	608	P	UNPLACED							{"role_distribution@codex:code": ["を"], "role_distribution@codex:code_qa": ["を"]}	442
参拝する	607	P	DECIDED	estimated	P_ACT	gen_frame		P_ACT	{"に": ["ARTIFACT", "PLACE"]}	{}	372
当選する	602	P	DECIDED	estimated	P_STATE	gen_frame		P_STATE	{"に": ["EVENT_ACT", "GROUP_ORG"]}	{}	481
デザインする	600	P	DECIDED	estimated	P_CREATE	gen_frame		P_CREATE	{"を": ["ABSTRACT", "ARTIFACT", "INFO_LANGUAGE", "WORK"]}	{}	589
主宰する	600	P	DECIDED	estimated	P_ACT	gen_frame		P_ACT	{"を": ["EVENT_ACT", "GROUP_ORG"]}	{}	597
発芽する	600	P	DECIDED	estimated	P_CHANGE	gen_frame		P_CHANGE		{}	278
反省する	599	P	DECIDED	estimated	P_COGNITION	gen_frame		P_COGNITION	{"を": ["ABSTRACT", "EVENT_ACT", "STATE_PROPERTY"]}	{}	284
上陸する	598	P	DECIDED	estimated	P_MOVE	gen_frame		P_MOVE	{"に": ["PLACE"]}	{}	322
変動する	596	P	DECIDED	estimated	P_CHANGE	gen_frame		P_CHANGE		{}	293
恋する	596	P	DECIDED	estimated	P_EMOTION	gen_frame		P_EMOTION	{"に": ["PERSON"]}	{}	578
多用する	595	P	DECIDED	estimated	P_ACT	gen_frame	DISTRIBUTION_DISAGREES	P_ACT	{"を": ["ABSTRACT", "ARTIFACT", "EVENT_ACT", "INFO_LANGUAGE"]}	{"role_distribution@codex:code": ["を"]}	316
進学する	595	P	DECIDED	estimated	P_MOVE	gen_frame		P_MOVE	{"に": ["GROUP_ORG", "INFO_LANGUAGE", "PLACE"]}	{}	546
仕事する	594	P	DECIDED	estimated	P_ACT	gen_frame		P_ACT	{"で": ["GROUP_ORG", "PLACE"], "を": ["ABSTRACT", "ARTIFACT", "EVENT_ACT"]}	{}	495
入居する	594	P	DECIDED	estimated	P_MOVE	gen_frame		P_MOVE	{"に": ["ARTIFACT", "PLACE"]}	{}	425
実感する	594	P	DECIDED	estimated	P_PERCEIVE	gen_frame		P_PERCEIVE	{"を": ["ABSTRACT", "EVENT_ACT", "STATE_PROPERTY"]}	{}	237
生活する	594	P	DECIDED	estimated	P_ACT	gen_frame		P_ACT	{"で": ["PLACE"], "を": ["ABSTRACT", "EVENT_ACT"]}	{}	398
象徴する	594	P	DECIDED	estimated	P_STATE	gen_frame		P_STATE	{"を": ["ABSTRACT", "ARTIFACT", "GROUP_ORG", "INFO_LANGUAGE", "PERSON"]}	{}	469
迂回する	594	P	DECIDED	estimated	P_MOVE	gen_frame	DISTRIBUTION_DISAGREES	P_MOVE	{"を": ["PLACE"]}	{"role_distribution@codex:code": ["を"]}	144
主演する	590	P	DECIDED	estimated	P_ACT	gen_frame		P_ACT	{"で": ["EVENT_ACT", "WORK"]}	{}	582
収納する	590	P	DECIDED	estimated	P_MOVE	gen_frame	DISTRIBUTION_DISAGREES	P_MOVE	{"に": ["ARTIFACT", "PLACE"], "を": ["ABSTRACT", "ARTIFACT", "SUBSTANCE_FOOD"]}	{"role_distribution@codex:figurative_commonsense": ["を"]}	276
復活する	589	P	DECIDED	estimated	P_CHANGE	gen_frame		P_CHANGE		{}	460
POSTする	587	P	DECIDED	estimated	P_ACT	gen_frame	DISTRIBUTION_DISAGREES	P_ACT		{"role_distribution@codex:code": ["を"], "role_distribution@codex:code_qa": ["を"]}	408
逆転する	585	P	DECIDED	estimated	P_CHANGE	gen_frame		P_CHANGE		{}	183
排出する	582	P	DECIDED	estimated	P_MOVE	gen_frame	DISTRIBUTION_DISAGREES	P_MOVE	{"から": ["ANIMAL", "ARTIFACT", "PERSON", "PLACE"], "を": ["ABSTRACT", "NATURAL_PHENOMENON", "SUBSTANCE_FOOD"]}	{"role_distribution@jawiki": ["を"]}	239
昇進する	582	P	DECIDED	estimated	P_CHANGE	gen_frame		P_CHANGE	{"に": ["GROUP_ORG", "STATE_PROPERTY"]}	{}	359
暗記する	582	P	DECIDED	estimated	P_COGNITION	gen_frame		P_COGNITION	{"を": ["ABSTRACT", "EVENT_ACT", "INFO_LANGUAGE"]}	{}	232
指導する	581	P	DECIDED	direct	P_COMMUNICATE	gen_frame,role_distribution@codex:paraphrase_entail		P_COMMUNICATE	{"に": ["GROUP_ORG", "PERSON"], "を": ["ABSTRACT", "EVENT_ACT", "GROUP_ORG", "PERSON"]}	{"role_distribution@codex:paraphrase_entail": ["を"]}	390
企画する	580	P	DECIDED	estimated	P_CREATE	gen_frame	DISTRIBUTION_DISAGREES	P_CREATE	{"を": ["ABSTRACT", "ARTIFACT", "EVENT_ACT", "WORK"]}	{"role_distribution@codex:paraphrase_entail": ["を"]}	391
転倒する	580	P	DECIDED	estimated	P_STATE	gen_frame		P_STATE	{"が": ["EVENT_ACT", "STATE_PROPERTY"]}	{}	297
変形する	579	P	DECIDED	estimated	P_CHANGE	gen_frame		P_CHANGE	{"が": ["ARTIFACT", "BODY_PART", "STATE_PROPERTY"]}	{}	233
接触する	578	P	DECIDED	estimated	P_ACT	gen_frame		P_ACT	{"が": ["ARTIFACT", "PERSON", "PLACE"], "に": ["ARTIFACT", "PERSON", "PLACE"]}	{}	227
通報する	578	P	DECIDED	estimated	P_COMMUNICATE	gen_frame	DISTRIBUTION_DISAGREES	P_COMMUNICATE	{"が": ["GROUP_ORG", "PERSON"], "を": ["ABSTRACT", "EVENT_ACT", "GROUP_ORG", "PERSON"]}	{"role_distribution@codex:general_qa": ["から"]}	376
向上する	577	P	DECIDED	estimated	P_CHANGE	gen_frame		P_CHANGE	{"が": ["ABSTRACT", "QUANTITY", "STATE_PROPERTY"]}	{}	479
委託する	577	P	DECIDED	estimated	P_GIVE	gen_frame		P_GIVE	{"が": ["GROUP_ORG", "PERSON"], "に": ["GROUP_ORG", "PERSON"], "を": ["ABSTRACT", "ARTIFACT", "EVENT_ACT"]}	{}	541
通行する	577	P	DECIDED	estimated	P_MOVE	gen_frame		P_MOVE	{"が": ["ANIMAL", "ARTIFACT", "GROUP_ORG", "PERSON"], "を": ["EVENT_ACT", "PLACE"]}	{}	317
息切れする	576	P	DECIDED	estimated	P_STATE	gen_frame		P_STATE	{"が": ["ANIMAL", "PERSON"]}	{}	411
転校する	576	P	DECIDED	estimated	P_MOVE	gen_frame		P_MOVE	{"が": ["PERSON"], "に": ["GROUP_ORG", "PLACE"]}	{}	414
対抗する	574	P	DECIDED	estimated	P_ACT	gen_frame		P_ACT	{"が": ["GROUP_ORG", "PERSON"], "に": ["GROUP_ORG", "PERSON"]}	{}	471
投函する	572	P	DECIDED	estimated	P_MOVE	gen_frame		P_MOVE	{"が": ["GROUP_ORG", "PERSON"], "に": ["PLACE"], "を": ["ARTIFACT", "INFO_LANGUAGE"]}	{}	293
表彰する	571	P	DECIDED	direct	P_COMMUNICATE	gen_frame,role_distribution@codex:paraphrase_entail,role_distribution@jawiki		P_COMMUNICATE	{"が": ["GROUP_ORG", "PERSON"], "を": ["EVENT_ACT", "GROUP_ORG", "PERSON"]}	{"role_distribution@codex:paraphrase_entail": ["が", "を"], "role_distribution@jawiki": ["を"]}	376
通信する	571	P	DECIDED	estimated	P_COMMUNICATE	gen_frame		P_COMMUNICATE	{"が": ["ARTIFACT", "GROUP_ORG", "PERSON"], "で": ["ARTIFACT", "INFO_LANGUAGE"], "と": ["GROUP_ORG", "PERSON"]}	{}	207
合図する	570	P	DECIDED	estimated	P_COMMUNICATE	gen_frame		P_COMMUNICATE	{"が": ["GROUP_ORG", "PERSON"], "で": ["ARTIFACT", "BODY_PART", "INFO_LANGUAGE"]}	{}	173
閉館する	569	P	DECIDED	estimated	P_STATE	gen_frame		P_STATE	{"が": ["ARTIFACT", "GROUP_ORG", "PLACE"]}	{}	214
撤去する	568	P	DECIDED	estimated	P_ACT	gen_frame		P_ACT	{"が": ["GROUP_ORG", "PERSON"], "を": ["ARTIFACT", "PLACE"]}	{}	263
参入する	567	P	DECIDED	estimated	P_MOVE	gen_frame		P_MOVE	{"が": ["GROUP_ORG", "PERSON"], "に": ["ABSTRACT", "EVENT_ACT", "PLACE"]}	{}	566
チェックアウトする	564	P	DECIDED	estimated	P_MOVE	gen_frame		P_MOVE	{"が": ["PERSON"], "を": ["ARTIFACT", "PLACE"]}	{}	486
ヒットする	561	P	DECIDED	estimated	P_ACT	gen_frame		P_ACT	{"が": ["ANIMAL", "ARTIFACT", "PERSON"], "を": ["ARTIFACT", "INFO_LANGUAGE", "WORK"]}	{}	498
推奨する	559	P	DECIDED	estimated	P_COGNITION	gen_frame	DISTRIBUTION_DISAGREES	P_COGNITION	{"が": ["GROUP_ORG", "PERSON"], "を": ["ABSTRACT", "ARTIFACT", "EVENT_ACT", "STATE_PROPERTY"]}	{"role_distribution@jawiki": ["を"]}	274
やり取りする	557	P	DECIDED	estimated	P_GIVE	gen_frame	DISTRIBUTION_DISAGREES	P_GIVE	{"が": ["GROUP_ORG", "PERSON"], "と": ["GROUP_ORG", "PERSON"], "を": ["ARTIFACT", "INFO_LANGUAGE", "SUBSTANCE_FOOD"]}	{"role_distribution@codex:code": ["を"], "role_distribution@codex:general_qa": ["を"]}	296
返信する	556	P	DECIDED	estimated	P_COMMUNICATE	gen_frame		P_COMMUNICATE	{"が": ["GROUP_ORG", "PERSON"], "に": ["GROUP_ORG", "PERSON"], "を": ["INFO_LANGUAGE"]}	{}	204
補正する	553	P	DECIDED	estimated	P_CHANGE	gen_frame		P_CHANGE	{"が": ["ARTIFACT", "GROUP_ORG", "PERSON"], "を": ["ABSTRACT", "QUANTITY", "STATE_PROPERTY"]}	{}	266
二乗する	552	P	DECIDED	estimated	P_CHANGE	gen_frame		P_CHANGE	{"が": ["ABSTRACT", "QUANTITY"]}	{}	449
バックアップする	551	P	DECIDED	estimated	P_CREATE	gen_frame	DISTRIBUTION_DISAGREES	P_CREATE	{"が": ["GROUP_ORG", "PERSON"], "を": ["ABSTRACT", "ARTIFACT", "INFO_LANGUAGE"]}	{"role_distribution@codex:general_qa": ["を"]}	357
急増する	548	P	DECIDED	estimated	P_CHANGE	gen_frame		P_CHANGE	{"が": ["EVENT_ACT", "QUANTITY", "STATE_PROPERTY"]}	{}	443
遅延する	546	P	DECIDED	estimated	P_CHANGE	gen_frame		P_CHANGE	{"が": ["EVENT_ACT", "STATE_PROPERTY", "TIME"]}	{}	252
抱っこする	544	P	DECIDED	estimated	P_ACT	gen_frame	DISTRIBUTION_DISAGREES	P_ACT	{"が": ["ANIMAL", "PERSON"], "を": ["ANIMAL", "PERSON"]}	{"role_distribution@codex:conversation": ["を"], "role_distribution@codex:general_qa": ["を"]}	359
執行する	542	P	DECIDED	estimated	P_ACT	gen_frame	DISTRIBUTION_DISAGREES	P_ACT	{"が": ["GROUP_ORG", "PERSON"], "を": ["ABSTRACT", "ARTIFACT", "EVENT_ACT"]}	{"role_distribution@codex:general_qa": ["を"], "role_distribution@jawiki": ["を"]}	486
着地する	541	P	DECIDED	estimated	P_MOVE	gen_frame		P_MOVE	{"が": ["ANIMAL", "ARTIFACT", "PERSON"], "に": ["PLACE"]}	{}	184
供養する	540	P	DECIDED	estimated	P_ACT	gen_frame	DISTRIBUTION_DISAGREES	P_ACT	{"が": ["GROUP_ORG", "PERSON"], "を": ["ABSTRACT", "ANIMAL", "PERSON"]}	{"role_distribution@codex:general_qa": ["を", "に"]}	418
破損する	540	P	DECIDED	estimated	P_CHANGE	gen_frame		P_CHANGE	{"が": ["ARTIFACT", "BODY_PART", "PLACE"]}	{}	299
肯定する	537	P	DECIDED	estimated	P_COGNITION	gen_frame	DISTRIBUTION_DISAGREES	P_COGNITION	{"が": ["GROUP_ORG", "PERSON"], "を": ["ABSTRACT", "EVENT_ACT", "INFO_LANGUAGE"]}	{"role_distribution@codex:paraphrase_entail": ["を"]}	474
育成する	536	P	DECIDED	estimated	P_CREATE	gen_frame	DISTRIBUTION_DISAGREES	P_CREATE	{"が": ["GROUP_ORG", "PERSON"], "を": ["ABSTRACT", "ANIMAL", "PERSON", "PLANT"]}	{"role_distribution@jawiki": ["を"]}	518
休止する	535	P	DECIDED	estimated	P_STATE	gen_frame	DISTRIBUTION_DISAGREES	P_STATE	{"が": ["ARTIFACT", "EVENT_ACT", "GROUP_ORG"]}	{"role_distribution@jawiki": ["を"]}	368
転換する	533	P	DECIDED	estimated	P_CHANGE	gen_frame		P_CHANGE	{"が": ["ARTIFACT", "GROUP_ORG", "PERSON"], "に": ["ABSTRACT", "PLACE", "STATE_PROPERTY"], "を": ["ABSTRACT", "EVENT_ACT", "STATE_PROPERTY"]}	{}	301
前後する	532	P	DECIDED	estimated	P_STATE	gen_frame		P_STATE	{"が": ["EVENT_ACT", "QUANTITY", "TIME"], "と": ["EVENT_ACT", "QUANTITY", "TIME"]}	{}	198
詳述する	529	P	DECIDED	direct	P_COMMUNICATE	gen_frame,role_distribution@jawiki		P_COMMUNICATE	{"が": ["GROUP_ORG", "PERSON"], "を": ["ABSTRACT", "EVENT_ACT", "INFO_LANGUAGE"]}	{"role_distribution@jawiki": ["を"]}	524
開放する	527	P	DECIDED	estimated	P_CHANGE	gen_frame		P_CHANGE	{"が": ["GROUP_ORG", "PERSON"], "を": ["ABSTRACT", "ARTIFACT", "PLACE"]}	{}	289
反響する	526	P	DECIDED	estimated	P_PERCEIVE	gen_frame		P_PERCEIVE	{"が": ["INFO_LANGUAGE", "NATURAL_PHENOMENON", "SUBSTANCE_FOOD"], "に": ["ARTIFACT", "GROUP_ORG", "PERSON", "PLACE"]}	{}	382
panicする	524	P	DECIDED	estimated	P_EMOTION	gen_frame		P_EMOTION	{"が": ["ANIMAL", "PERSON"]}	{}	373
流用する	520	P	DECIDED	estimated	P_ACT	gen_frame	DISTRIBUTION_DISAGREES	P_ACT	{"を": ["ABSTRACT", "ARTIFACT", "INFO_LANGUAGE", "SUBSTANCE_FOOD"]}	{"role_distribution@jawiki": ["を"]}	354
成形する	519	P	DECIDED	estimated	P_CHANGE	gen_frame		P_CHANGE	{"を": ["ARTIFACT", "STATE_PROPERTY", "SUBSTANCE_FOOD"]}	{}	318
所管する	519	P	DECIDED	estimated	P_STATE	gen_frame	DISTRIBUTION_DISAGREES	P_STATE	{"を": ["ABSTRACT", "ARTIFACT", "EVENT_ACT"]}	{"role_distribution@codex:general_qa": ["を"]}	459
消毒する	517	P	DECIDED	estimated	P_ACT	gen_frame		P_ACT	{"を": ["ARTIFACT", "BODY_PART", "PLACE"]}	{}	210
応用する	516	P	DECIDED	estimated	P_ACT	gen_frame	DISTRIBUTION_DISAGREES	P_ACT	{"を": ["ABSTRACT", "ARTIFACT", "EVENT_ACT", "INFO_LANGUAGE"]}	{"role_distribution@jawiki": ["を"]}	467
上場する	513	P	DECIDED	estimated	P_CHANGE	gen_frame		P_CHANGE	{"が": ["ARTIFACT", "GROUP_ORG"], "に": ["GROUP_ORG", "PLACE"]}	{}	462
樹立する	513	P	DECIDED	estimated	P_CREATE	gen_frame	DISTRIBUTION_DISAGREES	P_CREATE	{"を": ["ABSTRACT", "ARTIFACT", "GROUP_ORG"]}	{"role_distribution@jawiki": ["を"]}	485
配分する	512	P	DECIDED	estimated	P_GIVE	gen_frame		P_GIVE	{"に": ["GROUP_ORG", "PERSON", "PLACE"], "を": ["ABSTRACT", "ARTIFACT", "QUANTITY", "SUBSTANCE_FOOD"]}	{}	366
完走する	510	P	DECIDED	estimated	P_MOVE	gen_frame	DISTRIBUTION_DISAGREES	P_MOVE	{"を": ["ARTIFACT", "EVENT_ACT", "PLACE"]}	{"role_distribution@codex:paraphrase_entail": ["が", "を"]}	461
適応する	510	P	DECIDED	estimated	P_CHANGE	gen_frame		P_CHANGE	{"に": ["EVENT_ACT", "GROUP_ORG", "PLACE", "STATE_PROPERTY"]}	{}	237
点在する	508	P	DECIDED	estimated	P_EXIST	gen_frame		P_EXIST	{"が": ["ABSTRACT", "ARTIFACT", "PLACE"], "に": ["PLACE"]}	{}	352
一覧する	507	P	DECIDED	estimated	P_PERCEIVE	gen_frame		P_PERCEIVE	{"を": ["ARTIFACT", "INFO_LANGUAGE", "WORK"]}	{}	320
相続する	507	P	DECIDED	estimated	P_GIVE	gen_frame	DISTRIBUTION_DISAGREES	P_GIVE	{"から": ["GROUP_ORG", "PERSON"], "を": ["ABSTRACT", "ARTIFACT", "QUANTITY", "SUBSTANCE_FOOD"]}	{"role_distribution@codex:general_qa": ["を"]}	245
負傷する	507	P	DECIDED	estimated	P_CHANGE	gen_frame		P_CHANGE	{"が": ["ANIMAL", "PERSON"], "を": ["BODY_PART"]}	{}	343
示唆する	506	P	DECIDED	estimated	P_COMMUNICATE	gen_frame		P_COMMUNICATE	{"が": ["ABSTRACT", "EVENT_ACT", "INFO_LANGUAGE"]}	{}	483
就役する	504	P	DECIDED	estimated	P_CHANGE	gen_frame		P_CHANGE	{"が": ["ARTIFACT", "GROUP_ORG"]}	{}	504
化けする	502	P	UNPLACED							{}	383
補強する	500	P	DECIDED	estimated	P_CHANGE	gen_frame		P_CHANGE	{"を": ["ABSTRACT", "ARTIFACT", "BODY_PART", "PLACE"]}	{}	126
建立する	499	P	DECIDED	estimated	P_CREATE	gen_frame		P_CREATE	{"を": ["ARTIFACT", "PLACE"]}	{}	462
マスクする	492	P	DECIDED	estimated	P_STATE	gen_frame		P_STATE	{"を": ["ARTIFACT", "BODY_PART", "INFO_LANGUAGE", "SUBSTANCE_FOOD"]}	{}	321
強化する	492	P	DECIDED	estimated	P_CHANGE	gen_frame		P_CHANGE	{"を": ["ABSTRACT", "ARTIFACT", "BODY_PART", "STATE_PROPERTY"]}	{}	400
堆積する	491	P	DECIDED	estimated	P_EXIST	gen_frame		P_EXIST	{"が": ["ARTIFACT", "NATURAL_PHENOMENON", "SUBSTANCE_FOOD"], "に": ["PLACE"]}	{}	279
残業する	491	P	DECIDED	estimated	P_ACT	gen_frame		P_ACT	{"を": ["EVENT_ACT", "TIME"]}	{}	302
除算する	491	P	DECIDED	estimated	P_ACT	gen_frame		P_ACT	{"を": ["ABSTRACT", "QUANTITY"]}	{}	247
欠航する	489	P	DECIDED	estimated	P_CHANGE	gen_frame		P_CHANGE	{"が": ["ARTIFACT", "EVENT_ACT"]}	{}	310
支給する	487	P	DECIDED	estimated	P_GIVE	gen_frame		P_GIVE	{"に": ["GROUP_ORG", "PERSON"], "を": ["ABSTRACT", "ARTIFACT", "QUANTITY", "SUBSTANCE_FOOD"]}	{}	271
参りする	485	P	UNPLACED							{}	211
導出する	485	P	DECIDED	estimated	P_COGNITION	gen_frame		P_COGNITION	{"から": ["ABSTRACT", "INFO_LANGUAGE", "QUANTITY"], "を": ["ABSTRACT", "EVENT_ACT", "INFO_LANGUAGE", "QUANTITY"]}	{}	343
明言する	482	P	DECIDED	estimated	P_COMMUNICATE	gen_frame		P_COMMUNICATE	{"を": ["ABSTRACT", "EVENT_ACT", "INFO_LANGUAGE"]}	{}	435
審議する	481	P	DECIDED	estimated	P_COGNITION	gen_frame	DISTRIBUTION_DISAGREES	P_COGNITION	{"を": ["ABSTRACT", "EVENT_ACT", "INFO_LANGUAGE"]}	{"role_distribution@codex:general_qa": ["を"]}	406
処刑する	480	P	DECIDED	estimated	P_ACT	gen_frame		P_ACT	{"を": ["ANIMAL", "GROUP_ORG", "PERSON"]}	{}	428
来日する	480	P	DECIDED	estimated	P_MOVE	gen_frame		P_MOVE	{"が": ["GROUP_ORG", "PERSON"], "へ": ["PLACE"]}	{}	458
譲渡する	480	P	DECIDED	estimated	P_GIVE	gen_frame		P_GIVE	{"に": ["GROUP_ORG", "PERSON"], "を": ["ABSTRACT", "ARTIFACT", "QUANTITY", "SUBSTANCE_FOOD"]}	{}	445
プロデュースする	478	P	DECIDED	estimated	P_CREATE	gen_frame	DISTRIBUTION_DISAGREES	P_CREATE	{"を": ["ARTIFACT", "EVENT_ACT", "INFO_LANGUAGE", "WORK"]}	{"role_distribution@jawiki": ["が", "を"]}	474
制約する	478	P	DECIDED	estimated	P_ACT	gen_frame		P_ACT	{"を": ["ABSTRACT", "EVENT_ACT", "GROUP_ORG", "PERSON"]}	{}	387
対比する	478	P	DECIDED	estimated	P_COGNITION	gen_frame		P_COGNITION	{"と": ["ABSTRACT", "ARTIFACT", "EVENT_ACT", "STATE_PROPERTY"], "を": ["ABSTRACT", "ARTIFACT", "EVENT_ACT", "STATE_PROPERTY"]}	{}	319
感心する	477	P	DECIDED	estimated	P_EMOTION	gen_frame		P_EMOTION	{"に": ["GROUP_ORG", "PERSON"]}	{}	160
飛行する	476	P	DECIDED	estimated	P_MOVE	gen_frame		P_MOVE	{"を": ["ARTIFACT", "NATURAL_PHENOMENON", "PLACE"]}	{}	436
異動する	475	P	DECIDED	direct	P_MOVE	gen_frame,role_distribution@codex:paraphrase_entail		P_MOVE	{"が": ["GROUP_ORG", "PERSON"], "に": ["GROUP_ORG", "PLACE"]}	{"role_distribution@codex:paraphrase_entail": ["へ"]}	237
自生する	475	P	DECIDED	estimated	P_EXIST	gen_frame		P_EXIST	{"が": ["ANIMAL", "PLANT"], "に": ["PLACE"]}	{}	391
連動する	474	P	DECIDED	estimated	P_STATE	gen_frame		P_STATE	{"が": ["ABSTRACT", "ARTIFACT", "EVENT_ACT"], "と": ["ABSTRACT", "ARTIFACT", "EVENT_ACT"]}	{}	165
閉校する	473	P	DECIDED	estimated	P_CHANGE	gen_frame		P_CHANGE	{"が": ["GROUP_ORG", "PLACE"]}	{}	465
発揮する	472	P	DECIDED	estimated	P_ACT	gen_frame	DISTRIBUTION_DISAGREES	P_ACT	{"が": ["GROUP_ORG", "PERSON"], "を": ["ABSTRACT", "ARTIFACT", "STATE_PROPERTY"]}	{"role_distribution@codex:figurative_commonsense": ["を"], "role_distribution@jawiki": ["を"]}	366
声がけする	470	P	DECIDED	estimated	P_COMMUNICATE	gen_frame		P_COMMUNICATE	{"が": ["GROUP_ORG", "PERSON"], "に": ["PERSON"]}	{}	457
崩壊する	467	P	DECIDED	estimated	P_CHANGE	gen_frame		P_CHANGE	{"が": ["ABSTRACT", "ARTIFACT", "GROUP_ORG", "PLACE"]}	{}	410
施錠する	467	P	DECIDED	estimated	P_ACT	gen_frame		P_ACT	{"が": ["PERSON"], "を": ["ARTIFACT", "PLACE"]}	{}	243
略称する	467	P	UNPLACED							{}	467
邪魔する	467	P	DECIDED	estimated	P_ACT	gen_frame	DISTRIBUTION_DISAGREES	P_ACT	{"が": ["GROUP_ORG", "PERSON"], "を": ["ABSTRACT", "ARTIFACT", "EVENT_ACT", "PERSON"]}	{"role_distribution@codex:pro": ["を"]}	162
配備する	467	P	DECIDED	estimated	P_ACT	gen_frame		P_ACT	{"が": ["GROUP_ORG", "PERSON"], "に": ["GROUP_ORG", "PLACE"], "を": ["ARTIFACT", "PERSON"]}	{}	413
ひがしする	466	P	UNPLACED							{}	466
征服する	465	P	DECIDED	estimated	P_ACT	gen_frame		P_ACT	{"が": ["GROUP_ORG", "PERSON"], "を": ["ABSTRACT", "GROUP_ORG", "PLACE"]}	{}	249
記憶する	463	P	DECIDED	estimated	P_COGNITION	gen_frame		P_COGNITION	{"が": ["PERSON"], "を": ["EVENT_ACT", "INFO_LANGUAGE", "PERSON"]}	{}	196
併合する	462	P	DECIDED	estimated	P_CHANGE	gen_frame		P_CHANGE	{"が": ["GROUP_ORG", "PLACE"], "を": ["GROUP_ORG", "PLACE"]}	{}	248
収蔵する	461	P	DECIDED	estimated	P_POSSESS	gen_frame		P_POSSESS	{"が": ["GROUP_ORG", "PERSON"], "を": ["ARTIFACT", "INFO_LANGUAGE", "WORK"]}	{}	452
浸水する	460	P	DECIDED	estimated	P_CHANGE	gen_frame		P_CHANGE	{"が": ["ARTIFACT", "PLACE"], "で": ["NATURAL_PHENOMENON", "SUBSTANCE_FOOD"]}	{}	260
縮小する	460	P	DECIDED	estimated	P_CHANGE	gen_frame	DISTRIBUTION_DISAGREES	P_CHANGE	{"が": ["ABSTRACT", "ARTIFACT", "QUANTITY", "STATE_PROPERTY"]}	{"role_distribution@codex:code": ["を"]}	214
要請する	457	P	DECIDED	direct	P_COMMUNICATE	gen_frame,role_distribution@codex:general_qa,role_distribution@jawiki		P_COMMUNICATE	{"が": ["GROUP_ORG", "PERSON"], "に": ["GROUP_ORG", "PERSON"], "を": ["ABSTRACT", "ARTIFACT", "EVENT_ACT"]}	{"role_distribution@codex:general_qa": ["を"], "role_distribution@jawiki": ["を", "に"]}	240
カットする	455	P	DECIDED	estimated	P_ACT	gen_frame		P_ACT	{"が": ["GROUP_ORG", "PERSON"], "を": ["ARTIFACT", "EVENT_ACT", "WORK"]}	{}	375
帰国する	453	P	DECIDED	estimated	P_MOVE	gen_frame		P_MOVE	{"から": ["PLACE"], "が": ["PERSON"], "へ": ["PLACE"]}	{}	303
鑑賞する	451	P	DECIDED	estimated	P_PERCEIVE	gen_frame	DISTRIBUTION_DISAGREES	P_PERCEIVE	{"が": ["GROUP_ORG", "PERSON"], "を": ["ARTIFACT", "WORK"]}	{"role_distribution@codex:figurative_commonsense": ["を"], "role_distribution@codex:paraphrase_entail": ["を"], "role_distribution@jawiki": ["を"]}	198
出資する	450	P	DECIDED	estimated	P_GIVE	gen_frame		P_GIVE	{"が": ["GROUP_ORG", "PERSON"], "に": ["ARTIFACT", "GROUP_ORG", "PERSON"], "を": ["ABSTRACT", "QUANTITY"]}	{}	407
阻害する	450	P	DECIDED	estimated	P_ACT	gen_frame	DISTRIBUTION_DISAGREES	P_ACT	{"が": ["EVENT_ACT", "GROUP_ORG", "PERSON", "STATE_PROPERTY"], "を": ["ABSTRACT", "EVENT_ACT", "PERSON", "STATE_PROPERTY"]}	{"role_distribution@jawiki": ["を"]}	446
改装する	448	P	DECIDED	estimated	P_CHANGE	gen_frame		P_CHANGE	{"が": ["GROUP_ORG", "PERSON"], "を": ["ARTIFACT", "PLACE"]}	{}	246
発信する	448	P	DECIDED	direct	P_COMMUNICATE	gen_frame,role_distribution@jawiki		P_COMMUNICATE	{"が": ["GROUP_ORG", "PERSON"], "に": ["GROUP_ORG", "PERSON"], "を": ["ABSTRACT", "ARTIFACT", "INFO_LANGUAGE"]}	{"role_distribution@jawiki": ["を"]}	358
rejectする	447	P	DECIDED	estimated	P_ACT	gen_frame		P_ACT	{"が": ["GROUP_ORG", "PERSON"], "を": ["ABSTRACT", "ARTIFACT", "INFO_LANGUAGE"]}	{}	319
実測する	447	P	DECIDED	estimated	P_PERCEIVE	gen_frame		P_PERCEIVE	{"が": ["GROUP_ORG", "PERSON"], "を": ["ARTIFACT", "PLACE", "QUANTITY", "SUBSTANCE_FOOD"]}	{}	435
補給する	447	P	DECIDED	estimated	P_GIVE	gen_frame	DISTRIBUTION_DISAGREES	P_GIVE	{"が": ["GROUP_ORG", "PERSON"], "に": ["GROUP_ORG", "PERSON", "PLACE"], "を": ["ARTIFACT", "QUANTITY", "SUBSTANCE_FOOD"]}	{"role_distribution@codex:paraphrase_entail": ["を"]}	184
出品する	446	P	DECIDED	estimated	P_ACT	gen_frame	DISTRIBUTION_DISAGREES	P_ACT	{"が": ["GROUP_ORG", "PERSON"], "に": ["GROUP_ORG", "PLACE"], "を": ["ARTIFACT", "SUBSTANCE_FOOD", "WORK"]}	{"role_distribution@jawiki": ["を"]}	381
手当てする	445	P	DECIDED	estimated	P_GIVE	gen_frame	DISTRIBUTION_DISAGREES	P_GIVE	{"が": ["GROUP_ORG", "PERSON"], "に": ["PERSON"], "を": ["ABSTRACT", "ARTIFACT", "QUANTITY", "SUBSTANCE_FOOD"]}	{"role_distribution@codex:paraphrase_entail": ["が", "を"]}	267
欠落する	445	P	DECIDED	estimated	P_EXIST	gen_frame		P_EXIST	{"が": ["ABSTRACT", "ARTIFACT", "STATE_PROPERTY"]}	{}	415
服用する	444	P	DECIDED	estimated	P_CONSUME	gen_frame	DISTRIBUTION_DISAGREES	P_CONSUME	{"が": ["PERSON"], "を": ["ARTIFACT", "SUBSTANCE_FOOD"]}	{"role_distribution@codex:paraphrase_entail": ["を", "に"]}	224
話する	443	P	UNPLACED							{}	299
エクスポートする	441	P	DECIDED	estimated	P_MOVE	gen_frame	DISTRIBUTION_DISAGREES	P_MOVE	{"が": ["GROUP_ORG", "PERSON"], "へ": ["PLACE"], "を": ["ABSTRACT", "ARTIFACT", "INFO_LANGUAGE"]}	{"role_distribution@codex:code": ["を"]}	429
入りする	435	P	UNPLACED							{}	405
同行する	434	P	DECIDED	estimated	P_MOVE	gen_frame		P_MOVE	{"が": ["GROUP_ORG", "PERSON"], "と": ["GROUP_ORG", "PERSON"], "へ": ["PLACE"]}	{}	108
退勤する	434	P	DECIDED	estimated	P_MOVE	gen_frame		P_MOVE	{"から": ["PLACE"], "が": ["PERSON"], "を": ["GROUP_ORG", "PLACE"]}	{}	246
郵送する	434	P	DECIDED	estimated	P_MOVE	gen_frame	DISTRIBUTION_DISAGREES	P_MOVE	{"が": ["GROUP_ORG", "PERSON"], "に": ["GROUP_ORG", "PERSON"], "を": ["ARTIFACT", "INFO_LANGUAGE", "WORK"]}	{"role_distribution@codex:conversation": ["を", "に"]}	170
クラッシュする	433	P	DECIDED	estimated	P_ACT	gen_frame		P_ACT	{"が": ["ABSTRACT", "ARTIFACT", "EVENT_ACT"]}	{}	293
上下する	433	P	DECIDED	estimated	P_CHANGE	gen_frame		P_CHANGE	{"が": ["ABSTRACT", "ARTIFACT", "QUANTITY", "STATE_PROPERTY"]}	{}	238
付加する	433	P	DECIDED	estimated	P_CREATE	gen_frame	DISTRIBUTION_DISAGREES	P_CREATE	{"に": ["ABSTRACT", "ARTIFACT"]}	{"role_distribution@codex:code": ["を", "に"]}	295
補足する	433	P	DECIDED	estimated	P_COMMUNICATE	gen_frame		P_COMMUNICATE	{"を": ["ABSTRACT", "INFO_LANGUAGE"]}	{}	205
辞退する	433	P	DECIDED	estimated	P_ACT	gen_frame	DISTRIBUTION_DISAGREES	P_ACT	{"を": ["ABSTRACT", "EVENT_ACT"]}	{"role_distribution@codex:general_qa": ["を"], "role_distribution@jawiki": ["を"]}	224
出土する	432	P	DECIDED	direct	P_MOVE	gen_frame,role_distribution@jawiki		P_MOVE	{"から": ["PLACE"]}	{"role_distribution@jawiki": ["から"]}	391
開閉する	432	P	DECIDED	estimated	P_ACT	gen_frame	DISTRIBUTION_DISAGREES	P_ACT	{"を": ["ARTIFACT"]}	{"role_distribution@codex:general_qa": ["を"], "role_distribution@codex:pro": ["を"]}	151
かわりする	430	P	UNPLACED							{"role_distribution@codex:pro": ["を"]}	155
改題する	430	P	DECIDED	estimated	P_CHANGE	gen_frame		P_CHANGE	{"を": ["WORK"]}	{}	429
警戒する	430	P	DECIDED	estimated	P_ACT	gen_frame		P_ACT	{"を": ["ABSTRACT", "ANIMAL", "GROUP_ORG", "PERSON"]}	{}	121
賛成する	430	P	DECIDED	estimated	P_STATE	gen_frame		P_STATE	{"に": ["ABSTRACT", "EVENT_ACT", "INFO_LANGUAGE"]}	{}	218
輸送する	430	P	DECIDED	estimated	P_MOVE	gen_frame		P_MOVE	{"から": ["PLACE"], "へ": ["PLACE"], "を": ["ARTIFACT", "GROUP_ORG", "PERSON"]}	{}	363
孤立する	429	P	DECIDED	estimated	P_STATE	gen_frame		P_STATE	{"に": ["ABSTRACT", "GROUP_ORG", "PLACE"]}	{}	159
発熱する	429	P	DECIDED	estimated	P_STATE	gen_frame		P_STATE	{"が": ["ANIMAL", "BODY_PART", "PERSON"]}	{}	267
遭遇する	429	P	DECIDED	estimated	P_ACT	gen_frame		P_ACT	{"に": ["ANIMAL", "EVENT_ACT", "PERSON", "PLACE"]}	{}	183
作動する	428	P	DECIDED	estimated	P_STATE	gen_frame		P_STATE	{"が": ["ARTIFACT"]}	{}	119
創作する	428	P	DECIDED	estimated	P_CREATE	gen_frame	DISTRIBUTION_DISAGREES	P_CREATE	{"を": ["ABSTRACT", "INFO_LANGUAGE", "WORK"]}	{"role_distribution@jawiki": ["を"]}	367
発症する	428	P	DECIDED	estimated	P_STATE	gen_frame	DISTRIBUTION_DISAGREES	P_STATE	{"が": ["ANIMAL", "PERSON"]}	{"role_distribution@jawiki": ["を"]}	360
師事する	426	P	DECIDED	estimated	P_COGNITION	gen_frame		P_COGNITION	{"に": ["PERSON"]}	{}	426
演算する	426	P	DECIDED	estimated	P_ACT	gen_frame		P_ACT	{"を": ["ABSTRACT", "QUANTITY"]}	{}	367
試作する	426	P	DECIDED	estimated	P_CREATE	gen_frame		P_CREATE	{"を": ["ABSTRACT", "ARTIFACT", "WORK"]}	{}	360
寝する	423	P	UNPLACED							{}	297
保障する	422	P	DECIDED	estimated	P_GIVE	gen_frame		P_GIVE	{"を": ["ABSTRACT", "EVENT_ACT", "GROUP_ORG", "PERSON"]}	{}	297
学習する	422	P	DECIDED	estimated	P_COGNITION	gen_frame		P_COGNITION	{"を": ["ABSTRACT", "ARTIFACT", "EVENT_ACT", "INFO_LANGUAGE"]}	{}	222
出入りする	421	P	DECIDED	estimated	P_MOVE	gen_frame		P_MOVE	{"に": ["ARTIFACT", "PLACE"]}	{}	146
着陸する	420	P	DECIDED	estimated	P_MOVE	gen_frame		P_MOVE	{"に": ["PLACE"]}	{}	175
運休する	420	P	DECIDED	estimated	P_STATE	gen_frame		P_STATE	{"が": ["EVENT_ACT"]}	{}	262
値引きする	419	P	DECIDED	estimated	P_CHANGE	gen_frame	DISTRIBUTION_DISAGREES	P_CHANGE	{"を": ["ARTIFACT", "SUBSTANCE_FOOD"]}	{"role_distribution@codex:paraphrase_entail": ["を"]}	254
波及する	419	P	DECIDED	estimated	P_MOVE	gen_frame		P_MOVE	{"に": ["ABSTRACT", "EVENT_ACT", "GROUP_ORG", "PLACE"]}	{}	341
近似する	419	P	DECIDED	estimated	P_STATE	gen_frame		P_STATE	{"と": ["ABSTRACT", "QUANTITY", "STATE_PROPERTY"]}	{}	222
寄付する	418	P	DECIDED	estimated	P_GIVE	gen_frame		P_GIVE	{"を": ["ABSTRACT", "EVENT_ACT", "GROUP_ORG", "PERSON"]}	{}	130
退去する	418	P	DECIDED	estimated	P_MOVE	gen_frame		P_MOVE	{"から": ["ARTIFACT", "GROUP_ORG", "PLACE"]}	{}	127
応募する	417	P	DECIDED	estimated	P_COMMUNICATE	gen_frame		P_COMMUNICATE	{"に": ["ARTIFACT", "EVENT_ACT", "GROUP_ORG", "WORK"]}	{}	150
創始する	416	P	DECIDED	estimated	P_CREATE	gen_frame		P_CREATE	{"を": ["ABSTRACT", "EVENT_ACT", "GROUP_ORG"]}	{}	398
発覚する	416	P	DECIDED	estimated	P_COGNITION	gen_frame		P_COGNITION	{"が": ["ABSTRACT", "EVENT_ACT", "INFO_LANGUAGE"]}	{}	404
スキップする	415	P	DECIDED	estimated	P_ACT	gen_frame	DISTRIBUTION_DISAGREES	P_ACT	{"を": ["ARTIFACT", "INFO_LANGUAGE", "WORK"]}	{"role_distribution@codex:code": ["を"], "role_distribution@codex:code_qa": ["を"]}	252
長押する	415	P	DECIDED	estimated	P_ACT	gen_frame		P_ACT	{"を": ["ARTIFACT", "EVENT_ACT"]}	{}	272
在住する	414	P	DECIDED	estimated	P_EXIST	gen_frame		P_EXIST	{"に": ["PLACE"]}	{}	414
共演する	413	P	DECIDED	estimated	P_ACT	gen_frame		P_ACT	{"と": ["GROUP_ORG", "PERSON"]}	{}	403
直訳する	413	P	DECIDED	estimated	P_COMMUNICATE	gen_frame		P_COMMUNICATE	{"に": ["INFO_LANGUAGE", "WORK"], "を": ["INFO_LANGUAGE", "WORK"]}	{}	388
補修する	413	P	DECIDED	estimated	P_CHANGE	gen_frame		P_CHANGE	{"を": ["ARTIFACT", "PLACE"]}	{}	187
議論する	413	P	DECIDED	direct	P_COMMUNICATE	gen_frame,role_distribution@codex:general_qa		P_COMMUNICATE	{"を": ["ABSTRACT", "EVENT_ACT", "INFO_LANGUAGE"]}	{"role_distribution@codex:general_qa": ["を"]}	278
世話する	412	P	DECIDED	estimated	P_ACT	gen_frame		P_ACT	{"を": ["ANIMAL", "PERSON", "PLANT"]}	{}	146
同意する	412	P	DECIDED	estimated	P_COGNITION	gen_frame		P_COGNITION	{"に": ["GROUP_ORG", "PERSON"]}	{}	181
自称する	412	P	DECIDED	estimated	P_COMMUNICATE	gen_frame		P_COMMUNICATE	{"を": ["GROUP_ORG", "PERSON"]}	{}	408
出走する	411	P	DECIDED	estimated	P_MOVE	gen_frame		P_MOVE	{"に": ["EVENT_ACT"]}	{}	404
募集する	410	P	DECIDED	direct	P_COMMUNICATE	gen_frame,role_distribution@codex:general_qa		P_COMMUNICATE	{"を": ["GROUP_ORG", "PERSON"]}	{"role_distribution@codex:general_qa": ["を"]}	220
クレジットする	409	P	DECIDED	estimated	P_ACT	gen_frame		P_ACT	{"を": ["ABSTRACT", "ARTIFACT"]}	{}	407
密着する	409	P	DECIDED	estimated	P_ACT	gen_frame		P_ACT	{"に": ["ARTIFACT", "BODY_PART"]}	{}	213
箱詰めする	409	P	DECIDED	estimated	P_ACT	gen_frame	DISTRIBUTION_DISAGREES	P_ACT	{"を": ["ARTIFACT", "SUBSTANCE_FOOD"]}	{"role_distribution@codex:paraphrase_entail": ["を"]}	317
散布する	408	P	DECIDED	estimated	P_ACT	gen_frame	DISTRIBUTION_DISAGREES	P_ACT	{"を": ["ARTIFACT", "SUBSTANCE_FOOD"]}	{"role_distribution@codex:paraphrase_entail": ["を"]}	314
夜更かしする	405	P	DECIDED	estimated	P_ACT	gen_frame		P_ACT	{"を": ["TIME"]}	{}	238
ひと休みする	404	P	DECIDED	estimated	P_ACT	gen_frame		P_ACT		{}	150
マウントする	403	P	DECIDED	estimated	P_ACT	gen_frame		P_ACT	{"に": ["GROUP_ORG", "PERSON"]}	{}	383
撤退する	403	P	DECIDED	estimated	P_MOVE	gen_frame		P_MOVE	{"から": ["PLACE"]}	{}	380
放棄する	402	P	DECIDED	estimated	P_ACT	gen_frame	DISTRIBUTION_DISAGREES	P_ACT	{"を": ["ABSTRACT", "ARTIFACT"]}	{"role_distribution@codex:general_qa": ["を"]}	310
閉幕する	402	P	DECIDED	estimated	P_CHANGE	gen_frame		P_CHANGE		{}	401
リクエストする	399	P	DECIDED	estimated	P_COMMUNICATE	gen_frame		P_COMMUNICATE	{"を": ["GROUP_ORG", "PERSON"]}	{}	209
表明する	399	P	DECIDED	direct	P_COMMUNICATE	gen_frame,role_distribution@jawiki		P_COMMUNICATE	{"を": ["ABSTRACT", "INFO_LANGUAGE"]}	{"role_distribution@jawiki": ["を"]}	341
委譲する	396	P	DECIDED	estimated	P_GIVE	gen_frame		P_GIVE	{"に": ["GROUP_ORG", "PERSON"], "を": ["GROUP_ORG", "PERSON"]}	{}	349
改選する	395	P	DECIDED	estimated	P_ACT	gen_frame	DISTRIBUTION_DISAGREES	P_ACT	{"を": ["GROUP_ORG"]}	{"role_distribution@jawiki": ["を"]}	350
解約する	395	P	DECIDED	estimated	P_CHANGE	gen_frame		P_CHANGE	{"を": ["ABSTRACT", "ARTIFACT"]}	{}	192
携帯する	394	P	DECIDED	estimated	P_POSSESS	gen_frame	DISTRIBUTION_DISAGREES	P_POSSESS	{"を": ["ARTIFACT", "INFO_LANGUAGE"]}	{"role_distribution@codex:figurative_commonsense": ["を"], "role_distribution@codex:general_qa": ["を"], "role_distribution@codex:paraphrase_entail": ["が", "を"]}	123
策定する	393	P	DECIDED	estimated	P_CREATE	gen_frame		P_CREATE	{"を": ["ABSTRACT", "EVENT_ACT"]}	{}	383
損傷する	392	P	DECIDED	estimated	P_CHANGE	gen_frame		P_CHANGE	{"が": ["ARTIFACT", "BODY_PART", "PLACE"]}	{}	239
祝福する	392	P	DECIDED	estimated	P_GIVE	gen_frame	DISTRIBUTION_DISAGREES	P_GIVE	{"を": ["ABSTRACT", "GROUP_ORG", "PERSON"]}	{"role_distribution@codex:paraphrase_entail": ["が", "を"]}	278
返答する	392	P	DECIDED	estimated	P_COMMUNICATE	gen_frame		P_COMMUNICATE	{"に": ["GROUP_ORG", "PERSON"]}	{}	304
通称する	392	P	DECIDED	estimated	P_STATE	gen_frame		P_STATE	{"を": ["ABSTRACT", "ARTIFACT", "PERSON"]}	{}	391
配給する	392	P	DECIDED	estimated	P_GIVE	gen_frame		P_GIVE	{"に": ["GROUP_ORG", "PERSON"], "を": ["ARTIFACT", "SUBSTANCE_FOOD"]}	{}	389
中継する	391	P	DECIDED	direct	P_COMMUNICATE	gen_frame,role_distribution@jawiki		P_COMMUNICATE	{"を": ["EVENT_ACT", "INFO_LANGUAGE", "WORK"]}	{"role_distribution@jawiki": ["を"]}	153
申告する	391	P	DECIDED	direct	P_COMMUNICATE	gen_frame,role_distribution@codex:paraphrase_entail		P_COMMUNICATE	{"に": ["GROUP_ORG", "PERSON"], "を": ["ABSTRACT", "INFO_LANGUAGE"]}	{"role_distribution@codex:paraphrase_entail": ["を"]}	233
内見する	390	P	DECIDED	estimated	P_PERCEIVE	gen_frame		P_PERCEIVE	{"を": ["ARTIFACT", "PLACE"]}	{}	357
試食する	390	P	DECIDED	estimated	P_CONSUME	gen_frame	DISTRIBUTION_DISAGREES	P_CONSUME	{"を": ["SUBSTANCE_FOOD"]}	{"role_distribution@codex:paraphrase_entail": ["を"], "role_distribution@codex:pro": ["を", "で"]}	208
即位する	389	P	DECIDED	estimated	P_STATE	gen_frame		P_STATE	{"に": ["GROUP_ORG", "PLACE"]}	{}	336
改造する	389	P	DECIDED	estimated	P_CHANGE	gen_frame	DISTRIBUTION_DISAGREES	P_CHANGE	{"を": ["ARTIFACT"]}	{"role_distribution@jawiki": ["を"]}	380
付随する	387	P	DECIDED	estimated	P_EXIST	gen_frame		P_EXIST	{"に": ["ABSTRACT", "EVENT_ACT", "STATE_PROPERTY"]}	{}	257
公布する	386	P	DECIDED	estimated	P_COMMUNICATE	gen_frame	FRAME_PARTICLES_NOT_COVERED	P_COMMUNICATE	{"を": ["ABSTRACT", "INFO_LANGUAGE"]}	{"role_distribution@codex:general_qa": ["が", "を"]}	238
再発する	386	P	DECIDED	estimated	P_CHANGE	gen_frame		P_CHANGE	{"が": ["BODY_PART", "STATE_PROPERTY"]}	{}	191
概説する	386	P	DECIDED	direct	P_COMMUNICATE	gen_frame,role_distribution@jawiki		P_COMMUNICATE	{"を": ["ABSTRACT", "EVENT_ACT"]}	{"role_distribution@jawiki": ["を"]}	385
体験する	385	P	DECIDED	estimated	P_PERCEIVE	gen_frame		P_PERCEIVE	{"を": ["EVENT_ACT", "PLACE", "STATE_PROPERTY"]}	{}	167
キャプチャする	384	P	DECIDED	estimated	P_ACT	gen_frame		P_ACT	{"を": ["ARTIFACT", "INFO_LANGUAGE", "WORK"]}	{}	343
同梱する	384	P	DECIDED	estimated	P_ACT	gen_frame		P_ACT	{"に": ["ARTIFACT", "SUBSTANCE_FOOD"]}	{}	239
侵入する	383	P	DECIDED	estimated	P_MOVE	gen_frame		P_MOVE	{"に": ["ARTIFACT", "PLACE"]}	{}	319
印字する	382	P	DECIDED	estimated	P_CREATE	gen_frame		P_CREATE	{"に": ["ARTIFACT", "INFO_LANGUAGE"]}	{}	147
宿泊する	382	P	DECIDED	estimated	P_MOVE	gen_frame		P_MOVE	{"に": ["PLACE"]}	{}	244
着手する	382	P	DECIDED	estimated	P_ACT	gen_frame		P_ACT	{"に": ["ABSTRACT", "EVENT_ACT"]}	{}	211
移管する	382	P	DECIDED	estimated	P_MOVE	gen_frame	DISTRIBUTION_DISAGREES	P_MOVE	{"から": ["ARTIFACT", "GROUP_ORG", "PLACE"], "に": ["ARTIFACT", "GROUP_ORG", "PLACE"]}	{"role_distribution@jawiki": ["を", "に"]}	380
脱退する	382	P	DECIDED	estimated	P_ACT	gen_frame		P_ACT	{"から": ["GROUP_ORG"]}	{}	362
スケッチする	381	P	DECIDED	estimated	P_CREATE	gen_frame	DISTRIBUTION_DISAGREES	P_CREATE	{"を": ["ABSTRACT", "ARTIFACT", "INFO_LANGUAGE"]}	{"role_distribution@codex:narrative": ["を"]}	123
候補する	381	P	UNPLACED							{}	287
勃発する	381	P	DECIDED	estimated	P_EXIST	gen_frame		P_EXIST	{"が": ["ABSTRACT", "EVENT_ACT"]}	{}	376
周回する	379	P	DECIDED	estimated	P_MOVE	gen_frame		P_MOVE	{"を": ["ARTIFACT", "PLACE"]}	{}	199
密閉する	379	P	DECIDED	estimated	P_CHANGE	gen_frame	DISTRIBUTION_DISAGREES	P_CHANGE	{"を": ["ARTIFACT", "PLACE"]}	{"role_distribution@codex:figurative_commonsense": ["を"], "role_distribution@codex:general_qa": ["を"]}	197
予報する	378	P	DECIDED	direct	P_COMMUNICATE	gen_frame,role_distribution@codex:paraphrase_entail		P_COMMUNICATE	{"を": ["EVENT_ACT", "NATURAL_PHENOMENON"]}	{"role_distribution@codex:paraphrase_entail": ["を"]}	356
休館する	378	P	DECIDED	estimated	P_STATE	gen_frame		P_STATE	{"が": ["GROUP_ORG", "PLACE"]}	{}	303
治療する	378	P	DECIDED	estimated	P_ACT	gen_frame	DISTRIBUTION_DISAGREES	P_ACT	{"を": ["ANIMAL", "BODY_PART", "PERSON"]}	{"role_distribution@jawiki": ["を"]}	143
転職する	378	P	DECIDED	estimated	P_MOVE	gen_frame		P_MOVE	{"から": ["GROUP_ORG"], "へ": ["GROUP_ORG"]}	{}	242
匂いする	377	P	DECIDED	estimated	P_PERCEIVE	gen_frame		P_PERCEIVE	{"が": ["ARTIFACT", "BODY_PART", "NATURAL_PHENOMENON", "SUBSTANCE_FOOD"]}	{}	369
推薦する	377	P	DECIDED	estimated	P_COMMUNICATE	gen_frame	FRAME_PARTICLES_NOT_COVERED	P_COMMUNICATE	{"を": ["ABSTRACT", "GROUP_ORG", "PERSON", "WORK"]}	{"role_distribution@codex:paraphrase_entail": ["が", "を"]}	260
決め打ちする	377	P	DECIDED	estimated	P_COGNITION	gen_frame		P_COGNITION	{"を": ["ABSTRACT", "EVENT_ACT", "INFO_LANGUAGE"]}	{}	275
起因する	377	P	DECIDED	estimated	P_EXIST	gen_frame		P_EXIST	{"に": ["ABSTRACT", "EVENT_ACT", "STATE_PROPERTY"]}	{}	287
輸入する	377	P	DECIDED	direct	P_MOVE	gen_frame,role_distribution@jawiki		P_MOVE	{"から": ["GROUP_ORG", "PLACE"], "を": ["ARTIFACT", "SUBSTANCE_FOOD"]}	{"role_distribution@jawiki": ["から"]}	348
創造する	376	P	DECIDED	estimated	P_CREATE	gen_frame		P_CREATE	{"を": ["ABSTRACT", "ARTIFACT", "INFO_LANGUAGE", "WORK"]}	{}	374
食事する	376	P	DECIDED	estimated	P_CONSUME	gen_frame		P_CONSUME	{"を": ["SUBSTANCE_FOOD"]}	{}	336
作出する	375	P	DECIDED	estimated	P_CREATE	gen_frame		P_CREATE	{"を": ["ABSTRACT", "ANIMAL", "PLANT"]}	{}	375
発注する	375	P	DECIDED	estimated	P_COMMUNICATE	gen_frame		P_COMMUNICATE	{"に": ["GROUP_ORG", "PERSON"], "を": ["ARTIFACT", "EVENT_ACT", "SUBSTANCE_FOOD"]}	{}	207
目撃する	375	P	DECIDED	estimated	P_PERCEIVE	gen_frame	DISTRIBUTION_DISAGREES	P_PERCEIVE	{"を": ["ANIMAL", "EVENT_ACT", "NATURAL_PHENOMENON", "PERSON"]}	{"role_distribution@codex:general_qa": ["を"], "role_distribution@codex:paraphrase_entail": ["を"], "role_distribution@jawiki": ["を"]}	166
入社する	374	P	DECIDED	estimated	P_MOVE	gen_frame		P_MOVE	{"に": ["GROUP_ORG", "PLACE"]}	{}	266
アップする	373	P	DECIDED	estimated	P_CHANGE	gen_frame		P_CHANGE	{"を": ["ARTIFACT", "INFO_LANGUAGE", "WORK"]}	{}	200
出店する	373	P	DECIDED	estimated	P_MOVE	gen_frame		P_MOVE	{"に": ["PLACE"]}	{}	233
墜落する	373	P	DECIDED	estimated	P_MOVE	gen_frame		P_MOVE	{"から": ["ARTIFACT", "PLACE"], "に": ["PLACE"]}	{}	369
分裂する	371	P	DECIDED	estimated	P_CHANGE	gen_frame		P_CHANGE	{"が": ["ABSTRACT", "ANIMAL", "GROUP_ORG", "PLANT"]}	{}	284
近接する	371	P	DECIDED	estimated	P_STATE	gen_frame		P_STATE	{"に": ["ARTIFACT", "PLACE"]}	{}	255
値上がりする	369	P	DECIDED	estimated	P_CHANGE	gen_frame		P_CHANGE	{"が": ["ARTIFACT", "SUBSTANCE_FOOD"]}	{}	243
みなみする	368	P	UNPLACED							{}	368
パンクする	368	P	DECIDED	estimated	P_CHANGE	gen_frame		P_CHANGE	{"が": ["ARTIFACT", "BODY_PART"]}	{}	167
色分けする	367	P	DECIDED	estimated	P_CHANGE	gen_frame	DISTRIBUTION_DISAGREES	P_CHANGE	{"で": ["INFO_LANGUAGE", "STATE_PROPERTY"], "を": ["ABSTRACT", "ARTIFACT", "INFO_LANGUAGE"]}	{"role_distribution@codex:code": ["を"]}	221
閲覧する	367	P	DECIDED	estimated	P_PERCEIVE	gen_frame	DISTRIBUTION_DISAGREES	P_PERCEIVE	{"を": ["ARTIFACT", "INFO_LANGUAGE", "WORK"]}	{"role_distribution@codex:paraphrase_entail": ["を", "で"], "role_distribution@jawiki": ["を"]}	149
兼任する	364	P	DECIDED	estimated	P_STATE	gen_frame	DISTRIBUTION_DISAGREES	P_STATE	{"を": ["ABSTRACT", "GROUP_ORG", "PERSON"]}	{"role_distribution@jawiki": ["を"]}	355
交付する	363	P	DECIDED	estimated	P_GIVE	gen_frame		P_GIVE	{"に": ["GROUP_ORG", "PERSON"], "を": ["ABSTRACT", "ARTIFACT", "INFO_LANGUAGE"]}	{}	182
代替する	362	P	DECIDED	estimated	P_CHANGE	gen_frame	DISTRIBUTION_DISAGREES	P_CHANGE	{"に": ["ABSTRACT", "ARTIFACT", "EVENT_ACT", "SUBSTANCE_FOOD"], "を": ["ABSTRACT", "ARTIFACT", "EVENT_ACT", "SUBSTANCE_FOOD"]}	{"role_distribution@codex:code": ["を"]}	212
暗殺する	362	P	DECIDED	estimated	P_ACT	gen_frame	DISTRIBUTION_DISAGREES	P_ACT	{"を": ["GROUP_ORG", "PERSON"]}	{"role_distribution@jawiki": ["を"]}	311
防止する	361	P	DECIDED	estimated	P_ACT	gen_frame	DISTRIBUTION_DISAGREES	P_ACT	{"を": ["ABSTRACT", "EVENT_ACT"]}	{"role_distribution@jawiki": ["を"]}	306
通勤する	359	P	DECIDED	estimated	P_MOVE	gen_frame		P_MOVE	{"に": ["PLACE"], "へ": ["PLACE"]}	{}	121
交渉する	358	P	DECIDED	estimated	P_COMMUNICATE	gen_frame		P_COMMUNICATE	{"と": ["GROUP_ORG", "PERSON"], "に": ["GROUP_ORG", "PERSON"]}	{}	121
落下する	358	P	DECIDED	estimated	P_MOVE	gen_frame		P_MOVE	{"から": ["PLACE"]}	{}	186
開封する	358	P	DECIDED	estimated	P_ACT	gen_frame		P_ACT	{"を": ["ARTIFACT", "WORK"]}	{}	111
助言する	357	P	DECIDED	estimated	P_COMMUNICATE	gen_frame		P_COMMUNICATE	{"に": ["GROUP_ORG", "PERSON"], "を": ["GROUP_ORG", "PERSON"]}	{}	147
摂取する	355	P	DECIDED	estimated	P_CONSUME	gen_frame	DISTRIBUTION_DISAGREES	P_CONSUME	{"を": ["SUBSTANCE_FOOD"]}	{"role_distribution@jawiki": ["を"]}	226
冬眠する	354	P	DECIDED	estimated	P_STATE	gen_frame		P_STATE	{"が": ["ANIMAL"]}	{}	185
散乱する	353	P	DECIDED	estimated	P_STATE	gen_frame		P_STATE	{"が": ["ARTIFACT", "SUBSTANCE_FOOD"]}	{}	170
送受信する	353	P	DECIDED	direct	P_COMMUNICATE	gen_frame,role_distribution@codex:code,role_distribution@codex:code_qa,role_distribution@codex:general_qa		P_COMMUNICATE	{"と": ["GROUP_ORG", "PERSON"], "を": ["ARTIFACT", "INFO_LANGUAGE"]}	{"role_distribution@codex:code": ["を"], "role_distribution@codex:code_qa": ["を"], "role_distribution@codex:general_qa": ["を"]}	130
再建する	352	P	DECIDED	estimated	P_CREATE	gen_frame		P_CREATE	{"を": ["ARTIFACT", "GROUP_ORG", "PLACE"]}	{}	316
可決する	352	P	DECIDED	estimated	P_ACT	gen_frame		P_ACT	{"が": ["GROUP_ORG"], "を": ["ABSTRACT", "INFO_LANGUAGE"]}	{}	184
下山する	351	P	DECIDED	estimated	P_MOVE	gen_frame		P_MOVE	{"から": ["PLACE"]}	{}	261
信用する	351	P	DECIDED	estimated	P_COGNITION	gen_frame		P_COGNITION	{"を": ["ABSTRACT", "GROUP_ORG", "INFO_LANGUAGE", "PERSON"]}	{}	260
投資する	351	P	DECIDED	estimated	P_ACT	gen_frame		P_ACT	{"に": ["ARTIFACT", "GROUP_ORG"], "を": ["ABSTRACT", "ARTIFACT"]}	{}	220
認可する	349	P	DECIDED	estimated	P_ACT	gen_frame		P_ACT	{"を": ["ABSTRACT", "EVENT_ACT", "GROUP_ORG", "PERSON"]}	{}	254
減速する	348	P	DECIDED	estimated	P_CHANGE	gen_frame		P_CHANGE	{"が": ["ANIMAL", "ARTIFACT"]}	{}	129
苦笑する	348	P	DECIDED	estimated	P_EMOTION	gen_frame		P_EMOTION	{"が": ["PERSON"]}	{}	280
規制する	347	P	DECIDED	estimated	P_ACT	gen_frame	DISTRIBUTION_DISAGREES	P_ACT	{"を": ["ABSTRACT", "EVENT_ACT", "GROUP_ORG", "PERSON"]}	{"role_distribution@codex:general_qa": ["を"], "role_distribution@jawiki": ["を"]}	189
軽減する	347	P	DECIDED	estimated	P_CHANGE	gen_frame		P_CHANGE	{"を": ["ABSTRACT", "QUANTITY", "STATE_PROPERTY"]}	{}	181
追従する	347	P	DECIDED	estimated	P_ACT	gen_frame		P_ACT	{"に": ["GROUP_ORG", "PERSON"]}	{}	295
保留する	346	P	DECIDED	estimated	P_STATE	gen_frame	DISTRIBUTION_DISAGREES	P_STATE	{"を": ["ABSTRACT", "EVENT_ACT", "INFO_LANGUAGE"]}	{"role_distribution@codex:code": ["を"]}	173
酸化する	346	P	DECIDED	estimated	P_CHANGE	gen_frame	DISTRIBUTION_DISAGREES	P_CHANGE	{"が": ["SUBSTANCE_FOOD"]}	{"role_distribution@jawiki": ["を"]}	186
離婚する	346	P	DECIDED	estimated	P_STATE	gen_frame		P_STATE	{"と": ["PERSON"]}	{}	193
シャッフルする	345	P	DECIDED	estimated	P_ACT	gen_frame		P_ACT	{"を": ["ARTIFACT", "INFO_LANGUAGE"]}	{}	329
帰化する	345	P	DECIDED	estimated	P_CHANGE	gen_frame		P_CHANGE	{"に": ["GROUP_ORG", "PLACE"]}	{}	335
修了する	343	P	DECIDED	estimated	P_ACT	gen_frame		P_ACT	{"を": ["EVENT_ACT", "INFO_LANGUAGE"]}	{}	263
認証する	343	P	DECIDED	estimated	P_COGNITION	gen_frame		P_COGNITION	{"を": ["ARTIFACT", "GROUP_ORG", "INFO_LANGUAGE", "PERSON"]}	{}	151
結露する	341	P	DECIDED	estimated	P_CHANGE	gen_frame		P_CHANGE	{"が": ["ARTIFACT", "PLACE"]}	{}	142
分断する	340	P	DECIDED	estimated	P_CHANGE	gen_frame	DISTRIBUTION_DISAGREES	P_CHANGE	{"を": ["ABSTRACT", "ARTIFACT", "GROUP_ORG"]}	{"role_distribution@codex:code": ["を"], "role_distribution@codex:code_qa": ["を"]}	157
番する	340	P	DECIDED	estimated	P_ACT	gen_frame		P_ACT	{"を": ["ARTIFACT", "GROUP_ORG", "PLACE"]}	{}	122
養成する	338	P	DECIDED	estimated	P_CREATE	gen_frame	DISTRIBUTION_DISAGREES	P_CREATE	{"に": ["ABSTRACT", "EVENT_ACT"], "を": ["GROUP_ORG", "PERSON"]}	{"role_distribution@jawiki": ["を"]}	333
進水する	337	P	DECIDED	estimated	P_MOVE	gen_frame		P_MOVE	{"が": ["ARTIFACT"]}	{}	333
報道する	335	P	DECIDED	direct	P_COMMUNICATE	gen_frame,role_distribution@jawiki		P_COMMUNICATE	{"を": ["ABSTRACT", "EVENT_ACT", "INFO_LANGUAGE"]}	{"role_distribution@jawiki": ["を"]}	267
終結する	335	P	DECIDED	estimated	P_CHANGE	gen_frame		P_CHANGE	{"が": ["EVENT_ACT"]}	{}	240
入団する	334	P	DECIDED	estimated	P_MOVE	gen_frame		P_MOVE	{"に": ["GROUP_ORG"]}	{}	333
発着する	334	P	DECIDED	estimated	P_MOVE	gen_frame		P_MOVE	{"が": ["PLACE"]}	{}	283
クリアする	332	P	DECIDED	estimated	P_ACT	gen_frame	DISTRIBUTION_DISAGREES	P_ACT	{"を": ["ABSTRACT", "ARTIFACT", "EVENT_ACT"]}	{"role_distribution@codex:code": ["を"]}	215
信仰する	332	P	DECIDED	estimated	P_COGNITION	gen_frame	DISTRIBUTION_DISAGREES	P_COGNITION	{"を": ["ABSTRACT", "INFO_LANGUAGE"]}	{"role_distribution@jawiki": ["を"]}	296
感じする	330	P	UNPLACED							{}	275
散策する	330	P	DECIDED	estimated	P_MOVE	gen_frame		P_MOVE	{"を": ["PLACE"]}	{}	108
接着する	329	P	DECIDED	estimated	P_CHANGE	gen_frame	DISTRIBUTION_DISAGREES	P_CHANGE	{"と": ["ABSTRACT", "ARTIFACT", "SUBSTANCE_FOOD"]}	{"role_distribution@codex:general_qa": ["を"], "role_distribution@codex:paraphrase_entail": ["を"]}	120
真似する	329	P	DECIDED	estimated	P_ACT	gen_frame		P_ACT	{"を": ["ANIMAL", "ARTIFACT", "EVENT_ACT", "GROUP_ORG", "PERSON", "WORK"]}	{}	119
成熟する	328	P	DECIDED	estimated	P_CHANGE	gen_frame		P_CHANGE	{"が": ["ANIMAL", "PLANT", "STATE_PROPERTY", "SUBSTANCE_FOOD"]}	{}	170
シフトする	327	P	DECIDED	estimated	P_CHANGE	gen_frame		P_CHANGE	{"を": ["ABSTRACT", "ARTIFACT", "EVENT_ACT", "TIME"]}	{}	149
歓迎する	327	P	DECIDED	estimated	P_EMOTION	gen_frame		P_EMOTION	{"を": ["GROUP_ORG", "PERSON"]}	{}	137
産生する	327	P	DECIDED	estimated	P_CREATE	gen_frame	DISTRIBUTION_DISAGREES	P_CREATE	{"が": ["ABSTRACT", "ANIMAL", "BODY_PART", "PLANT", "SUBSTANCE_FOOD"]}	{"role_distribution@jawiki": ["を"]}	318
補助する	327	P	DECIDED	estimated	P_ACT	gen_frame	DISTRIBUTION_DISAGREES	P_ACT	{"を": ["ABSTRACT", "ANIMAL", "ARTIFACT", "EVENT_ACT", "GROUP_ORG", "PERSON"]}	{"role_distribution@codex:code": ["を"], "role_distribution@jawiki": ["を"]}	103
寄生する	326	P	DECIDED	estimated	P_EXIST	gen_frame		P_EXIST	{"に": ["ANIMAL", "PERSON", "PLANT"]}	{}	267
提携する	325	P	DECIDED	estimated	P_ACT	gen_frame		P_ACT	{"と": ["GROUP_ORG", "PERSON"]}	{}	315
描写する	324	P	DECIDED	estimated	P_COMMUNICATE	gen_frame		P_COMMUNICATE	{"を": ["ABSTRACT", "ANIMAL", "ARTIFACT", "EVENT_ACT", "INFO_LANGUAGE", "PERSON", "PLACE", "STATE_PROPERTY", "WORK"]}	{}	242
遮断する	323	P	DECIDED	estimated	P_ACT	gen_frame		P_ACT	{"を": ["ABSTRACT", "ARTIFACT", "EVENT_ACT", "INFO_LANGUAGE", "NATURAL_PHENOMENON"]}	{}	124
対策する	322	P	DECIDED	estimated	P_ACT	gen_frame		P_ACT	{"を": ["ABSTRACT", "EVENT_ACT", "STATE_PROPERTY"]}	{}	199
上達する	321	P	DECIDED	estimated	P_CHANGE	gen_frame		P_CHANGE	{"が": ["ABSTRACT", "ANIMAL", "ARTIFACT", "BODY_PART", "PERSON", "STATE_PROPERTY"]}	{}	138
割り算する	321	P	DECIDED	estimated	P_ACT	gen_frame		P_ACT	{"を": ["ABSTRACT", "QUANTITY"]}	{}	227
追放する	320	P	DECIDED	estimated	P_MOVE	gen_frame		P_MOVE	{"を": ["ANIMAL", "GROUP_ORG", "PERSON"]}	{}	298
審査する	319	P	DECIDED	estimated	P_COGNITION	gen_frame	DISTRIBUTION_DISAGREES	P_COGNITION	{"を": ["ABSTRACT", "ARTIFACT", "EVENT_ACT", "GROUP_ORG", "INFO_LANGUAGE", "PERSON", "WORK"]}	{"role_distribution@codex:general_qa": ["が", "を"]}	203
建国する	319	P	DECIDED	estimated	P_CREATE	gen_frame		P_CREATE	{"を": ["ABSTRACT", "ARTIFACT", "GROUP_ORG", "PLACE"]}	{}	309
引き算する	319	P	DECIDED	estimated	P_ACT	gen_frame		P_ACT	{"を": ["ABSTRACT", "QUANTITY"]}	{}	224
長居する	319	P	DECIDED	estimated	P_STATE	gen_frame		P_STATE	{"に": ["PLACE"]}	{}	180
イメージする	318	P	DECIDED	estimated	P_COGNITION	gen_frame		P_COGNITION	{"を": ["ABSTRACT", "ANIMAL", "ARTIFACT", "EVENT_ACT", "PERSON", "PLACE", "STATE_PROPERTY", "WORK"]}	{}	268
修復する	318	P	DECIDED	estimated	P_CHANGE	gen_frame	DISTRIBUTION_DISAGREES	P_CHANGE	{"を": ["ABSTRACT", "ARTIFACT", "INFO_LANGUAGE", "PLACE", "WORK"]}	{"role_distribution@codex:figurative_commonsense": ["を"], "role_distribution@codex:general_qa": ["を"]}	126
返還する	318	P	DECIDED	estimated	P_GIVE	gen_frame		P_GIVE	{"を": ["ABSTRACT", "ARTIFACT", "INFO_LANGUAGE", "WORK"]}	{}	177
発射する	317	P	DECIDED	estimated	P_MOVE	gen_frame	DISTRIBUTION_DISAGREES	P_MOVE	{"を": ["ABSTRACT", "ARTIFACT", "SUBSTANCE_FOOD"]}	{"role_distribution@jawiki": ["を"]}	304
出血する	316	P	DECIDED	estimated	P_STATE	gen_frame		P_STATE	{"が": ["ANIMAL", "BODY_PART", "PERSON"]}	{}	253
GETする	315	P	UNPLACED							{}	251
発送する	315	P	DECIDED	estimated	P_MOVE	gen_frame		P_MOVE	{"を": ["ARTIFACT", "INFO_LANGUAGE", "SUBSTANCE_FOOD", "WORK"]}	{}	158
録画する	315	P	DECIDED	estimated	P_CREATE	gen_frame	DISTRIBUTION_DISAGREES	P_CREATE	{"を": ["ARTIFACT", "EVENT_ACT", "WORK"]}	{"role_distribution@codex:general_qa": ["を"], "role_distribution@codex:paraphrase_entail": ["を"]}	96
発刊する	314	P	DECIDED	estimated	P_CREATE	gen_frame		P_CREATE	{"を": ["INFO_LANGUAGE", "WORK"]}	{}	314
ライズする	313	P	DECIDED	estimated	P_CHANGE	gen_frame		P_CHANGE	{"が": ["ABSTRACT", "ARTIFACT", "EVENT_ACT", "NATURAL_PHENOMENON", "STATE_PROPERTY"]}	{}	251
充実する	313	P	DECIDED	estimated	P_STATE	gen_frame		P_STATE	{"が": ["ABSTRACT", "STATE_PROPERTY"]}	{}	160
再編する	313	P	DECIDED	estimated	P_CHANGE	gen_frame	DISTRIBUTION_DISAGREES	P_CHANGE	{"を": ["ABSTRACT", "ARTIFACT", "EVENT_ACT", "GROUP_ORG"]}	{"role_distribution@jawiki": ["を"]}	266
礼する	313	P	DECIDED	estimated	P_GIVE	gen_frame		P_GIVE	{"を": ["GROUP_ORG", "PERSON"]}	{}	173
計上する	313	P	DECIDED	estimated	P_ACT	gen_frame		P_ACT	{"を": ["ABSTRACT", "EVENT_ACT", "QUANTITY"]}	{}	108
配達する	313	P	DECIDED	estimated	P_GIVE	gen_frame		P_GIVE	{"を": ["ARTIFACT", "INFO_LANGUAGE", "SUBSTANCE_FOOD", "WORK"]}	{}	62
音する	313	P	DECIDED	estimated	P_EXIST	gen_frame		P_EXIST	{"が": ["ANIMAL", "ARTIFACT", "NATURAL_PHENOMENON", "PERSON"]}	{}	244
味付けする	312	P	DECIDED	estimated	P_CHANGE	gen_frame	DISTRIBUTION_DISAGREES	P_CHANGE	{"に": ["SUBSTANCE_FOOD"]}	{"role_distribution@codex:paraphrase_entail": ["を"]}	108
段落する	312	P	UNPLACED							{}	212
破綻する	312	P	DECIDED	estimated	P_CHANGE	gen_frame		P_CHANGE	{"が": ["ABSTRACT", "EVENT_ACT", "STATE_PROPERTY"]}	{}	150
抗議する	311	P	DECIDED	estimated	P_COMMUNICATE	gen_frame		P_COMMUNICATE	{"に": ["GROUP_ORG", "PERSON"], "を": ["ABSTRACT", "EVENT_ACT", "STATE_PROPERTY"]}	{}	122
後述する	310	P	DECIDED	estimated	P_COMMUNICATE	gen_frame		P_COMMUNICATE	{"を": ["INFO_LANGUAGE"]}	{}	310
従軍する	310	P	DECIDED	estimated	P_ACT	gen_frame		P_ACT	{"に": ["EVENT_ACT", "GROUP_ORG"]}	{}	308
枝分かれする	310	P	DECIDED	estimated	P_CHANGE	gen_frame		P_CHANGE	{"が": ["ABSTRACT", "ARTIFACT", "PLANT"]}	{}	158
沈没する	308	P	DECIDED	estimated	P_CHANGE	gen_frame		P_CHANGE	{"が": ["ARTIFACT"]}	{}	299
水拭きする	307	P	DECIDED	estimated	P_ACT	gen_frame		P_ACT	{"を": ["ARTIFACT"]}	{}	163
発光する	307	P	DECIDED	estimated	P_EXIST	gen_frame		P_EXIST	{"が": ["ANIMAL", "ARTIFACT", "NATURAL_PHENOMENON", "STATE_PROPERTY", "SUBSTANCE_FOOD"]}	{}	191
加減する	306	P	DECIDED	estimated	P_ACT	gen_frame		P_ACT	{"を": ["ABSTRACT", "EVENT_ACT", "SUBSTANCE_FOOD"]}	{}	95
輸出する	306	P	DECIDED	estimated	P_MOVE	gen_frame		P_MOVE	{"から": ["GROUP_ORG", "PLACE"], "へ": ["GROUP_ORG", "PLACE"], "を": ["ARTIFACT", "PLANT", "SUBSTANCE_FOOD"]}	{}	275
まとめ買いする	305	P	DECIDED	estimated	P_ACT	gen_frame		P_ACT	{"を": ["ARTIFACT", "SUBSTANCE_FOOD"]}	{}	236
就航する	305	P	DECIDED	estimated	P_MOVE	gen_frame		P_MOVE	{"が": ["ARTIFACT"], "に": ["PLACE"]}	{}	300
読書する	305	P	DECIDED	estimated	P_PERCEIVE	gen_frame		P_PERCEIVE	{"を": ["INFO_LANGUAGE", "WORK"]}	{}	161
変色する	304	P	DECIDED	estimated	P_CHANGE	gen_frame		P_CHANGE	{"が": ["ARTIFACT", "BODY_PART", "PLANT", "STATE_PROPERTY", "SUBSTANCE_FOOD"]}	{}	129
始動する	304	P	DECIDED	estimated	P_ACT	gen_frame		P_ACT	{"が": ["ARTIFACT"]}	{}	182
リニューアルする	300	P	DECIDED	estimated	P_CHANGE	gen_frame		P_CHANGE	{"を": ["ABSTRACT", "ARTIFACT", "WORK"]}	{}	294
保全する	300	P	DECIDED	estimated	P_ACT	gen_frame	DISTRIBUTION_DISAGREES	P_ACT	{"を": ["ABSTRACT", "ARTIFACT", "NATURAL_PHENOMENON", "PLACE"]}	{"role_distribution@codex:code": ["を"]}	161
進化する	300	P	DECIDED	estimated	P_CHANGE	gen_frame		P_CHANGE	{"が": ["ABSTRACT", "ANIMAL", "PLANT"]}	{}	236
プレイする	298	P	DECIDED	estimated	P_ACT	gen_frame	DISTRIBUTION_DISAGREES	P_ACT	{"を": ["ARTIFACT", "EVENT_ACT", "WORK"]}	{"role_distribution@jawiki": ["を", "で"]}	294
伝承する	298	P	DECIDED	estimated	P_COMMUNICATE	gen_frame		P_COMMUNICATE	{"に": ["GROUP_ORG", "PERSON"], "を": ["ABSTRACT", "EVENT_ACT", "INFO_LANGUAGE"]}	{}	265
起訴する	298	P	DECIDED	estimated	P_ACT	gen_frame		P_ACT	{"を": ["PERSON"]}	{}	177
集合する	297	P	DECIDED	estimated	P_MOVE	gen_frame		P_MOVE	{"に": ["PLACE"]}	{}	143
チャージする	296	P	DECIDED	estimated	P_ACT	gen_frame		P_ACT	{"を": ["ARTIFACT", "QUANTITY", "SUBSTANCE_FOOD"]}	{}	215
収容する	296	P	DECIDED	estimated	P_MOVE	gen_frame	DISTRIBUTION_DISAGREES	P_MOVE	{"に": ["ARTIFACT", "PLACE"], "を": ["ANIMAL", "ARTIFACT", "PERSON", "SUBSTANCE_FOOD"]}	{"role_distribution@jawiki": ["を"]}	281
抵抗する	295	P	DECIDED	estimated	P_ACT	gen_frame		P_ACT	{"に": ["ABSTRACT", "EVENT_ACT", "GROUP_ORG", "PERSON"]}	{}	168
採点する	295	P	DECIDED	estimated	P_ACT	gen_frame	DISTRIBUTION_DISAGREES	P_ACT	{"を": ["EVENT_ACT", "INFO_LANGUAGE", "WORK"]}	{"role_distribution@codex:paraphrase_entail": ["を"]}	132
発掘する	295	P	DECIDED	estimated	P_ACT	gen_frame		P_ACT	{"を": ["ARTIFACT", "PLACE", "PLANT", "SUBSTANCE_FOOD"]}	{}	256
取引する	293	P	DECIDED	estimated	P_GIVE	gen_frame		P_GIVE	{"と": ["GROUP_ORG", "PERSON"], "を": ["ABSTRACT", "ARTIFACT", "SUBSTANCE_FOOD"]}	{}	157
プッシュする	292	P	DECIDED	estimated	P_ACT	gen_frame		P_ACT	{"を": ["ABSTRACT", "ARTIFACT", "BODY_PART"]}	{}	286
加速する	292	P	DECIDED	estimated	P_CHANGE	gen_frame		P_CHANGE	{"が": ["ABSTRACT", "ARTIFACT", "EVENT_ACT"]}	{}	139
召集する	292	P	DECIDED	estimated	P_ACT	gen_frame		P_ACT	{"を": ["GROUP_ORG", "PERSON"]}	{}	154
洗浄する	292	P	DECIDED	estimated	P_ACT	gen_frame	DISTRIBUTION_DISAGREES	P_ACT	{"を": ["ARTIFACT", "BODY_PART", "PLACE"]}	{"role_distribution@codex:general_qa": ["を"], "role_distribution@codex:paraphrase_entail": ["を"]}	176
包装する	291	P	DECIDED	estimated	P_ACT	gen_frame		P_ACT	{"を": ["ARTIFACT", "SUBSTANCE_FOOD", "WORK"]}	{}	164
取材する	291	P	DECIDED	estimated	P_PERCEIVE	gen_frame	DISTRIBUTION_DISAGREES	P_PERCEIVE	{"を": ["EVENT_ACT", "GROUP_ORG", "PERSON", "PLACE"]}	{"role_distribution@codex:paraphrase_entail": ["が", "を"]}	198
復唱する	291	P	DECIDED	direct	P_COMMUNICATE	gen_frame,role_distribution@codex:general_qa		P_COMMUNICATE	{"を": ["EVENT_ACT", "INFO_LANGUAGE"]}	{"role_distribution@codex:general_qa": ["を"]}	86
発進する	291	P	DECIDED	estimated	P_MOVE	gen_frame		P_MOVE	{"が": ["ARTIFACT"]}	{}	90
たかする	290	P	UNPLACED							{}	290
先回りする	290	P	DECIDED	estimated	P_MOVE	gen_frame		P_MOVE	{"に": ["EVENT_ACT", "GROUP_ORG", "PERSON", "PLACE"]}	{}	83
出航する	290	P	DECIDED	estimated	P_MOVE	gen_frame		P_MOVE	{"から": ["PLACE"], "が": ["ARTIFACT"]}	{}	143
大別する	290	P	DECIDED	estimated	P_COGNITION	gen_frame		P_COGNITION	{"を": ["ABSTRACT", "ARTIFACT", "EVENT_ACT"]}	{}	276
密集する	290	P	DECIDED	estimated	P_EXIST	gen_frame		P_EXIST	{"が": ["ANIMAL", "ARTIFACT", "GROUP_ORG", "PERSON", "PLANT"], "に": ["PLACE"]}	{}	110
送金する	290	P	DECIDED	estimated	P_GIVE	gen_frame		P_GIVE	{"に": ["GROUP_ORG", "PERSON"], "を": ["ARTIFACT", "QUANTITY", "SUBSTANCE_FOOD"]}	{}	173
運搬する	290	P	DECIDED	estimated	P_MOVE	gen_frame	DISTRIBUTION_DISAGREES	P_MOVE	{"から": ["GROUP_ORG", "PERSON", "PLACE"], "へ": ["GROUP_ORG", "PERSON", "PLACE"], "を": ["ARTIFACT", "SUBSTANCE_FOOD"]}	{"role_distribution@jawiki": ["を"]}	139
膨張する	289	P	DECIDED	estimated	P_CHANGE	gen_frame		P_CHANGE	{"が": ["ARTIFACT", "NATURAL_PHENOMENON", "SUBSTANCE_FOOD"]}	{}	168
自立する	289	P	DECIDED	estimated	P_STATE	gen_frame		P_STATE	{"が": ["ANIMAL", "GROUP_ORG", "PERSON"]}	{}	205
単離する	288	P	DECIDED	estimated	P_ACT	gen_frame		P_ACT	{"から": ["ABSTRACT", "SUBSTANCE_FOOD"], "を": ["ABSTRACT", "SUBSTANCE_FOOD"]}	{}	288
搭乗する	288	P	DECIDED	estimated	P_MOVE	gen_frame		P_MOVE	{"に": ["ARTIFACT", "GROUP_ORG", "PLACE"]}	{}	199
入手する	287	P	DECIDED	estimated	P_POSSESS	gen_frame	DISTRIBUTION_DISAGREES	P_POSSESS	{"から": ["GROUP_ORG", "PERSON", "PLACE"], "を": ["ABSTRACT", "ARTIFACT", "SUBSTANCE_FOOD"]}	{"role_distribution@jawiki": ["を"]}	148
亡命する	286	P	DECIDED	estimated	P_MOVE	gen_frame		P_MOVE	{"から": ["GROUP_ORG", "PLACE"], "へ": ["GROUP_ORG", "PLACE"]}	{}	286
補完する	286	P	DECIDED	estimated	P_ACT	gen_frame		P_ACT	{"を": ["ABSTRACT", "ARTIFACT", "INFO_LANGUAGE"]}	{}	132
転写する	286	P	DECIDED	estimated	P_CREATE	gen_frame		P_CREATE	{"から": ["ARTIFACT", "INFO_LANGUAGE"], "へ": ["ARTIFACT", "INFO_LANGUAGE"], "を": ["ARTIFACT", "INFO_LANGUAGE", "WORK"]}	{}	194
メールする	285	P	DECIDED	estimated	P_COMMUNICATE	gen_frame		P_COMMUNICATE	{"に": ["GROUP_ORG", "PERSON"], "を": ["ABSTRACT", "INFO_LANGUAGE"]}	{}	268
保温する	284	P	DECIDED	estimated	P_STATE	gen_frame		P_STATE	{"を": ["ANIMAL", "ARTIFACT", "PLACE"]}	{}	126
創建する	284	P	DECIDED	estimated	P_CREATE	gen_frame		P_CREATE	{"を": ["ARTIFACT", "PLACE"]}	{}	271
アップロードする	283	P	DECIDED	estimated	P_COMMUNICATE	gen_frame		P_COMMUNICATE	{"に": ["GROUP_ORG", "PLACE"], "を": ["ARTIFACT", "INFO_LANGUAGE"]}	{}	89
改正する	282	P	DECIDED	estimated	P_CHANGE	gen_frame	DISTRIBUTION_DISAGREES	P_CHANGE	{"を": ["ABSTRACT", "GROUP_ORG", "INFO_LANGUAGE"]}	{"role_distribution@jawiki": ["を"]}	242
補佐する	282	P	DECIDED	estimated	P_ACT	gen_frame		P_ACT	{"を": ["EVENT_ACT", "GROUP_ORG", "PERSON"]}	{}	159
開園する	282	P	DECIDED	estimated	P_CREATE	gen_frame		P_CREATE	{"を": ["ARTIFACT", "GROUP_ORG", "PLACE"]}	{}	180
駐車する	282	P	DECIDED	estimated	P_ACT	gen_frame		P_ACT	{"に": ["PLACE"], "を": ["ARTIFACT"]}	{}	140
実践する	281	P	DECIDED	estimated	P_ACT	gen_frame		P_ACT	{"を": ["ABSTRACT", "EVENT_ACT", "INFO_LANGUAGE"]}	{}	207
徴収する	281	P	DECIDED	estimated	P_GIVE	gen_frame		P_GIVE	{"から": ["GROUP_ORG", "PERSON"], "を": ["ABSTRACT", "QUANTITY", "SUBSTANCE_FOOD"]}	{}	135
断言する	281	P	DECIDED	estimated	P_COMMUNICATE	gen_frame		P_COMMUNICATE	{"と": ["ABSTRACT", "INFO_LANGUAGE"], "を": ["ABSTRACT", "INFO_LANGUAGE"]}	{}	133
こいする	279	P	UNPLACED							{}	279
催促する	279	P	DECIDED	direct	P_COMMUNICATE	gen_frame,role_distribution@codex:conversation		P_COMMUNICATE	{"に": ["GROUP_ORG", "PERSON"], "を": ["ABSTRACT", "EVENT_ACT"]}	{"role_distribution@codex:conversation": ["を", "に"]}	208
梱包する	278	P	DECIDED	estimated	P_ACT	gen_frame	DISTRIBUTION_DISAGREES	P_ACT	{"を": ["ARTIFACT", "SUBSTANCE_FOOD"]}	{"role_distribution@codex:paraphrase_entail": ["を"]}	155
まつする	277	P	UNPLACED							{}	277
受章する	277	P	DECIDED	estimated	P_GIVE	gen_frame		P_GIVE	{"を": ["PERSON"]}	{}	277
投与する	277	P	DECIDED	estimated	P_GIVE	gen_frame	DISTRIBUTION_DISAGREES	P_GIVE	{"に": ["ANIMAL", "PERSON"], "を": ["ARTIFACT", "SUBSTANCE_FOOD"]}	{"role_distribution@jawiki": ["を", "に"]}	233
描画する	277	P	DECIDED	estimated	P_CREATE	gen_frame		P_CREATE	{"を": ["ARTIFACT", "INFO_LANGUAGE", "WORK"]}	{}	188
改組する	277	P	DECIDED	estimated	P_CHANGE	gen_frame		P_CHANGE	{"を": ["GROUP_ORG"]}	{}	276
襲名する	277	P	DECIDED	estimated	P_CHANGE	gen_frame	DISTRIBUTION_DISAGREES	P_CHANGE	{"を": ["GROUP_ORG", "PERSON"]}	{"role_distribution@jawiki": ["が", "を"]}	277
パスする	276	P	DECIDED	estimated	P_ACT	gen_frame	DISTRIBUTION_DISAGREES	P_ACT	{"を": ["ARTIFACT", "EVENT_ACT", "INFO_LANGUAGE"]}	{"role_distribution@codex:figurative_commonsense": ["へ"]}	85
例示する	276	P	DECIDED	estimated	P_COMMUNICATE	gen_frame		P_COMMUNICATE	{"を": ["ABSTRACT", "EVENT_ACT", "INFO_LANGUAGE"]}	{}	143
改修する	276	P	DECIDED	estimated	P_CHANGE	gen_frame		P_CHANGE	{"を": ["ARTIFACT", "PLACE"]}	{}	170
牽引する	276	P	DECIDED	estimated	P_MOVE	gen_frame		P_MOVE	{"で": ["ARTIFACT", "PERSON"], "へ": ["PLACE"], "を": ["ANIMAL", "ARTIFACT", "PERSON"]}	{}	247
脱出する	276	P	DECIDED	estimated	P_MOVE	gen_frame		P_MOVE	{"から": ["ARTIFACT", "PLACE"], "を": ["ARTIFACT", "PLACE"]}	{}	167
一括する	275	P	DECIDED	estimated	P_ACT	gen_frame		P_ACT	{"を": ["ABSTRACT", "ARTIFACT", "QUANTITY"]}	{}	153
侵攻する	275	P	DECIDED	direct	P_MOVE	gen_frame,role_distribution@codex:general_qa		P_MOVE	{"に": ["GROUP_ORG", "PLACE"], "へ": ["GROUP_ORG", "PLACE"]}	{"role_distribution@codex:general_qa": ["へ"]}	218
繁栄する	274	P	DECIDED	estimated	P_STATE	gen_frame		P_STATE	{"が": ["GROUP_ORG", "PERSON", "PLACE", "PLANT"]}	{}	259
始末する	272	P	DECIDED	estimated	P_ACT	gen_frame		P_ACT	{"を": ["ABSTRACT", "ARTIFACT", "EVENT_ACT"]}	{}	149
混合する	272	P	DECIDED	estimated	P_CHANGE	gen_frame	DISTRIBUTION_DISAGREES	P_CHANGE	{"と": ["ABSTRACT", "SUBSTANCE_FOOD"], "を": ["ABSTRACT", "SUBSTANCE_FOOD"]}	{"role_distribution@jawiki": ["を"]}	258
休業する	271	P	DECIDED	estimated	P_STATE	gen_frame		P_STATE	{"が": ["GROUP_ORG", "PLACE"], "を": ["EVENT_ACT", "GROUP_ORG", "PLACE"]}	{}	176
増減する	271	P	DECIDED	estimated	P_CHANGE	gen_frame		P_CHANGE	{"が": ["ABSTRACT", "QUANTITY"]}	{}	153
留学する	271	P	DECIDED	estimated	P_MOVE	gen_frame		P_MOVE	{"が": ["PERSON"], "へ": ["PLACE"]}	{}	219
着目する	271	P	DECIDED	estimated	P_COGNITION	gen_frame		P_COGNITION	{"が": ["ABSTRACT", "INFO_LANGUAGE", "WORK"], "に": ["ABSTRACT", "INFO_LANGUAGE", "WORK"]}	{}	160
自殺する	271	P	DECIDED	estimated	P_ACT	gen_frame		P_ACT	{"が": ["ANIMAL", "PERSON"]}	{}	269
りゅうする	269	P	UNPLACED							{}	269
タップする	269	P	DECIDED	estimated	P_ACT	gen_frame		P_ACT	{"が": ["ARTIFACT", "BODY_PART"]}	{}	178
救出する	269	P	DECIDED	estimated	P_GIVE	gen_frame		P_GIVE	{"が": ["GROUP_ORG", "PERSON"], "を": ["ANIMAL", "PERSON"]}	{}	112
増殖する	268	P	DECIDED	estimated	P_CHANGE	gen_frame		P_CHANGE	{"が": ["ANIMAL", "PLANT", "SUBSTANCE_FOOD"]}	{}	158
補間する	268	P	DECIDED	estimated	P_ACT	gen_frame		P_ACT	{"が": ["ABSTRACT", "INFO_LANGUAGE", "QUANTITY"], "を": ["ABSTRACT", "INFO_LANGUAGE", "QUANTITY"]}	{}	154
卓越する	267	P	DECIDED	estimated	P_STATE	gen_frame		P_STATE	{"が": ["ABSTRACT", "GROUP_ORG", "PERSON", "STATE_PROPERTY"]}	{}	249
転居する	267	P	DECIDED	estimated	P_MOVE	gen_frame		P_MOVE	{"から": ["PLACE"], "が": ["GROUP_ORG", "PERSON"], "へ": ["PLACE"]}	{}	115
開花する	266	P	DECIDED	estimated	P_CHANGE	gen_frame		P_CHANGE	{"が": ["ABSTRACT", "PLANT"]}	{}	124
減算する	265	P	DECIDED	estimated	P_ACT	gen_frame		P_ACT	{"から": ["ABSTRACT", "QUANTITY"], "が": ["ABSTRACT", "QUANTITY"], "を": ["ABSTRACT", "QUANTITY"]}	{}	217
滅亡する	265	P	DECIDED	estimated	P_CHANGE	gen_frame		P_CHANGE	{"が": ["ABSTRACT", "GROUP_ORG"]}	{}	185
元気する	264	P	UNPLACED							{}	247
水やりする	264	P	DECIDED	estimated	P_ACT	gen_frame		P_ACT	{"が": ["PERSON"], "に": ["PLANT", "SUBSTANCE_FOOD"]}	{}	129
日持ちする	263	P	DECIDED	estimated	P_STATE	gen_frame		P_STATE	{"が": ["ARTIFACT", "SUBSTANCE_FOOD"]}	{}	169
くべつする	262	P	DECIDED	estimated	P_ACT	gen_frame		P_ACT	{"が": ["ABSTRACT", "INFO_LANGUAGE"]}	{}	262
照会する	262	P	DECIDED	estimated	P_COGNITION	gen_frame	DISTRIBUTION_DISAGREES	P_COGNITION	{"が": ["GROUP_ORG", "PERSON"], "を": ["ABSTRACT", "ARTIFACT", "INFO_LANGUAGE"]}	{"role_distribution@codex:code": ["を"], "role_distribution@codex:conversation": ["を"]}	122
包囲する	261	P	DECIDED	estimated	P_ACT	gen_frame		P_ACT	{"が": ["GROUP_ORG", "PERSON"], "を": ["GROUP_ORG", "PLACE"]}	{}	218
入荷する	260	P	DECIDED	estimated	P_MOVE	gen_frame		P_MOVE	{"が": ["ARTIFACT", "SUBSTANCE_FOOD"], "に": ["GROUP_ORG", "PLACE"]}	{}	156
売買する	260	P	DECIDED	estimated	P_GIVE	gen_frame		P_GIVE	{"が": ["GROUP_ORG", "PERSON"], "を": ["ABSTRACT", "ARTIFACT", "SUBSTANCE_FOOD"]}	{}	206
後ずさりする	260	P	DECIDED	estimated	P_MOVE	gen_frame		P_MOVE	{"が": ["ANIMAL", "PERSON"]}	{}	195
転向する	260	P	DECIDED	estimated	P_CHANGE	gen_frame		P_CHANGE	{"が": ["GROUP_ORG", "PERSON"], "に": ["ABSTRACT", "GROUP_ORG"]}	{}	258
仲直りする	259	P	DECIDED	estimated	P_CHANGE	gen_frame		P_CHANGE	{"が": ["GROUP_ORG", "PERSON"], "と": ["GROUP_ORG", "PERSON"]}	{}	115
捕獲する	258	P	DECIDED	estimated	P_ACT	gen_frame	DISTRIBUTION_DISAGREES	P_ACT	{"が": ["ANIMAL", "PERSON"], "を": ["ANIMAL"]}	{"role_distribution@jawiki": ["を"]}	195
統制する	258	P	DECIDED	estimated	P_ACT	gen_frame		P_ACT	{"が": ["GROUP_ORG", "PERSON"], "を": ["ABSTRACT", "GROUP_ORG", "PERSON"]}	{}	191
転用する	258	P	DECIDED	estimated	P_CHANGE	gen_frame		P_CHANGE	{"が": ["ABSTRACT", "ARTIFACT", "INFO_LANGUAGE"], "に": ["ABSTRACT", "EVENT_ACT"], "を": ["ABSTRACT", "ARTIFACT", "INFO_LANGUAGE"]}	{}	220
ミスする	257	P	DECIDED	estimated	P_ACT	gen_frame		P_ACT	{"が": ["GROUP_ORG", "PERSON"], "を": ["ARTIFACT", "EVENT_ACT", "INFO_LANGUAGE"]}	{}	109
命令する	257	P	DECIDED	estimated	P_COMMUNICATE	gen_frame		P_COMMUNICATE	{"が": ["GROUP_ORG", "PERSON"], "に": ["GROUP_ORG", "PERSON"], "を": ["ABSTRACT", "EVENT_ACT", "INFO_LANGUAGE"]}	{}	183
同定する	256	P	DECIDED	estimated	P_COGNITION	gen_frame		P_COGNITION	{"が": ["GROUP_ORG", "PERSON"], "を": ["ABSTRACT", "IDENTIFIER", "INFO_LANGUAGE"]}	{}	247
流入する	256	P	DECIDED	estimated	P_MOVE	gen_frame		P_MOVE	{"から": ["GROUP_ORG", "PLACE"], "が": ["ABSTRACT", "ARTIFACT", "SUBSTANCE_FOOD"], "に": ["GROUP_ORG", "PLACE"]}	{}	207
認知する	256	P	DECIDED	estimated	P_COGNITION	gen_frame		P_COGNITION	{"が": ["GROUP_ORG", "PERSON"], "を": ["ABSTRACT", "EVENT_ACT", "GROUP_ORG", "PERSON"]}	{}	238
一礼する	255	P	DECIDED	estimated	P_ACT	gen_frame		P_ACT	{"が": ["PERSON"], "に": ["GROUP_ORG", "PERSON"]}	{}	105
乗する	255	P	DECIDED	estimated	P_ACT	gen_frame		P_ACT	{"が": ["ABSTRACT", "QUANTITY"], "に": ["ABSTRACT", "QUANTITY"]}	{}	210
帰属する	255	P	DECIDED	estimated	P_STATE	gen_frame		P_STATE	{"が": ["ABSTRACT", "GROUP_ORG", "PERSON"], "に": ["ABSTRACT", "GROUP_ORG"]}	{}	222
分別する	254	P	DECIDED	estimated	P_ACT	gen_frame		P_ACT	{"が": ["GROUP_ORG", "PERSON"], "を": ["ABSTRACT", "ARTIFACT", "SUBSTANCE_FOOD"]}	{}	58
右折する	254	P	DECIDED	estimated	P_MOVE	gen_frame		P_MOVE	{"が": ["ARTIFACT", "EVENT_ACT", "PERSON"]}	{}	134
帰還する	253	P	DECIDED	estimated	P_MOVE	gen_frame		P_MOVE	{"から": ["PLACE"], "が": ["ARTIFACT", "GROUP_ORG", "PERSON"], "へ": ["PLACE"]}	{}	182
塩もみする	252	P	DECIDED	estimated	P_ACT	gen_frame		P_ACT	{"が": ["SUBSTANCE_FOOD"], "を": ["SUBSTANCE_FOOD"]}	{}	84
接種する	252	P	DECIDED	estimated	P_ACT	gen_frame	DISTRIBUTION_DISAGREES	P_ACT	{"に": ["ANIMAL", "PERSON"], "を": ["ABSTRACT", "SUBSTANCE_FOOD"]}	{"role_distribution@codex:general_qa": ["を"]}	176
連鎖する	252	P	DECIDED	estimated	P_ACT	gen_frame		P_ACT	{"が": ["ABSTRACT", "EVENT_ACT"], "と": ["ABSTRACT", "EVENT_ACT"]}	{}	168
入賞する	251	P	DECIDED	estimated	P_STATE	gen_frame		P_STATE	{"に": ["EVENT_ACT", "WORK"]}	{}	166
反発する	251	P	DECIDED	estimated	P_ACT	gen_frame		P_ACT	{"に": ["ABSTRACT", "GROUP_ORG", "PERSON"], "を": ["ABSTRACT", "GROUP_ORG", "PERSON"]}	{}	136
就職する	251	P	DECIDED	estimated	P_ACT	gen_frame		P_ACT	{"に": ["GROUP_ORG"]}	{}	119
発現する	251	P	DECIDED	estimated	P_EXIST	gen_frame		P_EXIST	{"が": ["ABSTRACT", "STATE_PROPERTY"], "に": ["ANIMAL", "PERSON"]}	{}	250
誤用する	251	P	DECIDED	estimated	P_ACT	gen_frame		P_ACT	{"を": ["INFO_LANGUAGE", "WORK"]}	{}	240
追求する	251	P	DECIDED	estimated	P_COGNITION	gen_frame		P_COGNITION	{"を": ["ABSTRACT", "EVENT_ACT"]}	{}	248
代用する	250	P	DECIDED	estimated	P_ACT	gen_frame		P_ACT	{"に": ["ABSTRACT", "ARTIFACT", "SUBSTANCE_FOOD"], "を": ["ABSTRACT", "ARTIFACT", "SUBSTANCE_FOOD"]}	{}	105
降伏する	250	P	DECIDED	estimated	P_ACT	gen_frame		P_ACT	{"に": ["GROUP_ORG", "PERSON"]}	{}	211
もりする	249	P	UNPLACED							{}	249
繁殖する	248	P	DECIDED	estimated	P_CHANGE	gen_frame		P_CHANGE	{"が": ["ANIMAL", "PLANT"], "を": ["ANIMAL", "PLANT"]}	{}	112
了解する	247	P	DECIDED	estimated	P_COGNITION	gen_frame		P_COGNITION	{"を": ["ABSTRACT", "EVENT_ACT", "INFO_LANGUAGE"]}	{}	187
水洗いする	247	P	DECIDED	estimated	P_ACT	gen_frame		P_ACT	{"を": ["ARTIFACT", "SUBSTANCE_FOOD"]}	{}	104
荷造りする	247	P	DECIDED	estimated	P_CREATE	gen_frame		P_CREATE	{"を": ["ARTIFACT"]}	{}	156
行使する	247	P	DECIDED	estimated	P_ACT	gen_frame	DISTRIBUTION_DISAGREES	P_ACT	{"を": ["ABSTRACT", "ARTIFACT", "GROUP_ORG"]}	{"role_distribution@codex:general_qa": ["を"]}	175
辞任する	247	P	DECIDED	estimated	P_ACT	gen_frame	DISTRIBUTION_DISAGREES	P_ACT	{"を": ["GROUP_ORG", "PERSON"]}	{"role_distribution@jawiki": ["を"]}	241
離脱する	247	P	DECIDED	estimated	P_MOVE	gen_frame		P_MOVE	{"から": ["ABSTRACT", "GROUP_ORG", "PLACE"], "を": ["ABSTRACT", "GROUP_ORG"]}	{}	229
回答する	246	P	DECIDED	estimated	P_COMMUNICATE	gen_frame		P_COMMUNICATE	{"に": ["GROUP_ORG", "PERSON"], "を": ["ABSTRACT", "EVENT_ACT", "INFO_LANGUAGE"]}	{}	76
宣告する	246	P	DECIDED	estimated	P_COMMUNICATE	gen_frame		P_COMMUNICATE	{"を": ["ABSTRACT", "EVENT_ACT", "GROUP_ORG", "PERSON"]}	{}	101
拘束する	246	P	DECIDED	estimated	P_ACT	gen_frame		P_ACT	{"を": ["ABSTRACT", "ANIMAL", "ARTIFACT", "PERSON"]}	{}	147
拡散する	246	P	DECIDED	estimated	P_MOVE	gen_frame		P_MOVE	{"が": ["ABSTRACT", "INFO_LANGUAGE", "SUBSTANCE_FOOD"], "を": ["ABSTRACT", "INFO_LANGUAGE", "SUBSTANCE_FOOD"]}	{}	116
背伸びする	246	P	DECIDED	estimated	P_ACT	gen_frame		P_ACT	{"が": ["BODY_PART"]}	{}	155
直面する	245	P	DECIDED	estimated	P_STATE	gen_frame		P_STATE	{"に": ["ABSTRACT", "EVENT_ACT", "PLACE"]}	{}	169
解明する	245	P	DECIDED	estimated	P_COGNITION	gen_frame		P_COGNITION	{"を": ["ABSTRACT", "EVENT_ACT"]}	{}	225
退屈する	245	P	DECIDED	estimated	P_EMOTION	gen_frame		P_EMOTION	{"に": ["STATE_PROPERTY", "TIME"]}	{}	119
乗り降りする	244	P	DECIDED	estimated	P_MOVE	gen_frame		P_MOVE	{"から": ["PLACE"], "を": ["ARTIFACT", "PLACE"]}	{}	128
変身する	244	P	DECIDED	estimated	P_CHANGE	gen_frame		P_CHANGE	{"に": ["ABSTRACT", "ANIMAL", "PERSON"]}	{}	219
奉納する	243	P	DECIDED	estimated	P_GIVE	gen_frame		P_GIVE	{"に": ["GROUP_ORG", "PLACE"], "を": ["ABSTRACT", "ARTIFACT", "SUBSTANCE_FOOD"]}	{}	171
搬送する	243	P	DECIDED	estimated	P_MOVE	gen_frame		P_MOVE	{"から": ["GROUP_ORG", "PLACE"], "へ": ["PLACE"], "を": ["ANIMAL", "ARTIFACT", "PERSON"]}	{}	135
習得する	243	P	DECIDED	estimated	P_COGNITION	gen_frame		P_COGNITION	{"を": ["ABSTRACT", "EVENT_ACT", "INFO_LANGUAGE"]}	{}	162
通学する	243	P	DECIDED	estimated	P_MOVE	gen_frame		P_MOVE	{"に": ["GROUP_ORG", "PLACE"], "へ": ["PLACE"]}	{}	79
駆使する	243	P	DECIDED	estimated	P_ACT	gen_frame	DISTRIBUTION_DISAGREES	P_ACT	{"を": ["ABSTRACT", "ARTIFACT", "INFO_LANGUAGE"]}	{"role_distribution@jawiki": ["を"]}	242
スライスする	242	P	DECIDED	estimated	P_ACT	gen_frame		P_ACT	{"を": ["ARTIFACT", "SUBSTANCE_FOOD"]}	{}	106
乗船する	242	P	DECIDED	estimated	P_MOVE	gen_frame		P_MOVE	{"に": ["ARTIFACT"]}	{}	103
ドライブする	241	P	DECIDED	estimated	P_ACT	gen_frame		P_ACT	{"で": ["ARTIFACT", "PLACE"]}	{}	135
成人する	241	P	DECIDED	estimated	P_CHANGE	gen_frame		P_CHANGE	{"に": ["PERSON", "QUANTITY"]}	{}	134
装飾する	241	P	DECIDED	estimated	P_ACT	gen_frame		P_ACT	{"を": ["ARTIFACT", "PLACE", "WORK"]}	{}	147
受付する	239	P	DECIDED	estimated	P_ACT	gen_frame		P_ACT	{"を": ["ARTIFACT", "GROUP_ORG", "PERSON"]}	{}	199
徹底する	239	P	DECIDED	estimated	P_ACT	gen_frame	DISTRIBUTION_DISAGREES	P_ACT	{"を": ["ABSTRACT", "EVENT_ACT", "STATE_PROPERTY"]}	{"role_distribution@codex:code": ["を"], "role_distribution@codex:conversation": ["を"]}	88
ムーブする	238	P	DECIDED	estimated	P_MOVE	gen_frame		P_MOVE	{"を": ["ABSTRACT", "EVENT_ACT"]}	{}	205
選任する	238	P	DECIDED	estimated	P_ACT	gen_frame		P_ACT	{"を": ["PERSON"]}	{}	151
伝達する	237	P	DECIDED	direct	P_COMMUNICATE	gen_frame,role_distribution@jawiki		P_COMMUNICATE	{"に": ["GROUP_ORG", "PERSON"], "を": ["ABSTRACT", "INFO_LANGUAGE"]}	{"role_distribution@jawiki": ["を"]}	195
受領する	237	P	DECIDED	estimated	P_GIVE	gen_frame	DISTRIBUTION_DISAGREES	P_GIVE	{"から": ["GROUP_ORG", "PERSON"], "を": ["ABSTRACT", "ARTIFACT", "SUBSTANCE_FOOD"]}	{"role_distribution@codex:paraphrase_entail": ["を"]}	151
略記する	237	P	DECIDED	estimated	P_CREATE	gen_frame		P_CREATE	{"を": ["INFO_LANGUAGE"]}	{}	233
貯金する	237	P	DECIDED	estimated	P_POSSESS	gen_frame		P_POSSESS	{"を": ["ABSTRACT", "QUANTITY", "SUBSTANCE_FOOD"]}	{}	104
前進する	236	P	DECIDED	estimated	P_MOVE	gen_frame		P_MOVE	{"に": ["PLACE"], "へ": ["PLACE"]}	{}	72
委嘱する	236	P	DECIDED	estimated	P_GIVE	gen_frame		P_GIVE	{"に": ["GROUP_ORG", "PERSON"], "を": ["ABSTRACT", "EVENT_ACT"]}	{}	236
小分けする	236	P	DECIDED	estimated	P_CHANGE	gen_frame		P_CHANGE	{"を": ["ARTIFACT", "QUANTITY", "SUBSTANCE_FOOD"]}	{}	153
返金する	236	P	DECIDED	estimated	P_GIVE	gen_frame		P_GIVE	{"に": ["GROUP_ORG", "PERSON"], "を": ["ARTIFACT", "QUANTITY", "SUBSTANCE_FOOD"]}	{}	157
出馬する	235	P	DECIDED	estimated	P_ACT	gen_frame		P_ACT	{"に": ["EVENT_ACT"]}	{}	235
列記する	235	P	DECIDED	estimated	P_CREATE	gen_frame		P_CREATE	{"を": ["ABSTRACT", "EVENT_ACT", "INFO_LANGUAGE"]}	{}	235
謝罪する	235	P	DECIDED	estimated	P_COMMUNICATE	gen_frame		P_COMMUNICATE	{"に": ["GROUP_ORG", "PERSON"], "を": ["GROUP_ORG", "PERSON"]}	{}	86
注釈する	234	P	DECIDED	estimated	P_CREATE	gen_frame		P_CREATE	{"に": ["INFO_LANGUAGE", "WORK"], "を": ["INFO_LANGUAGE", "WORK"]}	{}	187
長生きする	234	P	DECIDED	estimated	P_STATE	gen_frame		P_STATE	{"より": ["TIME"]}	{}	70
下ゆでする	233	P	DECIDED	estimated	P_CHANGE	gen_frame		P_CHANGE	{"を": ["SUBSTANCE_FOOD"]}	{}	79
安置する	233	P	DECIDED	estimated	P_MOVE	gen_frame	DISTRIBUTION_DISAGREES	P_MOVE	{"に": ["PLACE"], "を": ["ARTIFACT", "BODY_PART", "PERSON"]}	{"role_distribution@jawiki": ["を"]}	151
調べする	233	P	DECIDED	estimated	P_COGNITION	gen_frame		P_COGNITION	{"を": ["ABSTRACT", "INFO_LANGUAGE"]}	{}	206
ゲームする	232	P	DECIDED	estimated	P_ACT	gen_frame		P_ACT	{"を": ["EVENT_ACT", "WORK"]}	{}	227
捕食する	232	P	DECIDED	estimated	P_CONSUME	gen_frame	DISTRIBUTION_DISAGREES	P_CONSUME	{"を": ["ANIMAL"]}	{"role_distribution@jawiki": ["を"]}	167
廃棄する	231	P	DECIDED	estimated	P_ACT	gen_frame	DISTRIBUTION_DISAGREES	P_ACT	{"を": ["ABSTRACT", "ARTIFACT", "SUBSTANCE_FOOD"]}	{"role_distribution@codex:paraphrase_entail": ["を"]}	98
爆発する	231	P	DECIDED	estimated	P_CHANGE	gen_frame		P_CHANGE	{"が": ["EVENT_ACT", "NATURAL_PHENOMENON"]}	{}	169
工事する	230	P	DECIDED	estimated	P_CREATE	gen_frame		P_CREATE	{"を": ["ARTIFACT", "PLACE"]}	{}	180
提起する	229	P	DECIDED	direct	P_COMMUNICATE	gen_frame,role_distribution@jawiki		P_COMMUNICATE	{"を": ["ABSTRACT", "EVENT_ACT"]}	{"role_distribution@jawiki": ["を"]}	180
熟成する	229	P	DECIDED	estimated	P_CHANGE	gen_frame		P_CHANGE	{"が": ["SUBSTANCE_FOOD"]}	{}	126
顕彰する	229	P	DECIDED	estimated	P_ACT	gen_frame	DISTRIBUTION_DISAGREES	P_ACT	{"を": ["EVENT_ACT", "GROUP_ORG", "PERSON"]}	{"role_distribution@jawiki": ["を"]}	219
劣化する	228	P	DECIDED	estimated	P_CHANGE	gen_frame		P_CHANGE	{"が": ["ARTIFACT", "STATE_PROPERTY", "SUBSTANCE_FOOD"]}	{}	110
告知する	228	P	DECIDED	estimated	P_COMMUNICATE	gen_frame		P_COMMUNICATE	{"に": ["GROUP_ORG", "PERSON"], "を": ["ABSTRACT", "EVENT_ACT", "INFO_LANGUAGE"]}	{}	103
敷設する	228	P	DECIDED	estimated	P_CREATE	gen_frame		P_CREATE	{"に": ["PLACE"], "を": ["ARTIFACT", "PLACE"]}	{}	222
自作する	228	P	DECIDED	estimated	P_CREATE	gen_frame		P_CREATE	{"を": ["ARTIFACT", "INFO_LANGUAGE", "WORK"]}	{}	170
読み込みする	228	P	DECIDED	estimated	P_PERCEIVE	gen_frame		P_PERCEIVE	{"を": ["ARTIFACT", "INFO_LANGUAGE"]}	{}	165
カウントする	227	P	DECIDED	estimated	P_COGNITION	gen_frame		P_COGNITION	{"を": ["ABSTRACT", "EVENT_ACT", "QUANTITY"]}	{}	122
入場する	227	P	DECIDED	estimated	P_MOVE	gen_frame		P_MOVE	{"に": ["PLACE"], "へ": ["PLACE"]}	{}	67
引っ越しする	227	P	DECIDED	estimated	P_MOVE	gen_frame		P_MOVE	{"から": ["PLACE"], "へ": ["PLACE"]}	{}	214
感知する	227	P	DECIDED	estimated	P_PERCEIVE	gen_frame	DISTRIBUTION_DISAGREES	P_PERCEIVE	{"を": ["ABSTRACT", "NATURAL_PHENOMENON", "STATE_PROPERTY"]}	{"role_distribution@codex:general_qa": ["を"]}	146
流出する	227	P	DECIDED	estimated	P_MOVE	gen_frame		P_MOVE	{"から": ["GROUP_ORG", "PERSON", "PLACE"], "が": ["ABSTRACT", "ARTIFACT", "SUBSTANCE_FOOD"]}	{}	169
観戦する	227	P	DECIDED	estimated	P_PERCEIVE	gen_frame	DISTRIBUTION_DISAGREES	P_PERCEIVE	{"を": ["EVENT_ACT", "WORK"]}	{"role_distribution@codex:general_qa": ["を"], "role_distribution@codex:paraphrase_entail": ["を"]}	119
音読する	227	P	DECIDED	estimated	P_PERCEIVE	gen_frame	DISTRIBUTION_DISAGREES	P_PERCEIVE	{"を": ["INFO_LANGUAGE", "WORK"]}	{"role_distribution@codex:general_qa": ["を"]}	90
けがする	226	P	DECIDED	estimated	P_CHANGE	gen_frame		P_CHANGE	{"を": ["ARTIFACT", "BODY_PART", "PERSON"]}	{}	146
まばたきする	226	P	DECIDED	estimated	P_ACT	gen_frame		P_ACT	{"が": ["BODY_PART"]}	{}	95
コメントする	226	P	DECIDED	estimated	P_COMMUNICATE	gen_frame		P_COMMUNICATE	{"を": ["INFO_LANGUAGE"]}	{}	135
マスキングする	226	P	DECIDED	estimated	P_CHANGE	gen_frame		P_CHANGE	{"を": ["ARTIFACT", "BODY_PART"]}	{}	222
欠損する	226	P	DECIDED	estimated	P_STATE	gen_frame		P_STATE	{"が": ["ABSTRACT", "ARTIFACT", "BODY_PART"]}	{}	141
決着する	226	P	DECIDED	estimated	P_EXIST	gen_frame		P_EXIST	{"が": ["ABSTRACT", "EVENT_ACT"]}	{}	74
補償する	226	P	DECIDED	estimated	P_GIVE	gen_frame	DISTRIBUTION_DISAGREES	P_GIVE	{"を": ["ABSTRACT", "ARTIFACT", "GROUP_ORG", "PERSON"]}	{"role_distribution@codex:general_qa": ["を"]}	163
返済する	226	P	DECIDED	estimated	P_ACT	gen_frame		P_ACT	{"に": ["GROUP_ORG", "PERSON"], "を": ["ABSTRACT", "QUANTITY"]}	{}	160
退場する	226	P	DECIDED	estimated	P_MOVE	gen_frame		P_MOVE	{"を": ["ARTIFACT", "PLACE"]}	{}	140
デバッグする	224	P	DECIDED	estimated	P_CHANGE	gen_frame		P_CHANGE	{"を": ["ARTIFACT", "INFO_LANGUAGE"]}	{}	222
干渉する	224	P	DECIDED	estimated	P_ACT	gen_frame		P_ACT	{"に": ["ABSTRACT", "GROUP_ORG", "PERSON"]}	{}	112
レコーディングする	223	P	DECIDED	estimated	P_CREATE	gen_frame	DISTRIBUTION_DISAGREES	P_CREATE	{"を": ["EVENT_ACT", "INFO_LANGUAGE", "WORK"]}	{"role_distribution@jawiki": ["を"]}	223
内蔵する	223	P	DECIDED	estimated	P_POSSESS	gen_frame		P_POSSESS	{"に": ["ARTIFACT", "PLACE"], "を": ["ARTIFACT", "BODY_PART"]}	{}	155
往生する	223	P	DECIDED	estimated	P_STATE	gen_frame		P_STATE	{"が": ["ANIMAL", "PERSON"]}	{}	92
予熱する	222	P	DECIDED	estimated	P_CHANGE	gen_frame		P_CHANGE	{"を": ["ARTIFACT", "SUBSTANCE_FOOD"]}	{}	62
作詞する	222	P	DECIDED	estimated	P_CREATE	gen_frame		P_CREATE	{"を": ["INFO_LANGUAGE", "WORK"]}	{}	207
内包する	222	P	DECIDED	estimated	P_POSSESS	gen_frame		P_POSSESS	{"を": ["ABSTRACT", "STATE_PROPERTY"]}	{}	197
フラッシュする	221	P	DECIDED	estimated	P_EXIST	gen_frame		P_EXIST	{"が": ["ARTIFACT", "NATURAL_PHENOMENON"]}	{}	164
上京する	221	P	DECIDED	estimated	P_MOVE	gen_frame		P_MOVE	{"へ": ["PLACE"]}	{}	210
後退する	221	P	DECIDED	estimated	P_MOVE	gen_frame		P_MOVE	{"が": ["ABSTRACT", "ARTIFACT"]}	{}	79
献呈する	221	P	DECIDED	estimated	P_GIVE	gen_frame		P_GIVE	{"に": ["GROUP_ORG", "PERSON"], "を": ["ARTIFACT", "INFO_LANGUAGE", "WORK"]}	{}	221
遠出する	221	P	DECIDED	estimated	P_MOVE	gen_frame		P_MOVE	{"へ": ["PLACE"]}	{}	121
歌唱する	220	P	DECIDED	estimated	P_ACT	gen_frame		P_ACT	{"を": ["INFO_LANGUAGE", "WORK"]}	{}	210
散在する	219	P	DECIDED	estimated	P_EXIST	gen_frame		P_EXIST	{"に": ["PLACE"]}	{}	108
航行する	219	P	DECIDED	estimated	P_MOVE	gen_frame		P_MOVE	{"を": ["ABSTRACT", "PLACE"]}	{}	110
退社する	219	P	DECIDED	estimated	P_MOVE	gen_frame	DISTRIBUTION_DISAGREES	P_MOVE	{"を": ["ARTIFACT", "GROUP_ORG", "PLACE"]}	{"role_distribution@jawiki": ["を"]}	148
任官する	218	P	DECIDED	estimated	P_CHANGE	gen_frame		P_CHANGE	{"に": ["GROUP_ORG", "PLACE"]}	{}	217
受託する	218	P	DECIDED	estimated	P_GIVE	gen_frame	DISTRIBUTION_DISAGREES	P_GIVE	{"を": ["ABSTRACT", "ARTIFACT", "EVENT_ACT"]}	{"role_distribution@jawiki": ["が", "を"]}	217
旋回する	218	P	DECIDED	estimated	P_MOVE	gen_frame		P_MOVE	{"を": ["ANIMAL", "ARTIFACT"]}	{}	94
片付けする	218	P	DECIDED	estimated	P_ACT	gen_frame		P_ACT	{"を": ["ABSTRACT", "ARTIFACT", "PLACE"]}	{}	152
現像する	218	P	DECIDED	estimated	P_CHANGE	gen_frame	DISTRIBUTION_DISAGREES	P_CHANGE	{"を": ["ARTIFACT", "SUBSTANCE_FOOD"]}	{"role_distribution@codex:paraphrase_entail": ["を"]}	71
発令する	218	P	DECIDED	estimated	P_COMMUNICATE	gen_frame		P_COMMUNICATE	{"を": ["ABSTRACT", "EVENT_ACT", "PERSON"]}	{}	126
飽和する	218	P	DECIDED	estimated	P_STATE	gen_frame		P_STATE	{"が": ["ABSTRACT", "STATE_PROPERTY", "SUBSTANCE_FOOD"]}	{}	132
駆動する	218	P	DECIDED	estimated	P_ACT	gen_frame	DISTRIBUTION_DISAGREES	P_ACT	{"を": ["ABSTRACT", "ARTIFACT"]}	{"role_distribution@jawiki": ["を", "で"]}	161
こくする	217	P	UNPLACED							{}	217
プレゼントする	217	P	DECIDED	estimated	P_GIVE	gen_frame	DISTRIBUTION_DISAGREES	P_GIVE	{"に": ["GROUP_ORG", "PERSON"], "を": ["ABSTRACT", "ARTIFACT", "SUBSTANCE_FOOD"]}	{"role_distribution@codex:paraphrase_entail": ["を"]}	123
出動する	217	P	DECIDED	estimated	P_MOVE	gen_frame		P_MOVE	{"に": ["EVENT_ACT", "PLACE"]}	{}	104
抽選する	217	P	DECIDED	estimated	P_ACT	gen_frame		P_ACT	{"を": ["ABSTRACT", "ARTIFACT", "EVENT_ACT"]}	{}	214
舗装する	217	P	DECIDED	estimated	P_CREATE	gen_frame		P_CREATE	{"を": ["ARTIFACT", "PLACE"]}	{}	58
一定する	216	P	DECIDED	estimated	P_STATE	gen_frame		P_STATE	{"が": ["ABSTRACT", "QUANTITY", "STATE_PROPERTY"]}	{}	84
免除する	216	P	DECIDED	estimated	P_GIVE	gen_frame		P_GIVE	{"を": ["ABSTRACT", "EVENT_ACT", "GROUP_ORG", "PERSON"]}	{}	99
失効する	216	P	DECIDED	estimated	P_STATE	gen_frame		P_STATE	{"が": ["ABSTRACT", "ARTIFACT", "IDENTIFIER"]}	{}	122
感動する	216	P	DECIDED	estimated	P_EMOTION	gen_frame		P_EMOTION	{"が": ["PERSON"], "に": ["ABSTRACT"]}	{}	69
噴火する	215	P	DECIDED	estimated	P_ACT	gen_frame		P_ACT	{"が": ["NATURAL_PHENOMENON"], "で": ["PLACE"]}	{}	163
阻止する	215	P	DECIDED	estimated	P_ACT	gen_frame	DISTRIBUTION_DISAGREES	P_ACT	{"が": ["GROUP_ORG", "PERSON"], "を": ["ABSTRACT", "EVENT_ACT"]}	{"role_distribution@jawiki": ["を"]}	192
みやする	214	P	UNPLACED							{}	214
構想する	214	P	DECIDED	estimated	P_COGNITION	gen_frame		P_COGNITION	{"が": ["GROUP_ORG", "PERSON"], "を": ["ABSTRACT", "EVENT_ACT"]}	{}	203
水切りする	214	P	DECIDED	estimated	P_ACT	gen_frame	DISTRIBUTION_DISAGREES	P_ACT	{"が": ["PERSON"], "を": ["SUBSTANCE_FOOD"]}	{"role_distribution@codex:paraphrase_entail": ["を"]}	69
複写する	214	P	DECIDED	estimated	P_CREATE	gen_frame		P_CREATE	{"が": ["GROUP_ORG", "PERSON"], "を": ["ARTIFACT", "INFO_LANGUAGE", "WORK"]}	{}	139
雑談する	214	P	DECIDED	estimated	P_COMMUNICATE	gen_frame		P_COMMUNICATE	{"が": ["GROUP_ORG", "PERSON"], "と": ["GROUP_ORG", "PERSON"]}	{}	189
備蓄する	213	P	DECIDED	estimated	P_POSSESS	gen_frame		P_POSSESS	{"が": ["GROUP_ORG", "PERSON"], "を": ["ARTIFACT", "SUBSTANCE_FOOD"]}	{}	140
標榜する	213	P	DECIDED	direct	P_COMMUNICATE	gen_frame,role_distribution@jawiki		P_COMMUNICATE	{"が": ["GROUP_ORG", "PERSON"], "を": ["ABSTRACT", "INFO_LANGUAGE"]}	{"role_distribution@jawiki": ["を"]}	213
発効する	213	P	DECIDED	estimated	P_EXIST	gen_frame		P_EXIST	{"が": ["ABSTRACT", "EVENT_ACT"]}	{}	143
リードする	212	P	DECIDED	estimated	P_ACT	gen_frame		P_ACT	{"が": ["GROUP_ORG", "PERSON"], "を": ["ABSTRACT", "EVENT_ACT"]}	{}	118
所持する	212	P	DECIDED	estimated	P_POSSESS	gen_frame	DISTRIBUTION_DISAGREES	P_POSSESS	{"が": ["GROUP_ORG", "PERSON"], "を": ["ABSTRACT", "ARTIFACT"]}	{"role_distribution@codex:paraphrase_entail": ["を"]}	144
撃沈する	212	P	DECIDED	estimated	P_ACT	gen_frame		P_ACT	{"が": ["GROUP_ORG", "PERSON"], "を": ["ANIMAL", "ARTIFACT"]}	{}	212
配属する	212	P	DECIDED	estimated	P_CHANGE	gen_frame		P_CHANGE	{"が": ["GROUP_ORG", "PERSON"], "に": ["GROUP_ORG", "PLACE"]}	{}	184
静止する	212	P	DECIDED	estimated	P_STATE	gen_frame		P_STATE	{"が": ["ANIMAL", "ARTIFACT", "NATURAL_PHENOMENON", "PERSON"]}	{}	61
専念する	211	P	DECIDED	estimated	P_ACT	gen_frame		P_ACT	{"が": ["PERSON"], "に": ["ABSTRACT", "EVENT_ACT"]}	{}	165
還元する	211	P	DECIDED	estimated	P_CHANGE	gen_frame	DISTRIBUTION_DISAGREES	P_CHANGE	{"が": ["GROUP_ORG", "PERSON"], "を": ["ABSTRACT", "SUBSTANCE_FOOD"]}	{"role_distribution@jawiki": ["を"]}	150
SELECTする	210	P	DECIDED	estimated	P_ACT	gen_frame		P_ACT	{"が": ["GROUP_ORG", "PERSON"], "を": ["ABSTRACT", "ARTIFACT", "INFO_LANGUAGE"]}	{}	177
悪用する	210	P	DECIDED	estimated	P_ACT	gen_frame		P_ACT	{"が": ["GROUP_ORG", "PERSON"], "を": ["ABSTRACT", "ARTIFACT", "INFO_LANGUAGE"]}	{}	77
編曲する	210	P	DECIDED	estimated	P_CREATE	gen_frame		P_CREATE	{"が": ["GROUP_ORG", "PERSON"], "を": ["INFO_LANGUAGE", "WORK"]}	{}	186
襲撃する	210	P	DECIDED	estimated	P_ACT	gen_frame		P_ACT	{"が": ["ANIMAL", "GROUP_ORG", "PERSON"], "を": ["GROUP_ORG", "PERSON", "PLACE"]}	{}	184
ことする	209	P	DECIDED	estimated	P_ACT	gen_frame		P_ACT	{"が": ["PERSON"], "を": ["ABSTRACT", "EVENT_ACT"]}	{}	145
収縮する	209	P	DECIDED	estimated	P_CHANGE	gen_frame		P_CHANGE	{"が": ["ABSTRACT", "ARTIFACT", "BODY_PART"]}	{}	139
同居する	209	P	DECIDED	estimated	P_EXIST	gen_frame		P_EXIST	{"が": ["GROUP_ORG", "PERSON"], "と": ["GROUP_ORG", "PERSON"]}	{}	81
敗北する	209	P	DECIDED	estimated	P_ACT	gen_frame		P_ACT	{"が": ["GROUP_ORG", "PERSON"], "に": ["GROUP_ORG", "PERSON"]}	{}	187
待ち合わせする	207	P	DECIDED	estimated	P_ACT	gen_frame		P_ACT	{"が": ["GROUP_ORG", "PERSON"], "で": ["PLACE", "TIME"], "と": ["GROUP_ORG", "PERSON"]}	{}	201
改変する	207	P	DECIDED	estimated	P_CHANGE	gen_frame		P_CHANGE	{"が": ["GROUP_ORG", "PERSON"], "を": ["ABSTRACT", "ARTIFACT", "INFO_LANGUAGE"]}	{}	97
贈呈する	207	P	DECIDED	estimated	P_GIVE	gen_frame		P_GIVE	{"が": ["GROUP_ORG", "PERSON"], "に": ["GROUP_ORG", "PERSON"], "を": ["ARTIFACT", "SUBSTANCE_FOOD", "WORK"]}	{}	117
開拓する	207	P	DECIDED	estimated	P_CREATE	gen_frame		P_CREATE	{"が": ["GROUP_ORG", "PERSON"], "を": ["ABSTRACT", "PLACE"]}	{}	162
除雪する	207	P	DECIDED	estimated	P_ACT	gen_frame		P_ACT	{"が": ["GROUP_ORG", "PERSON"], "を": ["NATURAL_PHENOMENON", "SUBSTANCE_FOOD"]}	{}	111
がくする	206	P	UNPLACED							{}	205
調印する	206	P	DECIDED	estimated	P_COMMUNICATE	gen_frame		P_COMMUNICATE	{"が": ["GROUP_ORG", "PERSON"], "と": ["GROUP_ORG", "PERSON"]}	{}	155
選抜する	206	P	DECIDED	estimated	P_ACT	gen_frame		P_ACT	{"が": ["GROUP_ORG", "PERSON"], "を": ["GROUP_ORG", "PERSON"]}	{}	181
交流する	205	P	DECIDED	estimated	P_ACT	gen_frame		P_ACT	{"が": ["GROUP_ORG", "PERSON"], "と": ["GROUP_ORG", "PERSON"]}	{}	116
改編する	205	P	DECIDED	estimated	P_CHANGE	gen_frame		P_CHANGE	{"が": ["GROUP_ORG", "PERSON"], "を": ["ABSTRACT", "GROUP_ORG", "WORK"]}	{}	203
滑空する	205	P	DECIDED	estimated	P_MOVE	gen_frame		P_MOVE	{"が": ["ANIMAL", "ARTIFACT"], "を": ["NATURAL_PHENOMENON", "PLACE"]}	{}	75
遂行する	205	P	DECIDED	estimated	P_ACT	gen_frame	DISTRIBUTION_DISAGREES	P_ACT	{"が": ["GROUP_ORG", "PERSON"], "を": ["ABSTRACT", "EVENT_ACT"]}	{"role_distribution@jawiki": ["を"]}	197
増幅する	204	P	DECIDED	estimated	P_CHANGE	gen_frame		P_CHANGE	{"が": ["ABSTRACT", "ARTIFACT", "NATURAL_PHENOMENON"], "を": ["ABSTRACT", "INFO_LANGUAGE", "NATURAL_PHENOMENON"]}	{}	72
造成する	204	P	DECIDED	estimated	P_CREATE	gen_frame		P_CREATE	{"が": ["GROUP_ORG", "PERSON"], "を": ["ARTIFACT", "PLACE"]}	{}	188
雨漏りする	204	P	DECIDED	estimated	P_EXIST	gen_frame		P_EXIST	{"が": ["ARTIFACT", "PLACE", "SUBSTANCE_FOOD"]}	{}	152
共存する	203	P	DECIDED	estimated	P_EXIST	gen_frame		P_EXIST	{"が": ["ANIMAL", "GROUP_ORG", "PERSON", "PLANT"], "と": ["ANIMAL", "GROUP_ORG", "PERSON", "PLANT"]}	{}	104
市販する	203	P	DECIDED	estimated	P_CREATE	gen_frame		P_CREATE	{"を": ["ARTIFACT", "SUBSTANCE_FOOD", "WORK"]}	{}	197
てんする	202	P	UNPLACED							{}	201
値下げする	202	P	DECIDED	estimated	P_CHANGE	gen_frame	DISTRIBUTION_DISAGREES	P_CHANGE	{"を": ["ARTIFACT", "SUBSTANCE_FOOD"]}	{"role_distribution@codex:paraphrase_entail": ["を"]}	140
調達する	202	P	DECIDED	estimated	P_GIVE	gen_frame		P_GIVE	{"から": ["GROUP_ORG", "PERSON", "PLACE"], "を": ["ABSTRACT", "ARTIFACT", "INFO_LANGUAGE", "SUBSTANCE_FOOD"]}	{}	114
進入する	202	P	DECIDED	estimated	P_MOVE	gen_frame		P_MOVE	{"に": ["PLACE"]}	{}	83
雇用する	202	P	DECIDED	estimated	P_GIVE	gen_frame	DISTRIBUTION_DISAGREES	P_GIVE	{"を": ["GROUP_ORG", "PERSON"]}	{"role_distribution@jawiki": ["を"]}	139
リメイクする	201	P	DECIDED	estimated	P_CHANGE	gen_frame	DISTRIBUTION_DISAGREES	P_CHANGE	{"を": ["ARTIFACT", "INFO_LANGUAGE", "WORK"]}	{"role_distribution@jawiki": ["を", "で"]}	199
修得する	201	P	DECIDED	estimated	P_COGNITION	gen_frame		P_COGNITION	{"を": ["ABSTRACT", "INFO_LANGUAGE", "STATE_PROPERTY"]}	{}	200
建築する	201	P	DECIDED	estimated	P_CREATE	gen_frame		P_CREATE	{"を": ["ARTIFACT", "PLACE"]}	{}	199
支度する	201	P	DECIDED	estimated	P_ACT	gen_frame		P_ACT	{"を": ["ARTIFACT", "EVENT_ACT", "SUBSTANCE_FOOD"]}	{}	163
冷却する	200	P	DECIDED	estimated	P_CHANGE	gen_frame		P_CHANGE	{"を": ["ARTIFACT", "SUBSTANCE_FOOD"]}	{}	111
動員する	200	P	DECIDED	estimated	P_MOVE	gen_frame	DISTRIBUTION_DISAGREES	P_MOVE	{"を": ["ANIMAL", "GROUP_ORG", "PERSON"]}	{"role_distribution@jawiki": ["を"]}	146
和解する	200	P	DECIDED	estimated	P_CHANGE	gen_frame		P_CHANGE	{"と": ["GROUP_ORG", "PERSON"]}	{}	110
気する	200	P	UNPLACED							{}	184
発布する	200	P	DECIDED	estimated	P_COMMUNICATE	gen_frame		P_COMMUNICATE	{"を": ["ABSTRACT", "INFO_LANGUAGE"]}	{}	128
脱ぎ着する	200	P	DECIDED	estimated	P_ACT	gen_frame		P_ACT	{"を": ["ARTIFACT"]}	{}	141
診療する	200	P	DECIDED	estimated	P_ACT	gen_frame		P_ACT	{"を": ["ANIMAL", "PERSON"]}	{}	93
詫びする	200	P	DECIDED	estimated	P_COMMUNICATE	gen_frame		P_COMMUNICATE	{"に": ["GROUP_ORG", "PERSON"]}	{}	193
離陸する	200	P	DECIDED	direct	P_MOVE	gen_frame,role_distribution@codex:paraphrase_entail		P_MOVE	{"から": ["ARTIFACT", "PLACE"], "が": ["ARTIFACT"]}	{"role_distribution@codex:paraphrase_entail": ["から"]}	88
競争する	199	P	DECIDED	estimated	P_ACT	gen_frame		P_ACT	{"と": ["GROUP_ORG", "PERSON"]}	{}	51
開け閉めする	199	P	DECIDED	estimated	P_ACT	gen_frame		P_ACT	{"を": ["ARTIFACT"]}	{}	95
ろ過する	198	P	DECIDED	estimated	P_CHANGE	gen_frame	DISTRIBUTION_DISAGREES	P_CHANGE	{"を": ["ARTIFACT", "SUBSTANCE_FOOD"]}	{"role_distribution@codex:general_qa": ["を"]}	143
実演する	198	P	DECIDED	estimated	P_COMMUNICATE	gen_frame		P_COMMUNICATE	{"を": ["ARTIFACT", "EVENT_ACT", "WORK"]}	{}	110
握手する	198	P	DECIDED	estimated	P_ACT	gen_frame		P_ACT	{"と": ["PERSON"]}	{}	67
降車する	198	P	DECIDED	estimated	P_MOVE	gen_frame		P_MOVE	{"から": ["ARTIFACT", "PLACE"]}	{}	117
出張する	197	P	DECIDED	estimated	P_MOVE	gen_frame		P_MOVE	{"に": ["PLACE"], "へ": ["PLACE"]}	{}	125
出港する	197	P	DECIDED	estimated	P_MOVE	gen_frame		P_MOVE	{"から": ["ARTIFACT", "PLACE"]}	{}	94
度する	197	P	UNPLACED							{}	72
掌握する	197	P	DECIDED	estimated	P_POSSESS	gen_frame		P_POSSESS	{"を": ["ABSTRACT", "GROUP_ORG", "INFO_LANGUAGE"]}	{}	157
放射する	197	P	DECIDED	estimated	P_ACT	gen_frame	DISTRIBUTION_DISAGREES	P_ACT	{"を": ["ABSTRACT", "NATURAL_PHENOMENON", "SUBSTANCE_FOOD"]}	{"role_distribution@codex:general_qa": ["を"]}	104
緩和する	197	P	DECIDED	estimated	P_CHANGE	gen_frame		P_CHANGE	{"を": ["ABSTRACT", "STATE_PROPERTY"]}	{}	134
考察する	197	P	DECIDED	estimated	P_COGNITION	gen_frame	DISTRIBUTION_DISAGREES	P_COGNITION	{"を": ["ABSTRACT", "EVENT_ACT", "INFO_LANGUAGE"]}	{"role_distribution@jawiki": ["を"]}	164
誇張する	197	P	DECIDED	estimated	P_COMMUNICATE	gen_frame		P_COMMUNICATE	{"を": ["ABSTRACT", "INFO_LANGUAGE", "STATE_PROPERTY"]}	{}	114
ケアする	196	P	DECIDED	estimated	P_ACT	gen_frame		P_ACT	{"を": ["ANIMAL", "BODY_PART", "PERSON", "STATE_PROPERTY"]}	{}	172
公認する	196	P	DECIDED	estimated	P_COGNITION	gen_frame		P_COGNITION	{"を": ["ABSTRACT", "GROUP_ORG", "INFO_LANGUAGE", "PERSON"]}	{}	148
埋葬する	196	P	DECIDED	estimated	P_ACT	gen_frame		P_ACT	{"に": ["PLACE"], "を": ["ANIMAL", "PERSON"]}	{}	176
封鎖する	196	P	DECIDED	estimated	P_ACT	gen_frame		P_ACT	{"を": ["ARTIFACT", "GROUP_ORG", "PLACE"]}	{}	56
会話する	195	P	DECIDED	estimated	P_COMMUNICATE	gen_frame		P_COMMUNICATE	{"と": ["GROUP_ORG", "PERSON"]}	{}	44
探検する	195	P	DECIDED	estimated	P_MOVE	gen_frame		P_MOVE	{"を": ["PLACE"]}	{}	91
議決する	195	P	DECIDED	estimated	P_COGNITION	gen_frame		P_COGNITION	{"を": ["ABSTRACT", "EVENT_ACT"]}	{}	171
汚染する	194	P	DECIDED	estimated	P_CHANGE	gen_frame		P_CHANGE	{"を": ["ABSTRACT", "PLACE", "SUBSTANCE_FOOD"]}	{}	97
重ね着する	194	P	DECIDED	estimated	P_ACT	gen_frame	DISTRIBUTION_DISAGREES	P_ACT	{"を": ["ARTIFACT", "SUBSTANCE_FOOD"]}	{"role_distribution@codex:figurative_commonsense": ["を"]}	114
模倣する	193	P	DECIDED	estimated	P_ACT	gen_frame		P_ACT	{"を": ["ABSTRACT", "ANIMAL", "ARTIFACT", "EVENT_ACT", "PERSON"]}	{}	148
比定する	193	P	DECIDED	estimated	P_COGNITION	gen_frame		P_COGNITION	{"と": ["ABSTRACT", "INFO_LANGUAGE"], "を": ["ABSTRACT", "EVENT_ACT", "PLACE"]}	{}	189
げんする	192	P	UNPLACED							{}	192
クリックする	192	P	DECIDED	estimated	P_ACT	gen_frame		P_ACT	{"を": ["ARTIFACT"]}	{}	76
落ちする	192	P	UNPLACED							{}	148
がわする	191	P	UNPLACED							{}	191
両替する	191	P	DECIDED	estimated	P_GIVE	gen_frame		P_GIVE	{"を": ["ARTIFACT", "QUANTITY", "SUBSTANCE_FOOD"]}	{}	67
係留する	191	P	DECIDED	estimated	P_ACT	gen_frame		P_ACT	{"に": ["ARTIFACT", "PLACE"], "を": ["ANIMAL", "ARTIFACT"]}	{}	88
精製する	191	P	DECIDED	estimated	P_CHANGE	gen_frame	DISTRIBUTION_DISAGREES	P_CHANGE	{"を": ["SUBSTANCE_FOOD"]}	{"role_distribution@codex:general_qa": ["を"]}	99
きゅうしゅうする	190	P	UNPLACED							{}	190
予告する	190	P	DECIDED	direct	P_COMMUNICATE	gen_frame,role_distribution@codex:general_qa		P_COMMUNICATE	{"を": ["ABSTRACT", "EVENT_ACT", "INFO_LANGUAGE"]}	{"role_distribution@codex:general_qa": ["を"]}	120
摩耗する	190	P	DECIDED	estimated	P_CHANGE	gen_frame		P_CHANGE	{"が": ["ARTIFACT", "BODY_PART"]}	{}	139
退任する	190	P	DECIDED	estimated	P_CHANGE	gen_frame	DISTRIBUTION_DISAGREES	P_CHANGE	{"から": ["GROUP_ORG"], "を": ["PERSON"]}	{"role_distribution@jawiki": ["を"]}	175
開局する	190	P	DECIDED	estimated	P_CREATE	gen_frame		P_CREATE	{"を": ["GROUP_ORG", "PLACE"]}	{}	190
ランニングする	189	P	DECIDED	estimated	P_ACT	gen_frame		P_ACT	{"を": ["PLACE"]}	{}	162
分配する	189	P	DECIDED	estimated	P_GIVE	gen_frame		P_GIVE	{"に": ["GROUP_ORG", "PERSON", "PLACE"], "を": ["ABSTRACT", "ARTIFACT", "QUANTITY", "SUBSTANCE_FOOD"]}	{}	78
物する	189	P	DECIDED	estimated	P_ACT	gen_frame		P_ACT	{"を": ["ARTIFACT", "INFO_LANGUAGE", "SUBSTANCE_FOOD"]}	{}	130
配送する	189	P	DECIDED	estimated	P_MOVE	gen_frame		P_MOVE	{"に": ["GROUP_ORG", "PERSON", "PLACE"], "を": ["ARTIFACT", "SUBSTANCE_FOOD"]}	{}	65
騎乗する	189	P	DECIDED	estimated	P_MOVE	gen_frame		P_MOVE	{"に": ["ANIMAL", "ARTIFACT"]}	{}	188
調教する	188	P	DECIDED	estimated	P_ACT	gen_frame		P_ACT	{"を": ["ANIMAL", "PERSON"]}	{}	188
偽装する	187	P	DECIDED	estimated	P_ACT	gen_frame		P_ACT	{"を": ["ABSTRACT", "ARTIFACT", "GROUP_ORG", "INFO_LANGUAGE", "PERSON"]}	{}	129
媒介する	187	P	DECIDED	estimated	P_ACT	gen_frame		P_ACT	{"に": ["ANIMAL", "ARTIFACT", "PERSON", "PLANT"], "を": ["ABSTRACT", "EVENT_ACT", "NATURAL_PHENOMENON"]}	{}	142
早退する	187	P	DECIDED	estimated	P_MOVE	gen_frame		P_MOVE	{"から": ["GROUP_ORG", "PLACE"], "を": ["GROUP_ORG", "PLACE"]}	{}	116
調律する	187	P	DECIDED	estimated	P_ACT	gen_frame	DISTRIBUTION_DISAGREES	P_ACT	{"を": ["ARTIFACT"]}	{"role_distribution@codex:figurative_commonsense": ["を"]}	104
fetchする	186	P	UNPLACED							{"role_distribution@codex:code": ["を"]}	174
左折する	186	P	DECIDED	estimated	P_MOVE	gen_frame		P_MOVE	{"を": ["ARTIFACT", "PLACE"]}	{}	90
監査する	186	P	DECIDED	estimated	P_COGNITION	gen_frame	DISTRIBUTION_DISAGREES	P_COGNITION	{"を": ["ABSTRACT", "EVENT_ACT", "GROUP_ORG"]}	{"role_distribution@codex:code": ["を"]}	152
興奮する	186	P	DECIDED	estimated	P_EMOTION	gen_frame		P_EMOTION	{"が": ["ANIMAL", "BODY_PART", "PERSON"]}	{}	62
誤読する	186	P	DECIDED	estimated	P_COGNITION	gen_frame		P_COGNITION	{"を": ["INFO_LANGUAGE", "WORK"]}	{}	157
マークする	185	P	DECIDED	estimated	P_ACT	gen_frame		P_ACT	{"を": ["ABSTRACT", "ARTIFACT", "BODY_PART"]}	{}	100
やりとりする	184	P	DECIDED	direct	P_COMMUNICATE	gen_frame,role_distribution@codex:general_qa		P_COMMUNICATE	{"と": ["GROUP_ORG", "PERSON"], "を": ["ABSTRACT", "ARTIFACT", "INFO_LANGUAGE", "SUBSTANCE_FOOD"]}	{"role_distribution@codex:general_qa": ["を"]}	119
持続する	184	P	DECIDED	estimated	P_STATE	gen_frame		P_STATE	{"が": ["ABSTRACT", "ARTIFACT", "EVENT_ACT", "TIME"]}	{}	97
とうする	183	P	UNPLACED							{}	182
焼失する	183	P	DECIDED	estimated	P_CHANGE	gen_frame		P_CHANGE	{"が": ["ARTIFACT", "PLACE", "PLANT", "SUBSTANCE_FOOD"]}	{}	170
専攻する	182	P	DECIDED	estimated	P_COGNITION	gen_frame	DISTRIBUTION_DISAGREES	P_COGNITION	{"を": ["ABSTRACT", "EVENT_ACT", "INFO_LANGUAGE"]}	{"role_distribution@jawiki": ["を"]}	177
搬入する	182	P	DECIDED	estimated	P_MOVE	gen_frame	DISTRIBUTION_DISAGREES	P_MOVE	{"に": ["ARTIFACT", "PLACE"], "を": ["ARTIFACT", "SUBSTANCE_FOOD"]}	{"role_distribution@codex:paraphrase_entail": ["を"]}	133
救助する	182	P	DECIDED	estimated	P_ACT	gen_frame		P_ACT	{"を": ["ANIMAL", "GROUP_ORG", "PERSON"]}	{}	62
燃焼する	182	P	DECIDED	estimated	P_CHANGE	gen_frame		P_CHANGE	{"が": ["ARTIFACT", "SUBSTANCE_FOOD"]}	{}	106
産卵する	182	P	DECIDED	estimated	P_CREATE	gen_frame		P_CREATE	{"が": ["ANIMAL"]}	{}	66
包含する	181	P	DECIDED	estimated	P_STATE	gen_frame		P_STATE	{"が": ["ABSTRACT", "ARTIFACT", "INFO_LANGUAGE", "PLACE"]}	{}	154
形容する	181	P	DECIDED	estimated	P_ACT	gen_frame		P_ACT	{"を": ["ABSTRACT", "ARTIFACT", "PERSON", "STATE_PROPERTY"]}	{}	172
断念する	181	P	DECIDED	estimated	P_COGNITION	gen_frame	DISTRIBUTION_DISAGREES	P_COGNITION	{"を": ["ABSTRACT", "EVENT_ACT", "INFO_LANGUAGE"]}	{"role_distribution@jawiki": ["を"]}	134
称賛する	181	P	DECIDED	estimated	P_EMOTION	gen_frame		P_EMOTION	{"を": ["ARTIFACT", "EVENT_ACT", "GROUP_ORG", "PERSON", "WORK"]}	{}	132
フィーチャーする	180	P	DECIDED	estimated	P_ACT	gen_frame		P_ACT	{"を": ["ARTIFACT", "EVENT_ACT", "PERSON", "WORK"]}	{}	180
伝来する	180	P	DECIDED	estimated	P_MOVE	gen_frame		P_MOVE	{"が": ["ARTIFACT", "INFO_LANGUAGE", "STATE_PROPERTY", "WORK"], "に": ["GROUP_ORG", "PERSON", "PLACE"]}	{}	134
非難する	180	P	DECIDED	estimated	P_COMMUNICATE	gen_frame		P_COMMUNICATE	{"を": ["ABSTRACT", "EVENT_ACT", "GROUP_ORG", "PERSON"]}	{}	156
ランチする	179	P	DECIDED	estimated	P_CONSUME	gen_frame		P_CONSUME	{"を": ["SUBSTANCE_FOOD"]}	{}	176
侵害する	179	P	DECIDED	estimated	P_ACT	gen_frame		P_ACT	{"を": ["ABSTRACT", "ARTIFACT", "BODY_PART", "GROUP_ORG", "INFO_LANGUAGE", "PERSON"]}	{}	79
兼務する	179	P	DECIDED	estimated	P_STATE	gen_frame	DISTRIBUTION_DISAGREES	P_STATE	{"を": ["ABSTRACT", "ARTIFACT", "EVENT_ACT", "GROUP_ORG"]}	{"role_distribution@jawiki": ["を"]}	171
回する	179	P	UNPLACED							{"role_distribution@codex:paraphrase_entail": ["を", "に"]}	60
自慢する	179	P	DECIDED	estimated	P_COMMUNICATE	gen_frame		P_COMMUNICATE	{"を": ["ABSTRACT", "ARTIFACT", "EVENT_ACT", "GROUP_ORG", "PERSON"]}	{}	59
鎮圧する	179	P	DECIDED	estimated	P_ACT	gen_frame	DISTRIBUTION_DISAGREES	P_ACT	{"を": ["ABSTRACT", "ANIMAL", "EVENT_ACT", "GROUP_ORG"]}	{"role_distribution@jawiki": ["を"]}	121
北上する	178	P	DECIDED	estimated	P_MOVE	gen_frame		P_MOVE	{"が": ["ANIMAL", "ARTIFACT", "GROUP_ORG", "PERSON"], "へ": ["PLACE"]}	{}	78
匹敵する	178	P	DECIDED	estimated	P_STATE	gen_frame		P_STATE	{"が": ["ABSTRACT", "ARTIFACT", "EVENT_ACT", "GROUP_ORG", "PERSON"], "に": ["ABSTRACT", "ARTIFACT", "EVENT_ACT", "GROUP_ORG", "PERSON"]}	{}	177
収束する	178	P	DECIDED	estimated	P_CHANGE	gen_frame		P_CHANGE	{"が": ["ABSTRACT", "EVENT_ACT", "GROUP_ORG", "NATURAL_PHENOMENON", "STATE_PROPERTY", "SUBSTANCE_FOOD"], "に": ["ABSTRACT", "GROUP_ORG", "PLACE"]}	{}	126
採血する	178	P	DECIDED	estimated	P_ACT	gen_frame		P_ACT	{"から": ["ANIMAL", "PERSON", "PLACE"], "を": ["ANIMAL", "PERSON"]}	{}	146
撃墜する	178	P	DECIDED	estimated	P_ACT	gen_frame		P_ACT	{"を": ["ANIMAL", "ARTIFACT", "PERSON"]}	{}	178
突出する	178	P	DECIDED	estimated	P_STATE	gen_frame		P_STATE	{"が": ["ABSTRACT", "ARTIFACT", "BODY_PART", "PLACE", "STATE_PROPERTY"]}	{}	158
誘引する	178	P	DECIDED	estimated	P_ACT	gen_frame	DISTRIBUTION_DISAGREES	P_ACT	{"を": ["ABSTRACT", "ANIMAL", "ARTIFACT", "GROUP_ORG", "PERSON"]}	{"role_distribution@codex:general_qa": ["を"]}	102
棄権する	177	P	DECIDED	estimated	P_ACT	gen_frame	DISTRIBUTION_DISAGREES	P_ACT	{"を": ["ABSTRACT", "EVENT_ACT", "GROUP_ORG"]}	{"role_distribution@codex:paraphrase_entail": ["が", "を"]}	137
辞職する	177	P	DECIDED	estimated	P_ACT	gen_frame		P_ACT	{"を": ["ABSTRACT", "ARTIFACT", "GROUP_ORG", "PERSON"]}	{}	101
開場する	177	P	DECIDED	estimated	P_CHANGE	gen_frame		P_CHANGE	{"が": ["ARTIFACT", "EVENT_ACT", "GROUP_ORG", "PLACE"]}	{}	159
定住する	176	P	DECIDED	estimated	P_EXIST	gen_frame		P_EXIST	{"に": ["PLACE"]}	{}	159
説得する	176	P	DECIDED	estimated	P_COMMUNICATE	gen_frame		P_COMMUNICATE	{"に": ["ABSTRACT", "EVENT_ACT", "INFO_LANGUAGE"], "を": ["GROUP_ORG", "PERSON"]}	{}	72
手作りする	175	P	DECIDED	estimated	P_CREATE	gen_frame	DISTRIBUTION_DISAGREES	P_CREATE	{"を": ["ARTIFACT", "SUBSTANCE_FOOD", "WORK"]}	{"role_distribution@codex:general_qa": ["を"]}	55
採寸する	175	P	DECIDED	estimated	P_ACT	gen_frame		P_ACT	{"を": ["ANIMAL", "ARTIFACT", "BODY_PART", "PERSON"]}	{}	128
入室する	174	P	DECIDED	estimated	P_MOVE	gen_frame		P_MOVE	{"に": ["PLACE"]}	{}	81
遠征する	174	P	DECIDED	estimated	P_MOVE	gen_frame		P_MOVE	{"に": ["GROUP_ORG", "PLACE"], "へ": ["PLACE"]}	{}	137
いちする	173	P	UNPLACED							{}	173
退位する	173	P	DECIDED	estimated	P_CHANGE	gen_frame		P_CHANGE	{"を": ["ABSTRACT", "GROUP_ORG", "PERSON"]}	{}	98
凝結する	172	P	DECIDED	estimated	P_CHANGE	gen_frame		P_CHANGE	{"が": ["NATURAL_PHENOMENON", "SUBSTANCE_FOOD"]}	{}	92
逆算する	172	P	DECIDED	estimated	P_COGNITION	gen_frame		P_COGNITION	{"を": ["ABSTRACT", "EVENT_ACT", "QUANTITY"]}	{}	66
出産する	171	P	DECIDED	estimated	P_CREATE	gen_frame	DISTRIBUTION_DISAGREES	P_CREATE	{"が": ["ANIMAL", "PERSON"]}	{"role_distribution@jawiki": ["を"]}	88
協議する	171	P	DECIDED	direct	P_COMMUNICATE	gen_frame,role_distribution@codex:general_qa,role_distribution@jawiki		P_COMMUNICATE	{"と": ["ABSTRACT", "EVENT_ACT", "INFO_LANGUAGE"], "を": ["GROUP_ORG", "PERSON"]}	{"role_distribution@codex:general_qa": ["を"], "role_distribution@jawiki": ["を"]}	113
南下する	171	P	DECIDED	estimated	P_MOVE	gen_frame		P_MOVE	{"が": ["ANIMAL", "ARTIFACT", "GROUP_ORG", "PERSON"], "へ": ["PLACE"]}	{}	108
処置する	170	P	DECIDED	estimated	P_ACT	gen_frame		P_ACT	{"に": ["ABSTRACT", "ANIMAL", "PERSON", "PLACE"], "を": ["ABSTRACT", "ANIMAL", "ARTIFACT", "BODY_PART", "EVENT_ACT", "PERSON"]}	{}	112
参画する	170	P	DECIDED	estimated	P_ACT	gen_frame		P_ACT	{"に": ["EVENT_ACT"]}	{}	167
試し履きする	170	P	DECIDED	estimated	P_PERCEIVE	gen_frame		P_PERCEIVE	{"を": ["ARTIFACT"]}	{}	137
鋳造する	170	P	DECIDED	estimated	P_CREATE	gen_frame		P_CREATE	{"を": ["SUBSTANCE_FOOD"]}	{}	102
スキャンする	169	P	DECIDED	estimated	P_PERCEIVE	gen_frame		P_PERCEIVE	{"を": ["ARTIFACT", "INFO_LANGUAGE"]}	{}	76
受講する	169	P	DECIDED	estimated	P_ACT	gen_frame	DISTRIBUTION_DISAGREES	P_ACT	{"を": ["EVENT_ACT", "INFO_LANGUAGE"]}	{"role_distribution@jawiki": ["を"]}	85
履行する	169	P	DECIDED	estimated	P_ACT	gen_frame		P_ACT	{"を": ["ABSTRACT", "EVENT_ACT"]}	{}	79
朗読する	169	P	DECIDED	direct	P_COMMUNICATE	gen_frame,role_distribution@codex:paraphrase_entail,role_distribution@jawiki		P_COMMUNICATE	{"を": ["INFO_LANGUAGE", "WORK"]}	{"role_distribution@codex:paraphrase_entail": ["を"], "role_distribution@jawiki": ["を"]}	82
衰退する	169	P	DECIDED	estimated	P_CHANGE	gen_frame		P_CHANGE	{"が": ["ABSTRACT", "GROUP_ORG", "PLANT", "STATE_PROPERTY"]}	{}	166
課税する	169	P	DECIDED	estimated	P_ACT	gen_frame		P_ACT	{"に": ["ARTIFACT", "GROUP_ORG", "PERSON"]}	{}	95
受粉する	168	P	DECIDED	estimated	P_CREATE	gen_frame		P_CREATE	{"が": ["PLANT"], "に": ["PLANT"]}	{}	79
合致する	168	P	DECIDED	estimated	P_STATE	gen_frame		P_STATE	{"と": ["ABSTRACT", "EVENT_ACT", "STATE_PROPERTY"]}	{}	81
特集する	168	P	DECIDED	estimated	P_COMMUNICATE	gen_frame		P_COMMUNICATE	{"を": ["EVENT_ACT", "INFO_LANGUAGE", "WORK"]}	{}	95
直進する	168	P	DECIDED	estimated	P_MOVE	gen_frame		P_MOVE	{"に": ["ARTIFACT", "PLACE"]}	{}	76
着工する	168	P	DECIDED	estimated	P_CREATE	gen_frame		P_CREATE	{"を": ["ARTIFACT", "PLACE"]}	{}	166
作り置きする	167	P	DECIDED	estimated	P_CREATE	gen_frame	DISTRIBUTION_DISAGREES	P_CREATE	{"を": ["SUBSTANCE_FOOD"]}	{"role_distribution@codex:general_qa": ["を"]}	91
来院する	167	P	DECIDED	estimated	P_MOVE	gen_frame		P_MOVE	{"に": ["PLACE"]}	{}	147
模擬する	167	P	DECIDED	estimated	P_ACT	gen_frame	DISTRIBUTION_DISAGREES	P_ACT	{"を": ["ABSTRACT", "EVENT_ACT"]}	{"role_distribution@codex:code": ["を"]}	147
添加する	167	P	DECIDED	estimated	P_CHANGE	gen_frame	DISTRIBUTION_DISAGREES	P_CHANGE	{"を": ["SUBSTANCE_FOOD"]}	{"role_distribution@jawiki": ["を"]}	148
破裂する	167	P	DECIDED	estimated	P_CHANGE	gen_frame		P_CHANGE	{"が": ["ARTIFACT", "BODY_PART", "SUBSTANCE_FOOD"]}	{}	71
自転する	167	P	DECIDED	estimated	P_MOVE	gen_frame	FRAME_PARTICLES_NOT_COVERED	P_MOVE	{"が": ["ARTIFACT", "NATURAL_PHENOMENON"]}	{"role_distribution@codex:general_qa": ["へ", "から"]}	97
計量する	167	P	DECIDED	estimated	P_ACT	gen_frame	DISTRIBUTION_DISAGREES	P_ACT	{"を": ["ARTIFACT", "SUBSTANCE_FOOD"]}	{"role_distribution@codex:general_qa": ["を"]}	77
頻発する	167	P	DECIDED	estimated	P_EXIST	gen_frame		P_EXIST	{"が": ["EVENT_ACT", "NATURAL_PHENOMENON"]}	{}	99
リアライズする	166	P	UNPLACED							{"role_distribution@codex:code_qa": ["を"]}	119
停滞する	166	P	DECIDED	estimated	P_STATE	gen_frame		P_STATE	{"が": ["ABSTRACT", "EVENT_ACT", "STATE_PROPERTY"]}	{}	50
担保する	166	P	DECIDED	estimated	P_POSSESS	gen_frame		P_POSSESS	{"を": ["ABSTRACT", "ARTIFACT"]}	{}	70
独占する	166	P	DECIDED	estimated	P_POSSESS	gen_frame	DISTRIBUTION_DISAGREES	P_POSSESS	{"を": ["ABSTRACT", "ARTIFACT"]}	{"role_distribution@jawiki": ["を"]}	105
誤記する	166	P	DECIDED	estimated	P_CREATE	gen_frame	DISTRIBUTION_DISAGREES	P_CREATE	{"を": ["INFO_LANGUAGE"]}	{"role_distribution@codex:code": ["を"]}	103
貯蔵する	166	P	DECIDED	estimated	P_POSSESS	gen_frame	DISTRIBUTION_DISAGREES	P_POSSESS	{"を": ["ARTIFACT", "SUBSTANCE_FOOD"]}	{"role_distribution@jawiki": ["を"]}	91
出し入れする	165	P	DECIDED	estimated	P_MOVE	gen_frame	DISTRIBUTION_DISAGREES	P_MOVE	{"に": ["ARTIFACT", "PLACE"], "を": ["ARTIFACT", "SUBSTANCE_FOOD"]}	{"role_distribution@codex:general_qa": ["を"]}	64
屈折する	165	P	DECIDED	estimated	P_CHANGE	gen_frame		P_CHANGE	{"が": ["ABSTRACT", "NATURAL_PHENOMENON"]}	{}	88
投下する	165	P	DECIDED	estimated	P_MOVE	gen_frame	DISTRIBUTION_DISAGREES	P_MOVE	{"に": ["EVENT_ACT", "PLACE"], "を": ["ABSTRACT", "ARTIFACT", "SUBSTANCE_FOOD"]}	{"role_distribution@codex:general_qa": ["を"], "role_distribution@jawiki": ["を"]}	116
登板する	165	P	DECIDED	estimated	P_MOVE	gen_frame		P_MOVE	{"に": ["EVENT_ACT", "PLACE"]}	{}	69
苦戦する	165	P	DECIDED	estimated	P_ACT	gen_frame		P_ACT	{"に": ["ABSTRACT", "EVENT_ACT"]}	{}	95
触発する	165	P	DECIDED	estimated	P_CHANGE	gen_frame		P_CHANGE	{"を": ["ABSTRACT", "EVENT_ACT", "GROUP_ORG", "PERSON"]}	{}	162
防衛する	165	P	DECIDED	estimated	P_ACT	gen_frame		P_ACT	{"を": ["ABSTRACT", "ARTIFACT", "GROUP_ORG", "PLACE"]}	{}	142
集積する	165	P	DECIDED	estimated	P_MOVE	gen_frame		P_MOVE	{"を": ["ABSTRACT", "ARTIFACT", "SUBSTANCE_FOOD"]}	{}	151
加湿する	164	P	DECIDED	estimated	P_CHANGE	gen_frame		P_CHANGE	{"を": ["ARTIFACT", "PLACE"]}	{}	68
安堵する	164	P	DECIDED	estimated	P_EMOTION	gen_frame		P_EMOTION	{"に": ["ABSTRACT", "EVENT_ACT", "STATE_PROPERTY"]}	{}	63
改定する	164	P	DECIDED	estimated	P_CHANGE	gen_frame		P_CHANGE	{"を": ["ABSTRACT", "INFO_LANGUAGE"]}	{}	62
残存する	164	P	DECIDED	estimated	P_EXIST	gen_frame		P_EXIST	{"が": ["ABSTRACT", "ARTIFACT", "PERSON", "PLANT"]}	{}	152
洗練する	164	P	DECIDED	estimated	P_CHANGE	gen_frame		P_CHANGE	{"を": ["ABSTRACT", "STATE_PROPERTY"]}	{}	134
滞留する	164	P	DECIDED	estimated	P_STATE	gen_frame		P_STATE	{"に": ["ABSTRACT", "ARTIFACT", "PLACE"]}	{}	117
調和する	164	P	DECIDED	estimated	P_STATE	gen_frame		P_STATE	{"と": ["ABSTRACT", "ARTIFACT", "GROUP_ORG", "PERSON"]}	{}	64
入浴する	163	P	DECIDED	estimated	P_ACT	gen_frame		P_ACT	{"に": ["PLACE"]}	{}	64
塗装する	163	P	DECIDED	estimated	P_CHANGE	gen_frame	DISTRIBUTION_DISAGREES	P_CHANGE	{"を": ["ARTIFACT", "PLACE"]}	{"role_distribution@codex:paraphrase_entail": ["を"]}	69
浸透する	163	P	DECIDED	direct	P_MOVE	gen_frame,role_distribution@codex:general_qa		P_MOVE	{"に": ["ABSTRACT", "ARTIFACT", "PLACE"]}	{"role_distribution@codex:general_qa": ["へ"]}	114
留意する	163	P	DECIDED	estimated	P_COGNITION	gen_frame		P_COGNITION	{"に": ["ABSTRACT", "EVENT_ACT", "STATE_PROPERTY"]}	{}	112
発根する	163	P	DECIDED	estimated	P_CHANGE	gen_frame		P_CHANGE	{"が": ["PLANT"]}	{}	147
通用する	163	P	DECIDED	estimated	P_STATE	gen_frame		P_STATE	{"に": ["ABSTRACT", "GROUP_ORG", "PERSON", "PLACE"]}	{}	134
throwする	162	P	UNPLACED							{"role_distribution@codex:code": ["を"]}	146
ねぎする	162	P	UNPLACED							{}	160
アレンジする	162	P	DECIDED	estimated	P_CREATE	gen_frame	DISTRIBUTION_DISAGREES	P_CREATE	{"を": ["ABSTRACT", "ARTIFACT", "EVENT_ACT", "WORK"]}	{"role_distribution@jawiki": ["を"]}	151
突入する	162	P	DECIDED	estimated	P_MOVE	gen_frame		P_MOVE	{"に": ["ARTIFACT", "PLACE"]}	{}	123
休刊する	161	P	DECIDED	estimated	P_ACT	gen_frame		P_ACT		{}	161
仮装する	160	P	DECIDED	estimated	P_ACT	gen_frame		P_ACT	{"を": ["ARTIFACT", "EVENT_ACT"]}	{}	112
共用する	160	P	DECIDED	estimated	P_ACT	gen_frame	DISTRIBUTION_DISAGREES	P_ACT	{"を": ["ABSTRACT", "ARTIFACT"]}	{"role_distribution@codex:general_qa": ["を"]}	66
手洗いする	160	P	DECIDED	estimated	P_ACT	gen_frame		P_ACT	{"を": ["ARTIFACT", "BODY_PART"]}	{}	60
手書きする	159	P	DECIDED	estimated	P_CREATE	gen_frame		P_CREATE	{"を": ["ARTIFACT", "INFO_LANGUAGE"]}	{}	92
降下する	159	P	DECIDED	estimated	P_MOVE	gen_frame		P_MOVE	{"が": ["ARTIFACT", "NATURAL_PHENOMENON"]}	{}	92
うっかりする	158	P	DECIDED	estimated	P_STATE	gen_frame		P_STATE		{}	130
マッチする	158	P	DECIDED	estimated	P_STATE	gen_frame		P_STATE	{"と": ["ARTIFACT", "GROUP_ORG", "PERSON", "STATE_PROPERTY"]}	{}	89
ロードする	158	P	DECIDED	estimated	P_ACT	gen_frame	DISTRIBUTION_DISAGREES	P_ACT	{"を": ["ARTIFACT", "INFO_LANGUAGE"]}	{"role_distribution@codex:code": ["を"]}	86
努力する	158	P	DECIDED	estimated	P_ACT	gen_frame		P_ACT	{"に": ["ABSTRACT", "EVENT_ACT", "STATE_PROPERTY"]}	{}	57
演出する	158	P	DECIDED	estimated	P_CREATE	gen_frame		P_CREATE	{"を": ["ABSTRACT", "ARTIFACT", "EVENT_ACT", "WORK"]}	{}	120
肥大する	158	P	DECIDED	estimated	P_CHANGE	gen_frame		P_CHANGE	{"が": ["ARTIFACT", "BODY_PART", "PLANT"]}	{}	128
豆まきする	158	P	DECIDED	estimated	P_ACT	gen_frame		P_ACT	{"を": ["ARTIFACT", "SUBSTANCE_FOOD"]}	{}	130
転勤する	158	P	DECIDED	estimated	P_MOVE	gen_frame		P_MOVE	{"へ": ["GROUP_ORG", "PLACE"]}	{}	82
けんかする	157	P	DECIDED	estimated	P_ACT	gen_frame		P_ACT	{"と": ["ANIMAL", "GROUP_ORG", "PERSON"]}	{}	48
スカウトする	157	P	DECIDED	estimated	P_GIVE	gen_frame		P_GIVE	{"を": ["GROUP_ORG", "PERSON"]}	{}	157
新調する	157	P	DECIDED	estimated	P_CREATE	gen_frame		P_CREATE	{"を": ["ARTIFACT", "BODY_PART"]}	{}	41
陥落する	157	P	DECIDED	estimated	P_CHANGE	gen_frame		P_CHANGE	{"が": ["ARTIFACT", "GROUP_ORG", "PLACE"]}	{}	122
接合する	156	P	DECIDED	estimated	P_ACT	gen_frame		P_ACT	{"を": ["ABSTRACT", "ARTIFACT", "BODY_PART"]}	{}	77
落選する	156	P	DECIDED	estimated	P_STATE	gen_frame		P_STATE	{"に": ["EVENT_ACT", "GROUP_ORG", "PERSON"]}	{}	147
袋詰めする	156	P	DECIDED	estimated	P_ACT	gen_frame		P_ACT	{"を": ["ARTIFACT", "SUBSTANCE_FOOD"]}	{}	108
解雇する	156	P	DECIDED	estimated	P_GIVE	gen_frame		P_GIVE	{"を": ["PERSON"]}	{}	82
領有する	156	P	DECIDED	estimated	P_POSSESS	gen_frame		P_POSSESS	{"を": ["ABSTRACT", "GROUP_ORG", "PLACE"]}	{}	146
削減する	155	P	DECIDED	estimated	P_CHANGE	gen_frame		P_CHANGE	{"を": ["ABSTRACT", "ARTIFACT", "EVENT_ACT", "QUANTITY"]}	{}	129
ほとんどする	154	P	UNPLACED							{}	105
トリムする	154	P	DECIDED	estimated	P_CHANGE	gen_frame		P_CHANGE	{"を": ["ABSTRACT", "ARTIFACT", "BODY_PART"]}	{}	124
倒産する	154	P	DECIDED	estimated	P_CHANGE	gen_frame		P_CHANGE	{"が": ["GROUP_ORG"]}	{}	143
増大する	154	P	DECIDED	estimated	P_CHANGE	gen_frame		P_CHANGE	{"が": ["ABSTRACT", "STATE_PROPERTY"]}	{}	142
宣伝する	154	P	DECIDED	estimated	P_COMMUNICATE	gen_frame		P_COMMUNICATE	{"に": ["GROUP_ORG", "PERSON"], "を": ["EVENT_ACT", "INFO_LANGUAGE", "WORK"]}	{}	126
射殺する	154	P	DECIDED	estimated	P_ACT	gen_frame	DISTRIBUTION_DISAGREES	P_ACT	{"を": ["ANIMAL", "PERSON"]}	{"role_distribution@jawiki": ["を"]}	154
常用する	154	P	DECIDED	estimated	P_ACT	gen_frame		P_ACT	{"を": ["ARTIFACT", "EVENT_ACT", "INFO_LANGUAGE"]}	{}	111
抜擢する	154	P	DECIDED	estimated	P_GIVE	gen_frame		P_GIVE	{"を": ["PERSON"]}	{}	152
改訂する	154	P	DECIDED	estimated	P_CHANGE	gen_frame		P_CHANGE	{"を": ["INFO_LANGUAGE", "WORK"]}	{}	124
縦断する	154	P	DECIDED	estimated	P_MOVE	gen_frame		P_MOVE	{"を": ["PLACE"]}	{}	119
脱穀する	154	P	DECIDED	estimated	P_ACT	gen_frame	DISTRIBUTION_DISAGREES	P_ACT	{"を": ["PLANT", "SUBSTANCE_FOOD"]}	{"role_distribution@codex:paraphrase_entail": ["を"]}	132
はらする	153	P	UNPLACED							{}	153
コントロールする	153	P	DECIDED	estimated	P_ACT	gen_frame		P_ACT	{"を": ["ABSTRACT", "ARTIFACT", "STATE_PROPERTY"]}	{}	105
上梓する	153	P	DECIDED	estimated	P_CREATE	gen_frame	DISTRIBUTION_DISAGREES	P_CREATE	{"を": ["INFO_LANGUAGE", "WORK"]}	{"role_distribution@jawiki": ["が", "を"]}	153
停泊する	153	P	DECIDED	estimated	P_MOVE	gen_frame		P_MOVE	{"に": ["PLACE", "WORK"]}	{}	58
洗車する	153	P	DECIDED	estimated	P_ACT	gen_frame		P_ACT	{"を": ["ARTIFACT"]}	{}	72
浮上する	153	P	DECIDED	estimated	P_MOVE	gen_frame		P_MOVE	{"から": ["ARTIFACT", "PLACE"], "に": ["PLACE"]}	{}	83
視聴する	153	P	DECIDED	estimated	P_PERCEIVE	gen_frame	DISTRIBUTION_DISAGREES	P_PERCEIVE	{"を": ["INFO_LANGUAGE", "WORK"]}	{"role_distribution@jawiki": ["を"]}	100
オーバーライドする	152	P	DECIDED	estimated	P_CHANGE	gen_frame		P_CHANGE	{"を": ["ARTIFACT", "INFO_LANGUAGE"]}	{}	149
使役する	152	P	DECIDED	estimated	P_ACT	gen_frame		P_ACT	{"を": ["ANIMAL", "PERSON"]}	{}	119
直行する	152	P	DECIDED	estimated	P_MOVE	gen_frame		P_MOVE	{"に": ["PLACE"], "へ": ["PLACE"]}	{}	111
編み物する	152	P	DECIDED	estimated	P_CREATE	gen_frame		P_CREATE	{"を": ["ARTIFACT", "SUBSTANCE_FOOD"]}	{}	152
ROLLBACKする	151	P	UNPLACED							{}	149
分化する	151	P	DECIDED	estimated	P_CHANGE	gen_frame		P_CHANGE	{"が": ["ABSTRACT", "STATE_PROPERTY"], "に": ["ABSTRACT", "STATE_PROPERTY"]}	{}	107
概算する	151	P	DECIDED	estimated	P_COGNITION	gen_frame		P_COGNITION	{"を": ["ARTIFACT", "QUANTITY", "SUBSTANCE_FOOD"]}	{}	77
消耗する	151	P	DECIDED	estimated	P_CHANGE	gen_frame		P_CHANGE	{"が": ["ARTIFACT", "QUANTITY", "SUBSTANCE_FOOD"]}	{}	52
試算する	151	P	DECIDED	estimated	P_COGNITION	gen_frame		P_COGNITION	{"を": ["ABSTRACT", "QUANTITY"]}	{}	101
joinする	150	P	DECIDED	estimated	P_COGNITION	gen_frame		P_COGNITION	{"を": ["ABSTRACT", "INFO_LANGUAGE"]}	{}	149
三振する	150	P	DECIDED	estimated	P_ACT	gen_frame		P_ACT	{"に": ["GROUP_ORG", "PERSON"], "を": ["EVENT_ACT"]}	{}	138
死する	150	P	DECIDED	estimated	P_EXIST	gen_frame		P_EXIST		{}	136
足止めする	150	P	DECIDED	estimated	P_ACT	gen_frame		P_ACT	{"を": ["ANIMAL", "PERSON"]}	{}	58
パースする	149	P	DECIDED	estimated	P_COGNITION	gen_frame		P_COGNITION	{"を": ["ABSTRACT", "INFO_LANGUAGE"]}	{}	79
介入する	149	P	DECIDED	estimated	P_ACT	gen_frame		P_ACT	{"に": ["EVENT_ACT", "GROUP_ORG", "PLACE"]}	{}	92
噴出する	149	P	DECIDED	estimated	P_MOVE	gen_frame		P_MOVE	{"から": ["BODY_PART", "PLACE"], "が": ["NATURAL_PHENOMENON", "SUBSTANCE_FOOD"]}	{}	104
照射する	149	P	DECIDED	estimated	P_ACT	gen_frame		P_ACT	{"に": ["ARTIFACT", "BODY_PART", "PLACE"], "を": ["NATURAL_PHENOMENON", "SUBSTANCE_FOOD"]}	{}	141
包括する	148	P	DECIDED	estimated	P_STATE	gen_frame		P_STATE	{"を": ["ABSTRACT", "EVENT_ACT", "INFO_LANGUAGE"]}	{}	147
君臨する	148	P	DECIDED	estimated	P_STATE	gen_frame		P_STATE	{"に": ["GROUP_ORG", "PERSON", "PLACE"]}	{}	147
硬化する	148	P	DECIDED	estimated	P_CHANGE	gen_frame		P_CHANGE	{"が": ["STATE_PROPERTY", "SUBSTANCE_FOOD"]}	{}	103
養育する	148	P	DECIDED	estimated	P_ACT	gen_frame	DISTRIBUTION_DISAGREES	P_ACT	{"を": ["ANIMAL", "PERSON"]}	{"role_distribution@codex:general_qa": ["を"]}	100
操縦する	147	P	DECIDED	estimated	P_ACT	gen_frame	DISTRIBUTION_DISAGREES	P_ACT	{"を": ["ANIMAL", "ARTIFACT"]}	{"role_distribution@jawiki": ["を"]}	79
超過する	147	P	DECIDED	estimated	P_CHANGE	gen_frame		P_CHANGE	{"より": ["QUANTITY", "STATE_PROPERTY"], "を": ["ABSTRACT", "QUANTITY"]}	{}	56
踏襲する	147	P	DECIDED	estimated	P_ACT	gen_frame		P_ACT	{"を": ["ARTIFACT", "EVENT_ACT", "INFO_LANGUAGE"]}	{}	145
転落する	147	P	DECIDED	estimated	P_MOVE	gen_frame		P_MOVE	{"から": ["ARTIFACT", "PLACE"], "に": ["PLACE"]}	{}	65
造営する	147	P	DECIDED	estimated	P_CREATE	gen_frame		P_CREATE	{"を": ["ARTIFACT", "PLACE"]}	{}	112
尊敬する	146	P	DECIDED	estimated	P_EMOTION	gen_frame		P_EMOTION	{"を": ["GROUP_ORG", "PERSON"]}	{}	137
焼成する	146	P	DECIDED	estimated	P_CREATE	gen_frame		P_CREATE	{"を": ["ARTIFACT", "SUBSTANCE_FOOD"]}	{}	105
約分する	146	P	DECIDED	estimated	P_CHANGE	gen_frame		P_CHANGE	{"を": ["QUANTITY"]}	{}	106
リングする	145	P	DECIDED	estimated	P_ACT	gen_frame	DISTRIBUTION_DISAGREES	P_ACT	{"を": ["GROUP_ORG"]}	{"role_distribution@codex:code": ["を"]}	103
代行する	145	P	DECIDED	estimated	P_ACT	gen_frame	DISTRIBUTION_DISAGREES	P_ACT	{"を": ["EVENT_ACT", "GROUP_ORG", "PERSON"]}	{"role_distribution@jawiki": ["を"]}	93
崇拝する	145	P	DECIDED	estimated	P_EMOTION	gen_frame		P_EMOTION	{"を": ["ABSTRACT", "GROUP_ORG", "PERSON"]}	{}	141
採集する	145	P	DECIDED	estimated	P_ACT	gen_frame		P_ACT	{"を": ["ANIMAL", "ARTIFACT", "PLANT", "SUBSTANCE_FOOD"]}	{}	93
転身する	145	P	DECIDED	estimated	P_CHANGE	gen_frame		P_CHANGE	{"に": ["ABSTRACT", "PERSON", "STATE_PROPERTY"]}	{}	145
味つけする	144	P	DECIDED	estimated	P_ACT	gen_frame		P_ACT	{"で": ["SUBSTANCE_FOOD"]}	{}	91
在任する	144	P	DECIDED	estimated	P_STATE	gen_frame		P_STATE	{"で": ["GROUP_ORG"], "に": ["GROUP_ORG", "PLACE"]}	{}	143
寄稿する	144	P	DECIDED	estimated	P_COMMUNICATE	gen_frame		P_COMMUNICATE	{"に": ["INFO_LANGUAGE", "WORK"]}	{}	143
研磨する	144	P	DECIDED	estimated	P_CHANGE	gen_frame		P_CHANGE	{"を": ["ARTIFACT", "BODY_PART", "SUBSTANCE_FOOD"]}	{}	93
空回りする	144	P	DECIDED	estimated	P_ACT	gen_frame		P_ACT	{"が": ["ARTIFACT", "BODY_PART", "EVENT_ACT"]}	{}	69
アーカイブする	143	P	DECIDED	estimated	P_ACT	gen_frame	DISTRIBUTION_DISAGREES	P_ACT	{"を": ["ARTIFACT", "INFO_LANGUAGE", "WORK"]}	{"role_distribution@codex:code": ["を"]}	100
台頭する	143	P	DECIDED	estimated	P_MOVE	gen_frame		P_MOVE	{"が": ["GROUP_ORG", "PERSON"]}	{}	102
決済する	143	P	DECIDED	estimated	P_GIVE	gen_frame		P_GIVE	{"を": ["ABSTRACT", "ARTIFACT", "QUANTITY"]}	{}	71
縮合する	143	P	DECIDED	estimated	P_CHANGE	gen_frame		P_CHANGE	{"が": ["SUBSTANCE_FOOD"], "と": ["SUBSTANCE_FOOD"]}	{}	143
リベースする	142	P	UNPLACED							{}	142
棲息する	142	P	DECIDED	estimated	P_EXIST	gen_frame		P_EXIST	{"に": ["PLACE"]}	{}	142
溶解する	142	P	DECIDED	estimated	P_CHANGE	gen_frame		P_CHANGE	{"が": ["SUBSTANCE_FOOD"], "を": ["SUBSTANCE_FOOD"]}	{}	135
発火する	142	P	DECIDED	estimated	P_CHANGE	gen_frame		P_CHANGE	{"が": ["ARTIFACT", "NATURAL_PHENOMENON", "SUBSTANCE_FOOD"]}	{}	52
通話する	142	P	DECIDED	estimated	P_COMMUNICATE	gen_frame		P_COMMUNICATE	{"と": ["GROUP_ORG", "PERSON"]}	{}	69
並列する	141	P	DECIDED	estimated	P_ACT	gen_frame		P_ACT	{"を": ["ABSTRACT", "ARTIFACT", "INFO_LANGUAGE"]}	{}	113
伸び縮みする	141	P	DECIDED	estimated	P_CHANGE	gen_frame		P_CHANGE	{"が": ["ABSTRACT", "ARTIFACT", "BODY_PART", "QUANTITY"]}	{}	75
作付けする	141	P	DECIDED	estimated	P_ACT	gen_frame	DISTRIBUTION_DISAGREES	P_ACT	{"に": ["PLACE"], "を": ["PLANT"]}	{"role_distribution@codex:paraphrase_entail": ["を"]}	137
圧倒する	141	P	DECIDED	estimated	P_ACT	gen_frame		P_ACT	{"を": ["ABSTRACT", "ANIMAL", "GROUP_ORG", "PERSON"]}	{}	51
奨励する	141	P	DECIDED	direct	P_COMMUNICATE	gen_frame,role_distribution@jawiki		P_COMMUNICATE	{"を": ["EVENT_ACT", "GROUP_ORG", "PERSON"]}	{"role_distribution@jawiki": ["を"]}	130
廃絶する	141	P	DECIDED	estimated	P_CHANGE	gen_frame		P_CHANGE	{"を": ["ABSTRACT", "EVENT_ACT", "GROUP_ORG"]}	{}	141
承継する	141	P	DECIDED	estimated	P_GIVE	gen_frame	DISTRIBUTION_DISAGREES	P_GIVE	{"を": ["ABSTRACT", "ARTIFACT", "IDENTIFIER"]}	{"role_distribution@jawiki": ["を"]}	127
抑止する	141	P	DECIDED	estimated	P_ACT	gen_frame	DISTRIBUTION_DISAGREES	P_ACT	{"を": ["ABSTRACT", "EVENT_ACT", "GROUP_ORG", "PERSON"]}	{"role_distribution@codex:code": ["を"]}	99
投影する	141	P	DECIDED	estimated	P_ACT	gen_frame		P_ACT	{"を": ["ARTIFACT", "BODY_PART", "INFO_LANGUAGE", "WORK"]}	{}	69
配列する	141	P	DECIDED	estimated	P_ACT	gen_frame		P_ACT	{"を": ["ABSTRACT", "ARTIFACT", "INFO_LANGUAGE", "QUANTITY"]}	{}	129
うちする	140	P	UNPLACED							{}	140
制覇する	140	P	DECIDED	estimated	P_ACT	gen_frame		P_ACT	{"を": ["EVENT_ACT", "GROUP_ORG", "PLACE"]}	{}	136
徐行する	140	P	DECIDED	estimated	P_MOVE	gen_frame		P_MOVE	{"で": ["PLACE"], "を": ["ANIMAL", "ARTIFACT"]}	{}	86
色落ちする	140	P	DECIDED	estimated	P_CHANGE	gen_frame		P_CHANGE	{"が": ["ARTIFACT", "PLANT", "SUBSTANCE_FOOD"]}	{}	42
ふりする	139	P	DECIDED	estimated	P_ACT	gen_frame		P_ACT	{"を": ["EVENT_ACT", "STATE_PROPERTY"]}	{}	98
傑出する	139	P	DECIDED	estimated	P_STATE	gen_frame		P_STATE	{"が": ["ABSTRACT", "ARTIFACT", "GROUP_ORG", "PERSON"]}	{}	139
弁償する	139	P	DECIDED	estimated	P_GIVE	gen_frame		P_GIVE	{"を": ["ABSTRACT", "ARTIFACT", "QUANTITY", "SUBSTANCE_FOOD"]}	{}	106
急変する	139	P	DECIDED	estimated	P_CHANGE	gen_frame		P_CHANGE	{"が": ["STATE_PROPERTY"]}	{}	51
擁立する	139	P	DECIDED	estimated	P_ACT	gen_frame	DISTRIBUTION_DISAGREES	P_ACT	{"が": ["GROUP_ORG", "PERSON"], "を": ["GROUP_ORG", "PERSON"]}	{"role_distribution@jawiki": ["を"]}	130
敵対する	139	P	DECIDED	estimated	P_STATE	gen_frame		P_STATE	{"が": ["GROUP_ORG", "PERSON"], "と": ["GROUP_ORG", "PERSON"]}	{}	127
断水する	139	P	DECIDED	estimated	P_EXIST	gen_frame		P_EXIST	{"が": ["ARTIFACT", "GROUP_ORG", "PLACE"]}	{}	79
くんれんする	138	P	DECIDED	estimated	P_ACT	gen_frame		P_ACT	{"が": ["GROUP_ORG", "PERSON"], "を": ["ABSTRACT", "EVENT_ACT", "STATE_PROPERTY"]}	{}	138
ページングする	138	P	UNPLACED							{"role_distribution@codex:code": ["を"]}	133
下降する	138	P	DECIDED	estimated	P_MOVE	gen_frame		P_MOVE	{"が": ["ABSTRACT", "ARTIFACT", "QUANTITY"]}	{}	64
値下がりする	138	P	DECIDED	estimated	P_CHANGE	gen_frame		P_CHANGE	{"が": ["ABSTRACT", "ARTIFACT", "SUBSTANCE_FOOD"]}	{}	88
先導する	138	P	DECIDED	estimated	P_ACT	gen_frame		P_ACT	{"が": ["GROUP_ORG", "PERSON"], "を": ["GROUP_ORG", "PERSON"]}	{}	45
凝縮する	138	P	DECIDED	estimated	P_CHANGE	gen_frame		P_CHANGE	{"が": ["ABSTRACT", "NATURAL_PHENOMENON", "SUBSTANCE_FOOD"]}	{}	69
漏えいする	138	P	DECIDED	estimated	P_EXIST	gen_frame		P_EXIST	{"が": ["ABSTRACT", "INFO_LANGUAGE", "SUBSTANCE_FOOD"]}	{}	113
降格する	138	P	DECIDED	estimated	P_CHANGE	gen_frame		P_CHANGE	{"が": ["GROUP_ORG", "PERSON"]}	{}	137
面談する	138	P	DECIDED	estimated	P_COMMUNICATE	gen_frame		P_COMMUNICATE	{"が": ["GROUP_ORG", "PERSON"], "と": ["GROUP_ORG", "PERSON"]}	{}	121
まちする	137	P	UNPLACED							{}	137
勝する	137	P	UNPLACED							{"role_distribution@jawiki": ["を"]}	107
注力する	137	P	DECIDED	estimated	P_ACT	gen_frame		P_ACT	{"が": ["GROUP_ORG", "PERSON"], "に": ["ABSTRACT", "EVENT_ACT"]}	{}	136
あくびする	136	P	DECIDED	estimated	P_ACT	gen_frame		P_ACT	{"が": ["ANIMAL", "PERSON"]}	{}	55
ストレッチする	136	P	DECIDED	estimated	P_ACT	gen_frame		P_ACT	{"が": ["ANIMAL", "PERSON"]}	{}	103
供用する	136	P	DECIDED	estimated	P_ACT	gen_frame		P_ACT	{"が": ["ARTIFACT", "GROUP_ORG", "PLACE"]}	{}	136
奪取する	136	P	DECIDED	estimated	P_ACT	gen_frame		P_ACT	{"が": ["GROUP_ORG", "PERSON"], "を": ["ABSTRACT", "ARTIFACT", "IDENTIFIER"]}	{}	136
実験する	136	P	DECIDED	estimated	P_ACT	gen_frame		P_ACT	{"が": ["GROUP_ORG", "PERSON"], "を": ["ABSTRACT", "EVENT_ACT", "NATURAL_PHENOMENON"]}	{}	50
紅葉する	136	P	DECIDED	estimated	P_CHANGE	gen_frame		P_CHANGE	{"が": ["PLANT"]}	{}	83
遺贈する	136	P	DECIDED	estimated	P_GIVE	gen_frame		P_GIVE	{"が": ["GROUP_ORG", "PERSON"], "に": ["GROUP_ORG", "PERSON"]}	{}	136
量産する	136	P	DECIDED	estimated	P_CREATE	gen_frame	DISTRIBUTION_DISAGREES	P_CREATE	{"が": ["ARTIFACT", "SUBSTANCE_FOOD", "WORK"]}	{"role_distribution@jawiki": ["を"]}	133
ネットする	135	P	DECIDED	estimated	P_ACT	gen_frame		P_ACT	{"が": ["GROUP_ORG", "PERSON"], "を": ["ABSTRACT", "EVENT_ACT"]}	{}	132
同封する	135	P	DECIDED	estimated	P_ACT	gen_frame	DISTRIBUTION_DISAGREES	P_ACT	{"が": ["GROUP_ORG", "PERSON"], "を": ["ARTIFACT", "INFO_LANGUAGE", "WORK"]}	{"role_distribution@codex:pro": ["を"]}	72
字下げする	135	P	DECIDED	estimated	P_CHANGE	gen_frame		P_CHANGE	{"が": ["ARTIFACT", "INFO_LANGUAGE"]}	{}	121
訓練する	135	P	DECIDED	estimated	P_ACT	gen_frame		P_ACT	{"が": ["GROUP_ORG", "PERSON"], "を": ["ABSTRACT", "EVENT_ACT", "STATE_PROPERTY"]}	{}	94
逆流する	135	P	DECIDED	estimated	P_MOVE	gen_frame		P_MOVE	{"が": ["ABSTRACT", "NATURAL_PHENOMENON", "SUBSTANCE_FOOD"]}	{}	51
INSERTする	134	P	UNPLACED							{"role_distribution@codex:code": ["を"]}	107
出家する	134	P	DECIDED	estimated	P_CHANGE	gen_frame		P_CHANGE	{"が": ["PERSON"]}	{}	128
応対する	134	P	DECIDED	estimated	P_COMMUNICATE	gen_frame		P_COMMUNICATE	{"が": ["GROUP_ORG", "PERSON"], "に": ["GROUP_ORG", "PERSON"]}	{}	58
接収する	134	P	DECIDED	estimated	P_ACT	gen_frame		P_ACT	{"が": ["ABSTRACT", "ARTIFACT", "PLACE"]}	{}	134
消失する	134	P	DECIDED	estimated	P_EXIST	gen_frame		P_EXIST	{"が": ["ABSTRACT", "ARTIFACT", "INFO_LANGUAGE", "SUBSTANCE_FOOD"]}	{}	117
湾曲する	134	P	DECIDED	estimated	P_CHANGE	gen_frame		P_CHANGE	{"が": ["ABSTRACT", "ARTIFACT", "NATURAL_PHENOMENON"]}	{}	98
演技する	134	P	DECIDED	estimated	P_ACT	gen_frame		P_ACT	{"が": ["GROUP_ORG", "PERSON"], "を": ["EVENT_ACT", "WORK"]}	{}	67
精米する	134	P	DECIDED	estimated	P_CHANGE	gen_frame		P_CHANGE	{"が": ["PLANT", "SUBSTANCE_FOOD"], "を": ["PLANT", "SUBSTANCE_FOOD"]}	{}	99
exportする	133	P	DECIDED	direct	P_COMMUNICATE	gen_frame,role_distribution@codex:code		P_COMMUNICATE	{"が": ["GROUP_ORG", "PERSON"], "を": ["IDENTIFIER", "INFO_LANGUAGE", "WORK"]}	{"role_distribution@codex:code": ["を"]}	133
脱皮する	133	P	DECIDED	estimated	P_CHANGE	gen_frame		P_CHANGE	{"が": ["ANIMAL", "PLANT"]}	{}	50
送付する	133	P	DECIDED	estimated	P_COMMUNICATE	gen_frame		P_COMMUNICATE	{"が": ["GROUP_ORG", "PERSON"], "に": ["GROUP_ORG", "PERSON", "PLACE"], "を": ["ARTIFACT", "INFO_LANGUAGE", "SUBSTANCE_FOOD"]}	{}	51
受験する	132	P	DECIDED	estimated	P_ACT	gen_frame	DISTRIBUTION_DISAGREES	P_ACT	{"を": ["EVENT_ACT"]}	{"role_distribution@jawiki": ["を"]}	82
同席する	132	P	DECIDED	estimated	P_ACT	gen_frame		P_ACT	{"と": ["GROUP_ORG", "PERSON"]}	{}	62
自炊する	132	P	DECIDED	estimated	P_CONSUME	gen_frame		P_CONSUME	{"を": ["SUBSTANCE_FOOD"]}	{}	127
返送する	132	P	DECIDED	estimated	P_MOVE	gen_frame		P_MOVE	{"から": ["GROUP_ORG", "PERSON"], "に": ["GROUP_ORG", "PERSON"], "を": ["ARTIFACT", "INFO_LANGUAGE"]}	{}	59
バウンドする	131	P	DECIDED	estimated	P_MOVE	gen_frame		P_MOVE	{"が": ["ARTIFACT"], "に": ["ARTIFACT", "PLACE"]}	{}	64
ポーリングする	131	P	DECIDED	estimated	P_ACT	gen_frame		P_ACT	{"を": ["ABSTRACT", "INFO_LANGUAGE"]}	{}	125
協賛する	131	P	DECIDED	estimated	P_GIVE	gen_frame		P_GIVE	{"を": ["EVENT_ACT", "GROUP_ORG"]}	{}	129
招集する	131	P	DECIDED	estimated	P_MOVE	gen_frame		P_MOVE	{"を": ["GROUP_ORG", "PERSON"]}	{}	113
濃縮する	131	P	DECIDED	estimated	P_CHANGE	gen_frame		P_CHANGE	{"を": ["ABSTRACT", "SUBSTANCE_FOOD"]}	{}	75
ふたする	130	P	DECIDED	estimated	P_ACT	gen_frame		P_ACT	{"に": ["ARTIFACT", "PLACE"]}	{}	117
モックする	130	P	DECIDED	estimated	P_ACT	gen_frame		P_ACT	{"を": ["ARTIFACT", "INFO_LANGUAGE"]}	{}	68
入金する	130	P	DECIDED	estimated	P_MOVE	gen_frame		P_MOVE	{"に": ["GROUP_ORG", "PERSON"], "を": ["ABSTRACT", "QUANTITY"]}	{}	65
出展する	130	P	DECIDED	estimated	P_ACT	gen_frame	DISTRIBUTION_DISAGREES	P_ACT	{"に": ["EVENT_ACT", "PLACE"]}	{"role_distribution@jawiki": ["が", "を"]}	121
失脚する	130	P	DECIDED	estimated	P_CHANGE	gen_frame		P_CHANGE	{"が": ["GROUP_ORG", "PERSON"]}	{}	122
対峙する	130	P	DECIDED	estimated	P_ACT	gen_frame		P_ACT	{"と": ["ANIMAL", "GROUP_ORG", "PERSON"]}	{}	119
批准する	130	P	DECIDED	estimated	P_ACT	gen_frame		P_ACT	{"を": ["ABSTRACT", "INFO_LANGUAGE"]}	{}	115
抹消する	130	P	DECIDED	estimated	P_CHANGE	gen_frame		P_CHANGE	{"を": ["ABSTRACT", "ARTIFACT", "INFO_LANGUAGE"]}	{}	113
来館する	130	P	DECIDED	estimated	P_MOVE	gen_frame		P_MOVE	{"に": ["PLACE"]}	{}	83
脚色する	130	P	DECIDED	estimated	P_CREATE	gen_frame	DISTRIBUTION_DISAGREES	P_CREATE	{"を": ["INFO_LANGUAGE", "WORK"]}	{"role_distribution@jawiki": ["を"]}	125
公演する	129	P	DECIDED	estimated	P_ACT	gen_frame		P_ACT	{"を": ["EVENT_ACT", "WORK"]}	{}	119
噴射する	129	P	DECIDED	estimated	P_ACT	gen_frame	DISTRIBUTION_DISAGREES	P_ACT	{"を": ["NATURAL_PHENOMENON", "SUBSTANCE_FOOD"]}	{"role_distribution@codex:general_qa": ["を"]}	63
妨害する	129	P	DECIDED	estimated	P_ACT	gen_frame	DISTRIBUTION_DISAGREES	P_ACT	{"から": ["GROUP_ORG", "PERSON"], "を": ["ABSTRACT", "EVENT_ACT"]}	{"role_distribution@jawiki": ["を"]}	98
手助けする	129	P	DECIDED	estimated	P_GIVE	gen_frame		P_GIVE	{"を": ["ABSTRACT", "EVENT_ACT", "PERSON"]}	{}	57
落札する	129	P	DECIDED	estimated	P_POSSESS	gen_frame		P_POSSESS	{"を": ["ARTIFACT"]}	{}	111
被災する	129	P	DECIDED	estimated	P_STATE	gen_frame		P_STATE	{"に": ["EVENT_ACT", "NATURAL_PHENOMENON"]}	{}	86
かわする	128	P	UNPLACED							{}	128
保湿する	128	P	DECIDED	estimated	P_CHANGE	gen_frame		P_CHANGE	{"を": ["ARTIFACT", "BODY_PART", "SUBSTANCE_FOOD"]}	{}	87
妊娠する	127	P	DECIDED	estimated	P_STATE	gen_frame		P_STATE	{"が": ["ANIMAL", "PERSON"]}	{}	72
敗退する	127	P	DECIDED	estimated	P_MOVE	gen_frame		P_MOVE	{"で": ["EVENT_ACT", "GROUP_ORG"]}	{}	99
渡来する	127	P	DECIDED	estimated	P_MOVE	gen_frame		P_MOVE	{"から": ["GROUP_ORG", "PERSON"], "に": ["PLACE"]}	{}	105
発電する	127	P	DECIDED	estimated	P_CREATE	gen_frame		P_CREATE	{"を": ["ARTIFACT", "SUBSTANCE_FOOD"]}	{}	61
読込する	127	P	DECIDED	estimated	P_PERCEIVE	gen_frame		P_PERCEIVE	{"を": ["ARTIFACT", "INFO_LANGUAGE"]}	{}	119
伐採する	126	P	DECIDED	estimated	P_ACT	gen_frame		P_ACT	{"を": ["PLANT"]}	{}	53
分けする	126	P	UNPLACED							{}	52
排水する	126	P	DECIDED	estimated	P_MOVE	gen_frame		P_MOVE	{"を": ["ARTIFACT", "SUBSTANCE_FOOD"]}	{}	63
擁護する	126	P	DECIDED	estimated	P_ACT	gen_frame		P_ACT	{"を": ["ABSTRACT", "GROUP_ORG", "PERSON"]}	{}	126
くつする	125	P	UNPLACED							{}	61
けっていする	125	P	DECIDED	estimated	P_COGNITION	gen_frame		P_COGNITION	{"を": ["ABSTRACT", "EVENT_ACT", "INFO_LANGUAGE"]}	{}	125
上乗せする	125	P	DECIDED	estimated	P_MOVE	gen_frame		P_MOVE	{"に": ["ABSTRACT", "QUANTITY"], "を": ["ABSTRACT", "ARTIFACT", "SUBSTANCE_FOOD"]}	{}	74
世襲する	125	P	DECIDED	estimated	P_POSSESS	gen_frame	DISTRIBUTION_DISAGREES	P_POSSESS	{"を": ["ABSTRACT", "ARTIFACT"]}	{"role_distribution@jawiki": ["を"]}	110
代謝する	125	P	DECIDED	estimated	P_CHANGE	gen_frame		P_CHANGE	{"が": ["ABSTRACT", "SUBSTANCE_FOOD"]}	{}	76
低減する	125	P	DECIDED	estimated	P_CHANGE	gen_frame		P_CHANGE	{"が": ["ABSTRACT", "QUANTITY"]}	{}	99
来航する	125	P	DECIDED	estimated	P_MOVE	gen_frame		P_MOVE	{"が": ["GROUP_ORG", "PERSON"], "に": ["PLACE"]}	{}	84
正解する	125	P	DECIDED	estimated	P_COGNITION	gen_frame	DISTRIBUTION_DISAGREES	P_COGNITION	{"に": ["ABSTRACT", "INFO_LANGUAGE"]}	{"role_distribution@codex:paraphrase_entail": ["を"]}	72
点火する	125	P	DECIDED	estimated	P_ACT	gen_frame		P_ACT	{"が": ["ARTIFACT", "SUBSTANCE_FOOD"]}	{}	42
誘拐する	125	P	DECIDED	estimated	P_ACT	gen_frame		P_ACT	{"が": ["ANIMAL", "PERSON"], "を": ["ANIMAL", "PERSON"]}	{}	125
通電する	125	P	DECIDED	estimated	P_STATE	gen_frame		P_STATE	{"が": ["ARTIFACT", "SUBSTANCE_FOOD"]}	{}	65
連発する	125	P	DECIDED	estimated	P_ACT	gen_frame		P_ACT	{"が": ["ARTIFACT", "EVENT_ACT", "INFO_LANGUAGE"]}	{}	38
ノックする	124	P	DECIDED	estimated	P_ACT	gen_frame		P_ACT	{"が": ["ARTIFACT"]}	{}	40
孵化する	124	P	DECIDED	estimated	P_CHANGE	gen_frame		P_CHANGE	{"が": ["ANIMAL", "PLANT"]}	{}	42
教育する	124	P	DECIDED	estimated	P_ACT	gen_frame	DISTRIBUTION_DISAGREES	P_ACT	{"が": ["GROUP_ORG", "PERSON"], "を": ["GROUP_ORG", "PERSON"]}	{"role_distribution@jawiki": ["を"]}	105
着色する	124	P	DECIDED	estimated	P_CHANGE	gen_frame		P_CHANGE	{"が": ["ARTIFACT", "BODY_PART", "SUBSTANCE_FOOD"]}	{}	94
赴任する	124	P	DECIDED	estimated	P_MOVE	gen_frame		P_MOVE	{"が": ["PERSON"], "に": ["GROUP_ORG", "PLACE"]}	{}	83
退役する	124	P	DECIDED	estimated	P_CHANGE	gen_frame		P_CHANGE	{"が": ["GROUP_ORG", "PERSON"]}	{}	123
逃亡する	124	P	DECIDED	estimated	P_MOVE	gen_frame		P_MOVE	{"から": ["PLACE"], "が": ["ANIMAL", "PERSON"]}	{}	122
遷移する	124	P	DECIDED	estimated	P_CHANGE	gen_frame		P_CHANGE	{"が": ["ABSTRACT", "INFO_LANGUAGE"], "に": ["ABSTRACT", "STATE_PROPERTY"]}	{}	88
靴ずれする	124	P	DECIDED	estimated	P_STATE	gen_frame		P_STATE	{"が": ["BODY_PART", "STATE_PROPERTY"]}	{}	76
かんじょうする	123	P	UNPLACED							{}	123
共生する	123	P	DECIDED	estimated	P_EXIST	gen_frame		P_EXIST	{"が": ["ANIMAL", "PERSON", "PLANT"], "と": ["ANIMAL", "PERSON", "PLANT"]}	{}	78
転入する	123	P	DECIDED	estimated	P_MOVE	gen_frame		P_MOVE	{"が": ["PERSON"], "に": ["GROUP_ORG", "PLACE"]}	{}	66
しんする	122	P	UNPLACED							{}	122
仲介する	122	P	DECIDED	estimated	P_ACT	gen_frame	DISTRIBUTION_DISAGREES	P_ACT	{"が": ["GROUP_ORG", "PERSON"], "と": ["GROUP_ORG", "PERSON"]}	{"role_distribution@codex:general_qa": ["を"], "role_distribution@jawiki": ["を"]}	64
勝負する	122	P	DECIDED	estimated	P_ACT	gen_frame		P_ACT	{"が": ["GROUP_ORG", "PERSON"], "と": ["GROUP_ORG", "PERSON"]}	{}	57
含有する	122	P	DECIDED	estimated	P_POSSESS	gen_frame	DISTRIBUTION_DISAGREES	P_POSSESS	{"が": ["ABSTRACT", "SUBSTANCE_FOOD"]}	{"role_distribution@jawiki": ["を"]}	122
懸念する	122	P	DECIDED	estimated	P_EMOTION	gen_frame		P_EMOTION	{"が": ["PERSON"], "を": ["ABSTRACT", "EVENT_ACT"]}	{}	98
採掘する	122	P	DECIDED	estimated	P_ACT	gen_frame		P_ACT	{"が": ["PLACE"], "を": ["ABSTRACT", "SUBSTANCE_FOOD"]}	{}	111
流布する	122	P	DECIDED	estimated	P_COMMUNICATE	gen_frame		P_COMMUNICATE	{"が": ["ABSTRACT", "INFO_LANGUAGE"], "を": ["GROUP_ORG", "PERSON", "PLACE"]}	{}	120
満喫する	122	P	DECIDED	estimated	P_CONSUME	gen_frame		P_CONSUME	{"が": ["PERSON"], "を": ["ABSTRACT", "EVENT_ACT", "PLACE"]}	{}	71
貫通する	122	P	DECIDED	estimated	P_MOVE	gen_frame		P_MOVE	{"が": ["ABSTRACT", "ARTIFACT", "PLACE"], "を": ["ABSTRACT", "ARTIFACT", "BODY_PART"]}	{}	105
起工する	122	P	DECIDED	estimated	P_CREATE	gen_frame		P_CREATE	{"が": ["GROUP_ORG"], "を": ["ARTIFACT", "PLACE"]}	{}	122
転戦する	122	P	DECIDED	estimated	P_MOVE	gen_frame		P_MOVE	{"が": ["GROUP_ORG", "PERSON"], "に": ["PLACE"]}	{}	119
飛来する	122	P	DECIDED	estimated	P_MOVE	gen_frame	FRAME_PARTICLES_NOT_COVERED	P_MOVE	{"が": ["ANIMAL", "ARTIFACT", "NATURAL_PHENOMENON"], "に": ["PLACE"]}	{"role_distribution@jawiki": ["から"]}	79
アサートする	121	P	DECIDED	estimated	P_COMMUNICATE	gen_frame		P_COMMUNICATE	{"が": ["ABSTRACT", "INFO_LANGUAGE"], "に": ["GROUP_ORG", "PERSON"]}	{}	71
入館する	121	P	DECIDED	estimated	P_MOVE	gen_frame		P_MOVE	{"が": ["PERSON"], "に": ["PLACE"]}	{}	85
再訪する	121	P	DECIDED	estimated	P_MOVE	gen_frame		P_MOVE	{"が": ["PERSON"], "を": ["PLACE"]}	{}	59
実証する	121	P	DECIDED	estimated	P_COMMUNICATE	gen_frame		P_COMMUNICATE	{"が": ["GROUP_ORG", "PERSON"], "を": ["ABSTRACT", "INFO_LANGUAGE", "STATE_PROPERTY"]}	{}	118
沈黙する	121	P	DECIDED	estimated	P_STATE	gen_frame		P_STATE	{"が": ["GROUP_ORG", "PERSON"]}	{}	33
消火する	121	P	DECIDED	estimated	P_ACT	gen_frame		P_ACT	{"が": ["GROUP_ORG", "PERSON"], "を": ["ARTIFACT", "EVENT_ACT", "SUBSTANCE_FOOD"]}	{}	67
献上する	121	P	DECIDED	estimated	P_GIVE	gen_frame		P_GIVE	{"が": ["GROUP_ORG", "PERSON"], "に": ["GROUP_ORG", "PERSON"], "を": ["ARTIFACT", "SUBSTANCE_FOOD"]}	{}	92
食べ歩きする	121	P	DECIDED	estimated	P_CONSUME	gen_frame		P_CONSUME	{"が": ["PERSON"], "を": ["PLACE", "SUBSTANCE_FOOD"]}	{}	119
骨折する	121	P	DECIDED	estimated	P_CHANGE	gen_frame		P_CHANGE	{"を": ["BODY_PART"]}	{}	53
さくらする	120	P	UNPLACED							{}	66
早世する	120	P	DECIDED	estimated	P_STATE	gen_frame		P_STATE	{"が": ["PERSON"]}	{}	120
退団する	120	P	DECIDED	estimated	P_MOVE	gen_frame		P_MOVE	{"を": ["GROUP_ORG"]}	{}	117
デプロイする	119	P	DECIDED	estimated	P_ACT	gen_frame		P_ACT	{"を": ["ARTIFACT", "INFO_LANGUAGE"]}	{}	114
ペアリングする	119	P	DECIDED	estimated	P_ACT	gen_frame	DISTRIBUTION_DISAGREES	P_ACT	{"と": ["ARTIFACT", "PERSON"]}	{"role_distribution@codex:general_qa": ["を"]}	109
告発する	119	P	DECIDED	estimated	P_COMMUNICATE	gen_frame		P_COMMUNICATE	{"を": ["GROUP_ORG", "PERSON"]}	{}	113
失踪する	119	P	DECIDED	estimated	P_MOVE	gen_frame		P_MOVE	{"が": ["PERSON"]}	{}	109
引火する	119	P	DECIDED	estimated	P_CHANGE	gen_frame		P_CHANGE	{"に": ["SUBSTANCE_FOOD"]}	{}	96
排泄する	119	P	DECIDED	estimated	P_ACT	gen_frame		P_ACT	{"を": ["SUBSTANCE_FOOD"]}	{}	57
撤回する	119	P	DECIDED	estimated	P_COMMUNICATE	gen_frame		P_COMMUNICATE	{"を": ["ABSTRACT", "INFO_LANGUAGE"]}	{}	70
見物する	119	P	DECIDED	estimated	P_PERCEIVE	gen_frame		P_PERCEIVE	{"を": ["EVENT_ACT", "PLACE", "WORK"]}	{}	24
ランクする	118	P	DECIDED	estimated	P_CHANGE	gen_frame		P_CHANGE	{"に": ["ABSTRACT", "QUANTITY"]}	{}	118
中退する	118	P	DECIDED	estimated	P_MOVE	gen_frame	DISTRIBUTION_DISAGREES	P_MOVE	{"を": ["GROUP_ORG", "PLACE"]}	{"role_distribution@jawiki": ["を"]}	118
掛け算する	118	P	DECIDED	estimated	P_ACT	gen_frame		P_ACT	{"を": ["ABSTRACT", "QUANTITY"]}	{}	95
解任する	118	P	DECIDED	estimated	P_CHANGE	gen_frame		P_CHANGE	{"を": ["PERSON"]}	{}	117
言い訳する	118	P	DECIDED	estimated	P_COMMUNICATE	gen_frame		P_COMMUNICATE	{"を": ["ABSTRACT", "INFO_LANGUAGE"]}	{}	91
誘発する	118	P	DECIDED	estimated	P_ACT	gen_frame	DISTRIBUTION_DISAGREES	P_ACT	{"を": ["ABSTRACT", "EVENT_ACT"]}	{"role_distribution@jawiki": ["を"]}	87
交配する	117	P	DECIDED	estimated	P_ACT	gen_frame		P_ACT	{"と": ["ANIMAL", "PLANT"]}	{}	104
決意する	117	P	DECIDED	estimated	P_COGNITION	gen_frame	DISTRIBUTION_DISAGREES	P_COGNITION	{"を": ["ABSTRACT", "EVENT_ACT"]}	{"role_distribution@jawiki": ["を"]}	106
しゅうする	116	P	UNPLACED							{}	113
ぶよする	116	P	UNPLACED							{}	116
改宗する	116	P	DECIDED	estimated	P_CHANGE	gen_frame		P_CHANGE	{"を": ["ABSTRACT", "INFO_LANGUAGE"]}	{}	114
配合する	116	P	DECIDED	estimated	P_CREATE	gen_frame	DISTRIBUTION_DISAGREES	P_CREATE	{"を": ["SUBSTANCE_FOOD"]}	{"role_distribution@jawiki": ["を"]}	85
釈放する	116	P	DECIDED	estimated	P_GIVE	gen_frame		P_GIVE	{"を": ["PERSON"]}	{}	100
しゃべりする	115	P	UNPLACED							{}	64
助走する	115	P	DECIDED	estimated	P_MOVE	gen_frame		P_MOVE	{"を": ["ARTIFACT", "PLACE"]}	{}	75
勧告する	115	P	DECIDED	direct	P_COMMUNICATE	gen_frame,role_distribution@jawiki		P_COMMUNICATE	{"に": ["ABSTRACT", "INFO_LANGUAGE"], "を": ["GROUP_ORG", "PERSON"]}	{"role_distribution@jawiki": ["を"]}	110
息する	115	P	DECIDED	estimated	P_ACT	gen_frame		P_ACT		{}	46
脱線する	115	P	DECIDED	estimated	P_MOVE	gen_frame		P_MOVE	{"を": ["ARTIFACT", "PLACE"]}	{}	38
試験する	115	P	DECIDED	estimated	P_ACT	gen_frame		P_ACT	{"を": ["ABSTRACT", "ANIMAL", "ARTIFACT", "PERSON"]}	{}	62
返上する	115	P	DECIDED	estimated	P_GIVE	gen_frame		P_GIVE	{"を": ["ABSTRACT", "ARTIFACT", "GROUP_ORG"]}	{}	72
サンプリングする	114	P	DECIDED	estimated	P_PERCEIVE	gen_frame		P_PERCEIVE	{"を": ["ABSTRACT", "ARTIFACT", "SUBSTANCE_FOOD"]}	{}	66
交戦する	114	P	DECIDED	estimated	P_ACT	gen_frame		P_ACT	{"と": ["GROUP_ORG", "PERSON"]}	{}	106
先送りする	114	P	DECIDED	estimated	P_ACT	gen_frame		P_ACT	{"を": ["ABSTRACT", "EVENT_ACT"]}	{}	53
写生する	114	P	DECIDED	estimated	P_CREATE	gen_frame	DISTRIBUTION_DISAGREES	P_CREATE	{"を": ["EVENT_ACT", "PLACE", "WORK"]}	{"role_distribution@codex:paraphrase_entail": ["を"]}	71
奮闘する	114	P	DECIDED	estimated	P_ACT	gen_frame		P_ACT	{"で": ["ABSTRACT", "EVENT_ACT"]}	{}	112
審理する	114	P	DECIDED	estimated	P_ACT	gen_frame	DISTRIBUTION_DISAGREES	P_ACT	{"を": ["GROUP_ORG", "PERSON"]}	{"role_distribution@codex:general_qa": ["を"]}	85
廃業する	114	P	DECIDED	estimated	P_CHANGE	gen_frame		P_CHANGE	{"を": ["ABSTRACT", "GROUP_ORG"]}	{}	113
投獄する	114	P	DECIDED	estimated	P_GIVE	gen_frame		P_GIVE	{"を": ["PERSON"]}	{}	111
攻略する	114	P	DECIDED	estimated	P_ACT	gen_frame		P_ACT	{"を": ["ABSTRACT", "EVENT_ACT", "PLACE"]}	{}	78
再選する	113	P	DECIDED	estimated	P_ACT	gen_frame		P_ACT	{"に": ["GROUP_ORG", "PERSON"]}	{}	110
咳する	113	P	DECIDED	estimated	P_STATE	gen_frame		P_STATE	{"が": ["BODY_PART", "STATE_PROPERTY"]}	{}	100
帰港する	113	P	DECIDED	estimated	P_MOVE	gen_frame		P_MOVE	{"に": ["PLACE"]}	{}	80
消灯する	113	P	DECIDED	estimated	P_ACT	gen_frame		P_ACT	{"を": ["ARTIFACT"]}	{}	33
発券する	113	P	DECIDED	estimated	P_CREATE	gen_frame		P_CREATE	{"を": ["ARTIFACT"]}	{}	88
直立する	113	P	DECIDED	estimated	P_STATE	gen_frame		P_STATE		{}	94
稼動する	113	P	DECIDED	estimated	P_ACT	gen_frame		P_ACT		{}	113
行進する	113	P	DECIDED	estimated	P_MOVE	gen_frame		P_MOVE	{"を": ["PLACE"]}	{}	48
返球する	113	P	DECIDED	estimated	P_GIVE	gen_frame		P_GIVE	{"に": ["GROUP_ORG", "PERSON"], "を": ["ANIMAL", "ARTIFACT"]}	{}	59
先取りする	112	P	DECIDED	estimated	P_ACT	gen_frame		P_ACT	{"を": ["ABSTRACT", "EVENT_ACT"]}	{}	35
告白する	112	P	DECIDED	estimated	P_COMMUNICATE	gen_frame		P_COMMUNICATE	{"に": ["PERSON"], "を": ["ABSTRACT", "INFO_LANGUAGE"]}	{}	70
想起する	112	P	DECIDED	estimated	P_COGNITION	gen_frame		P_COGNITION	{"を": ["ABSTRACT", "EVENT_ACT", "INFO_LANGUAGE"]}	{}	103
煮崩れする	112	P	DECIDED	estimated	P_CHANGE	gen_frame		P_CHANGE	{"が": ["SUBSTANCE_FOOD"]}	{}	38
看病する	112	P	DECIDED	estimated	P_ACT	gen_frame		P_ACT	{"を": ["ANIMAL", "PERSON"]}	{}	32
身じろぎする	112	P	DECIDED	estimated	P_ACT	gen_frame		P_ACT		{}	104
開学する	112	P	DECIDED	estimated	P_CREATE	gen_frame		P_CREATE		{}	112
たけする	111	P	UNPLACED							{}	111
型付けする	111	P	DECIDED	estimated	P_CHANGE	gen_frame		P_CHANGE	{"を": ["ARTIFACT", "INFO_LANGUAGE", "STATE_PROPERTY"]}	{}	97
常駐する	111	P	DECIDED	estimated	P_STATE	gen_frame		P_STATE	{"に": ["GROUP_ORG", "PLACE"]}	{}	51
撃退する	111	P	DECIDED	estimated	P_ACT	gen_frame	DISTRIBUTION_DISAGREES	P_ACT	{"を": ["ANIMAL", "GROUP_ORG", "PERSON"]}	{"role_distribution@jawiki": ["を"]}	105
荒廃する	111	P	DECIDED	estimated	P_CHANGE	gen_frame		P_CHANGE	{"が": ["ABSTRACT", "NATURAL_PHENOMENON", "PLACE"]}	{}	97
記帳する	111	P	DECIDED	estimated	P_CREATE	gen_frame		P_CREATE	{"に": ["ARTIFACT", "INFO_LANGUAGE"]}	{}	64
追随する	111	P	DECIDED	estimated	P_ACT	gen_frame		P_ACT	{"に": ["GROUP_ORG", "PERSON"]}	{}	64
前倒しする	110	P	DECIDED	estimated	P_CHANGE	gen_frame		P_CHANGE	{"を": ["ABSTRACT", "EVENT_ACT", "TIME"]}	{}	50
援助する	110	P	DECIDED	estimated	P_GIVE	gen_frame	DISTRIBUTION_DISAGREES	P_GIVE	{"を": ["EVENT_ACT", "GROUP_ORG", "PERSON"]}	{"role_distribution@jawiki": ["を"]}	85
水没する	110	P	DECIDED	estimated	P_CHANGE	gen_frame		P_CHANGE	{"が": ["ARTIFACT", "PLACE"]}	{}	72
直通する	110	P	DECIDED	estimated	P_MOVE	gen_frame		P_MOVE	{"に": ["PLACE"]}	{}	84
着席する	110	P	DECIDED	estimated	P_MOVE	gen_frame		P_MOVE	{"に": ["ARTIFACT", "PLACE"]}	{}	64
船酔いする	110	P	DECIDED	estimated	P_STATE	gen_frame		P_STATE	{"に": ["PERSON"]}	{}	55
再興する	109	P	DECIDED	estimated	P_CHANGE	gen_frame		P_CHANGE	{"が": ["ABSTRACT", "GROUP_ORG", "PLACE"]}	{}	108
回りする	109	P	UNPLACED							{}	35
後援する	109	P	DECIDED	estimated	P_GIVE	gen_frame		P_GIVE	{"を": ["EVENT_ACT", "GROUP_ORG", "PERSON"]}	{}	105
湯冷めする	109	P	DECIDED	estimated	P_STATE	gen_frame		P_STATE	{"が": ["ANIMAL", "PERSON"]}	{}	49
航海する	109	P	DECIDED	estimated	P_MOVE	gen_frame	FRAME_PARTICLES_NOT_COVERED	P_MOVE	{"を": ["PLACE"]}	{"role_distribution@codex:general_qa": ["へ"]}	49
退出する	109	P	DECIDED	estimated	P_MOVE	gen_frame		P_MOVE	{"を": ["PLACE"]}	{}	43
駐留する	109	P	DECIDED	estimated	P_STATE	gen_frame		P_STATE	{"に": ["GROUP_ORG", "PLACE"]}	{}	107
awaitする	108	P	UNPLACED							{}	93
探求する	108	P	DECIDED	estimated	P_COGNITION	gen_frame		P_COGNITION	{"を": ["ABSTRACT", "EVENT_ACT", "INFO_LANGUAGE"]}	{}	108
色移りする	108	P	DECIDED	estimated	P_CHANGE	gen_frame		P_CHANGE	{"が": ["ARTIFACT", "SUBSTANCE_FOOD"]}	{}	36
returnする	107	P	DECIDED	estimated	P_MOVE	gen_frame		P_MOVE	{"を": ["ARTIFACT", "INFO_LANGUAGE", "PLACE"]}	{}	103
インデントする	107	P	DECIDED	estimated	P_ACT	gen_frame		P_ACT	{"を": ["ARTIFACT", "INFO_LANGUAGE"]}	{}	80
制圧する	107	P	DECIDED	estimated	P_ACT	gen_frame		P_ACT	{"を": ["ARTIFACT", "GROUP_ORG", "PLACE"]}	{}	88
断絶する	107	P	DECIDED	estimated	P_CHANGE	gen_frame		P_CHANGE	{"が": ["ABSTRACT", "GROUP_ORG", "PERSON"]}	{}	95
給油する	107	P	DECIDED	estimated	P_ACT	gen_frame		P_ACT	{"に": ["ARTIFACT", "PLACE"], "を": ["ARTIFACT", "SUBSTANCE_FOOD"]}	{}	40
退席する	107	P	DECIDED	estimated	P_MOVE	gen_frame		P_MOVE	{"を": ["ARTIFACT", "EVENT_ACT", "PLACE"]}	{}	70
再婚する	106	P	DECIDED	estimated	P_STATE	gen_frame		P_STATE	{"と": ["PERSON"]}	{}	97
出世する	106	P	DECIDED	estimated	P_CHANGE	gen_frame		P_CHANGE	{"が": ["GROUP_ORG", "PERSON"], "で": ["EVENT_ACT", "GROUP_ORG", "PLACE"]}	{}	55
創出する	106	P	DECIDED	estimated	P_CREATE	gen_frame		P_CREATE	{"を": ["ABSTRACT", "ARTIFACT", "INFO_LANGUAGE", "WORK"]}	{}	106
合体する	106	P	DECIDED	estimated	P_CHANGE	gen_frame		P_CHANGE	{"が": ["ABSTRACT", "ARTIFACT"], "と": ["ABSTRACT", "ARTIFACT"]}	{}	86
延滞する	106	P	DECIDED	estimated	P_STATE	gen_frame		P_STATE	{"が": ["GROUP_ORG", "PERSON"], "を": ["ABSTRACT", "ARTIFACT", "SUBSTANCE_FOOD"]}	{}	44
おまけする	105	P	DECIDED	estimated	P_GIVE	gen_frame		P_GIVE	{"を": ["GROUP_ORG", "PERSON"]}	{}	34
戴冠する	105	P	DECIDED	estimated	P_ACT	gen_frame		P_ACT	{"を": ["ANIMAL", "GROUP_ORG", "PERSON"]}	{}	89
添削する	105	P	DECIDED	estimated	P_ACT	gen_frame	DISTRIBUTION_DISAGREES	P_ACT	{"に": ["GROUP_ORG", "PERSON"], "を": ["INFO_LANGUAGE", "WORK"]}	{"role_distribution@codex:paraphrase_entail": ["が", "を"]}	67
漂着する	105	P	DECIDED	estimated	P_MOVE	gen_frame		P_MOVE	{"に": ["PLACE"]}	{}	48
納品する	105	P	DECIDED	estimated	P_GIVE	gen_frame		P_GIVE	{"に": ["GROUP_ORG", "PERSON"], "を": ["ARTIFACT", "INFO_LANGUAGE", "SUBSTANCE_FOOD"]}	{}	37
乗算する	104	P	DECIDED	estimated	P_ACT	gen_frame		P_ACT	{"を": ["ABSTRACT", "QUANTITY"]}	{}	52
共感する	104	P	DECIDED	estimated	P_EMOTION	gen_frame		P_EMOTION	{"に": ["ANIMAL", "GROUP_ORG", "PERSON"]}	{}	62
周知する	104	P	DECIDED	direct	P_COMMUNICATE	gen_frame,role_distribution@codex:paraphrase_entail		P_COMMUNICATE	{"に": ["GROUP_ORG", "PERSON"], "を": ["ABSTRACT", "EVENT_ACT", "INFO_LANGUAGE"]}	{"role_distribution@codex:paraphrase_entail": ["を"]}	31
後押しする	104	P	DECIDED	estimated	P_ACT	gen_frame	DISTRIBUTION_DISAGREES	P_ACT	{"を": ["ABSTRACT", "EVENT_ACT", "GROUP_ORG", "PERSON"]}	{"role_distribution@codex:general_qa": ["を"]}	46
拉致する	104	P	DECIDED	estimated	P_MOVE	gen_frame		P_MOVE	{"を": ["ANIMAL", "PERSON"]}	{}	104
模索する	104	P	DECIDED	estimated	P_COGNITION	gen_frame		P_COGNITION	{"を": ["ABSTRACT", "ARTIFACT", "INFO_LANGUAGE", "PLACE"]}	{}	104
発祥する	104	P	DECIDED	estimated	P_EXIST	gen_frame		P_EXIST	{"が": ["ABSTRACT", "GROUP_ORG", "PERSON", "PLACE"]}	{}	103
連覇する	104	P	DECIDED	estimated	P_ACT	gen_frame	DISTRIBUTION_DISAGREES	P_ACT	{"を": ["EVENT_ACT", "GROUP_ORG", "WORK"]}	{"role_distribution@jawiki": ["を"]}	104
今する	103	P	UNPLACED							{}	86
以上する	103	P	UNPLACED							{}	86
対局する	103	P	DECIDED	estimated	P_ACT	gen_frame		P_ACT	{"と": ["GROUP_ORG", "PERSON"], "を": ["GROUP_ORG", "PERSON"]}	{}	50
封入する	103	P	DECIDED	estimated	P_ACT	gen_frame		P_ACT	{"に": ["ARTIFACT", "PLACE"], "を": ["ARTIFACT", "INFO_LANGUAGE", "SUBSTANCE_FOOD"]}	{}	100
携行する	103	P	DECIDED	estimated	P_ACT	gen_frame	DISTRIBUTION_DISAGREES	P_ACT	{"を": ["ARTIFACT", "INFO_LANGUAGE", "SUBSTANCE_FOOD"]}	{"role_distribution@codex:figurative_commonsense": ["を"]}	37
目視する	103	P	DECIDED	estimated	P_PERCEIVE	gen_frame		P_PERCEIVE	{"を": ["ABSTRACT", "ARTIFACT", "EVENT_ACT", "NATURAL_PHENOMENON"]}	{}	83
等分する	103	P	DECIDED	estimated	P_CHANGE	gen_frame		P_CHANGE	{"を": ["ARTIFACT", "QUANTITY", "SUBSTANCE_FOOD"]}	{}	40
苦笑いする	103	P	DECIDED	estimated	P_ACT	gen_frame		P_ACT	{"が": ["GROUP_ORG", "PERSON"]}	{}	95
陰干しする	103	P	DECIDED	estimated	P_ACT	gen_frame		P_ACT	{"を": ["ARTIFACT", "PLANT", "SUBSTANCE_FOOD"]}	{}	39
アピールする	102	P	DECIDED	estimated	P_COMMUNICATE	gen_frame		P_COMMUNICATE	{"を": ["ABSTRACT", "GROUP_ORG", "INFO_LANGUAGE", "PERSON"]}	{}	81
剥奪する	102	P	DECIDED	estimated	P_GIVE	gen_frame		P_GIVE	{"から": ["GROUP_ORG", "PERSON"], "を": ["ABSTRACT", "ARTIFACT", "IDENTIFIER"]}	{}	99
却下する	102	P	DECIDED	estimated	P_ACT	gen_frame		P_ACT	{"を": ["ABSTRACT", "EVENT_ACT", "INFO_LANGUAGE", "WORK"]}	{}	50
大笑いする	102	P	DECIDED	estimated	P_ACT	gen_frame		P_ACT	{"が": ["GROUP_ORG", "PERSON"]}	{}	42
密封する	102	P	DECIDED	estimated	P_ACT	gen_frame		P_ACT	{"を": ["ARTIFACT", "INFO_LANGUAGE", "SUBSTANCE_FOOD"]}	{}	60
延伸する	102	P	DECIDED	estimated	P_CHANGE	gen_frame		P_CHANGE	{"が": ["ABSTRACT", "ARTIFACT", "PLACE"]}	{}	98
醸造する	102	P	DECIDED	estimated	P_CREATE	gen_frame	DISTRIBUTION_DISAGREES	P_CREATE	{"を": ["SUBSTANCE_FOOD"]}	{"role_distribution@jawiki": ["を"]}	87
ひよする	101	P	UNPLACED							{}	101
凝固する	101	P	DECIDED	estimated	P_CHANGE	gen_frame		P_CHANGE	{"が": ["STATE_PROPERTY", "SUBSTANCE_FOOD"]}	{}	53
壊滅する	101	P	DECIDED	estimated	P_CHANGE	gen_frame		P_CHANGE	{"が": ["ABSTRACT", "ARTIFACT", "GROUP_ORG", "PLACE"]}	{}	100
平行する	101	P	DECIDED	estimated	P_STATE	gen_frame		P_STATE	{"が": ["ABSTRACT", "ARTIFACT"]}	{}	99
揶揄する	101	P	DECIDED	estimated	P_COMMUNICATE	gen_frame		P_COMMUNICATE	{"を": ["ABSTRACT", "GROUP_ORG", "INFO_LANGUAGE", "PERSON"]}	{}	100
武装する	101	P	DECIDED	estimated	P_CHANGE	gen_frame		P_CHANGE	{"が": ["GROUP_ORG", "PERSON"], "に": ["ARTIFACT", "SUBSTANCE_FOOD"]}	{}	83
築城する	101	P	DECIDED	estimated	P_CREATE	gen_frame		P_CREATE	{"を": ["ARTIFACT", "PLACE"]}	{}	96
叙位する	100	P	DECIDED	estimated	P_GIVE	gen_frame		P_GIVE	{"に": ["GROUP_ORG", "PERSON"], "を": ["PERSON"]}	{}	100
過熱する	100	P	DECIDED	estimated	P_CHANGE	gen_frame		P_CHANGE	{"が": ["ABSTRACT", "NATURAL_PHENOMENON", "STATE_PROPERTY", "SUBSTANCE_FOOD"]}	{}	53
集結する	100	P	DECIDED	estimated	P_MOVE	gen_frame		P_MOVE	{"が": ["ANIMAL", "ARTIFACT", "GROUP_ORG", "PERSON"], "に": ["PLACE"]}	{}	99
くしゃみする	99	P	DECIDED	estimated	P_ACT	gen_frame		P_ACT	{"が": ["ANIMAL", "PERSON"]}	{}	73
一新する	99	P	DECIDED	estimated	P_CHANGE	gen_frame		P_CHANGE	{"を": ["ABSTRACT", "ARTIFACT", "STATE_PROPERTY"]}	{}	99
上り下りする	99	P	DECIDED	estimated	P_MOVE	gen_frame		P_MOVE	{"を": ["ARTIFACT", "PLACE"]}	{}	27
値する	99	P	DECIDED	estimated	P_STATE	gen_frame		P_STATE	{"に": ["ABSTRACT", "GROUP_ORG", "PERSON", "STATE_PROPERTY"]}	{}	79
刺繍する	99	P	DECIDED	estimated	P_CREATE	gen_frame		P_CREATE	{"を": ["ARTIFACT", "INFO_LANGUAGE", "WORK"]}	{}	35
撃破する	99	P	DECIDED	estimated	P_ACT	gen_frame	DISTRIBUTION_DISAGREES	P_ACT	{"を": ["ANIMAL", "ARTIFACT", "GROUP_ORG", "PERSON"]}	{"role_distribution@jawiki": ["を"]}	98
校正する	99	P	DECIDED	estimated	P_CHANGE	gen_frame		P_CHANGE	{"を": ["ARTIFACT", "INFO_LANGUAGE", "WORK"]}	{}	40
祈願する	99	P	DECIDED	estimated	P_EMOTION	gen_frame		P_EMOTION	{"を": ["ABSTRACT", "EVENT_ACT", "GROUP_ORG", "PERSON"]}	{}	81
移入する	99	P	DECIDED	estimated	P_MOVE	gen_frame		P_MOVE	{"から": ["GROUP_ORG", "PLACE"], "に": ["GROUP_ORG", "PLACE"], "を": ["ABSTRACT", "GROUP_ORG", "PLACE"]}	{}	84
築造する	99	P	DECIDED	estimated	P_CREATE	gen_frame		P_CREATE	{"を": ["ARTIFACT", "PLACE"]}	{}	91
納入する	99	P	DECIDED	estimated	P_GIVE	gen_frame		P_GIVE	{"に": ["GROUP_ORG", "PERSON", "PLACE"], "を": ["ARTIFACT", "INFO_LANGUAGE", "SUBSTANCE_FOOD"]}	{}	91
鍋する	99	P	DECIDED	estimated	P_CONSUME	gen_frame		P_CONSUME	{"を": ["SUBSTANCE_FOOD"]}	{}	98
しょうする	98	P	UNPLACED							{}	79
アサーションする	98	P	DECIDED	estimated	P_COMMUNICATE	gen_frame		P_COMMUNICATE	{"を": ["ABSTRACT", "INFO_LANGUAGE"]}	{}	83
サインする	98	P	DECIDED	estimated	P_COMMUNICATE	gen_frame		P_COMMUNICATE	{"に": ["ARTIFACT", "INFO_LANGUAGE"], "を": ["IDENTIFIER", "INFO_LANGUAGE"]}	{}	46
ローテーションする	98	P	DECIDED	estimated	P_CHANGE	gen_frame		P_CHANGE	{"が": ["ABSTRACT", "EVENT_ACT"]}	{}	61
乾拭きする	98	P	DECIDED	estimated	P_ACT	gen_frame		P_ACT	{"を": ["ARTIFACT", "BODY_PART"]}	{}	55
協調する	98	P	DECIDED	estimated	P_ACT	gen_frame		P_ACT	{"が": ["ABSTRACT", "ARTIFACT", "GROUP_ORG", "PERSON"], "と": ["ABSTRACT", "GROUP_ORG", "PERSON"]}	{}	46
改築する	98	P	DECIDED	estimated	P_CHANGE	gen_frame		P_CHANGE	{"を": ["ARTIFACT", "PLACE"]}	{}	96
独り占めする	98	P	DECIDED	estimated	P_POSSESS	gen_frame		P_POSSESS	{"を": ["ABSTRACT", "ARTIFACT", "SUBSTANCE_FOOD"]}	{}	68
競技する	98	P	DECIDED	estimated	P_ACT	gen_frame		P_ACT	{"を": ["ABSTRACT", "EVENT_ACT"]}	{}	45
ダウンする	97	P	DECIDED	estimated	P_CHANGE	gen_frame		P_CHANGE	{"が": ["ABSTRACT", "ARTIFACT", "GROUP_ORG", "PERSON"]}	{}	35
下書きする	97	P	DECIDED	estimated	P_CREATE	gen_frame		P_CREATE	{"を": ["INFO_LANGUAGE", "WORK"]}	{}	29
修繕する	97	P	DECIDED	estimated	P_CHANGE	gen_frame		P_CHANGE	{"を": ["ARTIFACT", "BODY_PART", "PLACE"]}	{}	35
図示する	97	P	DECIDED	estimated	P_COMMUNICATE	gen_frame		P_COMMUNICATE	{"を": ["ABSTRACT", "INFO_LANGUAGE", "STATE_PROPERTY"]}	{}	80
奪還する	97	P	DECIDED	estimated	P_MOVE	gen_frame		P_MOVE	{"を": ["ARTIFACT", "GROUP_ORG", "PLACE"]}	{}	95
相殺する	97	P	DECIDED	estimated	P_CHANGE	gen_frame		P_CHANGE	{"を": ["ABSTRACT", "EVENT_ACT", "QUANTITY"]}	{}	32
確約する	97	P	DECIDED	estimated	P_COMMUNICATE	gen_frame		P_COMMUNICATE	{"に": ["GROUP_ORG", "PERSON"], "を": ["ABSTRACT", "EVENT_ACT", "INFO_LANGUAGE"]}	{}	69
解読する	97	P	DECIDED	estimated	P_COGNITION	gen_frame		P_COGNITION	{"を": ["IDENTIFIER", "INFO_LANGUAGE", "WORK"]}	{}	51
励起する	96	P	DECIDED	estimated	P_CHANGE	gen_frame		P_CHANGE	{"が": ["ABSTRACT", "STATE_PROPERTY", "SUBSTANCE_FOOD"]}	{}	49
推敲する	96	P	DECIDED	estimated	P_ACT	gen_frame	DISTRIBUTION_DISAGREES	P_ACT	{"を": ["INFO_LANGUAGE"]}	{"role_distribution@codex:general_qa": ["を"]}	84
移設する	96	P	DECIDED	estimated	P_MOVE	gen_frame		P_MOVE	{"を": ["ARTIFACT", "PLACE"]}	{}	78
見聞きする	96	P	DECIDED	estimated	P_PERCEIVE	gen_frame		P_PERCEIVE	{"を": ["ARTIFACT", "INFO_LANGUAGE", "NATURAL_PHENOMENON"]}	{}	71
通院する	96	P	DECIDED	estimated	P_ACT	gen_frame		P_ACT	{"に": ["PLACE"]}	{}	56
遭難する	96	P	DECIDED	estimated	P_STATE	gen_frame		P_STATE	{"に": ["NATURAL_PHENOMENON", "PLACE"]}	{}	51
風刺する	96	P	DECIDED	estimated	P_COMMUNICATE	gen_frame		P_COMMUNICATE	{"を": ["ABSTRACT", "EVENT_ACT", "GROUP_ORG", "PERSON"]}	{}	87
ドリブルする	95	P	DECIDED	estimated	P_ACT	gen_frame		P_ACT	{"を": ["ARTIFACT", "PLACE"]}	{}	60
克服する	95	P	DECIDED	estimated	P_CHANGE	gen_frame		P_CHANGE	{"を": ["ABSTRACT", "EVENT_ACT", "STATE_PROPERTY"]}	{}	77
入隊する	95	P	DECIDED	estimated	P_MOVE	gen_frame		P_MOVE	{"に": ["GROUP_ORG"]}	{}	94
処罰する	95	P	DECIDED	estimated	P_ACT	gen_frame		P_ACT	{"を": ["GROUP_ORG", "PERSON"]}	{}	66
切迫する	95	P	DECIDED	estimated	P_STATE	gen_frame		P_STATE		{}	79
移築する	95	P	DECIDED	estimated	P_MOVE	gen_frame		P_MOVE	{"を": ["ARTIFACT", "PLACE"]}	{}	94
納付する	95	P	DECIDED	estimated	P_GIVE	gen_frame		P_GIVE	{"を": ["ABSTRACT", "QUANTITY", "SUBSTANCE_FOOD"]}	{}	55
退所する	95	P	DECIDED	estimated	P_MOVE	gen_frame		P_MOVE	{"を": ["PLACE"]}	{}	95
重宝する	95	P	DECIDED	estimated	P_POSSESS	gen_frame		P_POSSESS	{"を": ["ABSTRACT", "ARTIFACT"]}	{}	47
かんれんする	94	P	UNPLACED							{}	94
トライする	94	P	DECIDED	estimated	P_ACT	gen_frame		P_ACT	{"に": ["ABSTRACT", "EVENT_ACT"]}	{}	49
伝送する	94	P	DECIDED	estimated	P_MOVE	gen_frame	DISTRIBUTION_DISAGREES	P_MOVE	{"を": ["ABSTRACT", "ARTIFACT", "INFO_LANGUAGE"]}	{"role_distribution@jawiki": ["を"]}	74
冒険する	94	P	DECIDED	estimated	P_ACT	gen_frame		P_ACT	{"を": ["EVENT_ACT", "PLACE"]}	{}	48
帰郷する	94	P	DECIDED	estimated	P_MOVE	gen_frame		P_MOVE	{"へ": ["PLACE"]}	{}	70
所掌する	94	P	DECIDED	estimated	P_STATE	gen_frame	DISTRIBUTION_DISAGREES	P_STATE	{"を": ["ABSTRACT", "EVENT_ACT"]}	{"role_distribution@jawiki": ["を"]}	93
捕球する	94	P	DECIDED	estimated	P_ACT	gen_frame		P_ACT	{"を": ["ANIMAL", "ARTIFACT"]}	{}	49
没収する	94	P	DECIDED	estimated	P_GIVE	gen_frame		P_GIVE	{"を": ["ABSTRACT", "ARTIFACT", "QUANTITY"]}	{}	66
移送する	94	P	DECIDED	estimated	P_MOVE	gen_frame		P_MOVE	{"を": ["ARTIFACT", "PERSON", "SUBSTANCE_FOOD"]}	{}	57
翻案する	94	P	DECIDED	estimated	P_CREATE	gen_frame	DISTRIBUTION_DISAGREES	P_CREATE	{"を": ["EVENT_ACT", "INFO_LANGUAGE", "WORK"]}	{"role_distribution@jawiki": ["を", "に"]}	93
脱走する	94	P	DECIDED	estimated	P_MOVE	gen_frame		P_MOVE	{"から": ["ARTIFACT", "PLACE"]}	{}	39
蛇行する	94	P	DECIDED	estimated	P_MOVE	gen_frame		P_MOVE	{"を": ["PLACE"]}	{}	65
squashする	93	P	DECIDED	estimated	P_ACT	gen_frame		P_ACT	{"を": ["ARTIFACT", "PLACE"]}	{}	93
せきする	93	P	DECIDED	estimated	P_ACT	gen_frame		P_ACT	{"を": ["BODY_PART", "SUBSTANCE_FOOD"]}	{}	88
タックルする	93	P	DECIDED	estimated	P_ACT	gen_frame		P_ACT	{"に": ["ANIMAL", "PERSON"]}	{}	61
帯電する	93	P	DECIDED	estimated	P_CHANGE	gen_frame		P_CHANGE	{"を": ["ARTIFACT", "SUBSTANCE_FOOD"]}	{}	45
月見する	93	P	DECIDED	estimated	P_ACT	gen_frame		P_ACT	{"を": ["EVENT_ACT", "PLACE", "PLANT"]}	{}	73
焙煎する	93	P	DECIDED	estimated	P_CHANGE	gen_frame		P_CHANGE	{"を": ["PLANT", "SUBSTANCE_FOOD"]}	{}	34
発給する	93	P	DECIDED	estimated	P_GIVE	gen_frame		P_GIVE	{"を": ["ARTIFACT", "IDENTIFIER", "INFO_LANGUAGE"]}	{}	57
給水する	93	P	DECIDED	estimated	P_GIVE	gen_frame		P_GIVE	{"に": ["PLACE"], "を": ["SUBSTANCE_FOOD"]}	{}	27
蜂起する	93	P	DECIDED	estimated	P_ACT	gen_frame		P_ACT	{"に": ["GROUP_ORG", "PLACE"]}	{}	58
起草する	93	P	DECIDED	estimated	P_CREATE	gen_frame	DISTRIBUTION_DISAGREES	P_CREATE	{"を": ["EVENT_ACT", "INFO_LANGUAGE", "WORK"]}	{"role_distribution@jawiki": ["を"]}	83
追贈する	93	P	DECIDED	estimated	P_GIVE	gen_frame		P_GIVE	{"に": ["GROUP_ORG", "PERSON"], "を": ["ABSTRACT", "IDENTIFIER"]}	{}	93
透過する	93	P	DECIDED	estimated	P_MOVE	gen_frame		P_MOVE	{"を": ["ARTIFACT", "NATURAL_PHENOMENON", "SUBSTANCE_FOOD"]}	{}	58
電化する	93	P	DECIDED	estimated	P_CHANGE	gen_frame		P_CHANGE	{"を": ["ARTIFACT", "PLACE"]}	{}	86
作製する	92	P	DECIDED	estimated	P_CREATE	gen_frame		P_CREATE	{"を": ["ARTIFACT"]}	{}	90
入植する	92	P	DECIDED	estimated	P_MOVE	gen_frame		P_MOVE	{"に": ["PLACE"]}	{}	91
割譲する	92	P	DECIDED	estimated	P_GIVE	gen_frame		P_GIVE	{"に": ["GROUP_ORG", "PERSON"], "を": ["ABSTRACT", "ARTIFACT", "GROUP_ORG", "PLACE"]}	{}	74
占拠する	92	P	DECIDED	estimated	P_ACT	gen_frame		P_ACT	{"を": ["ARTIFACT", "PLACE"]}	{}	91
招聘する	92	P	DECIDED	estimated	P_GIVE	gen_frame	DISTRIBUTION_DISAGREES	P_GIVE	{"を": ["GROUP_ORG", "PERSON"]}	{"role_distribution@jawiki": ["を"]}	92
染色する	92	P	DECIDED	estimated	P_CHANGE	gen_frame		P_CHANGE	{"で": ["ARTIFACT", "SUBSTANCE_FOOD"], "を": ["ARTIFACT", "BODY_PART", "SUBSTANCE_FOOD"]}	{}	71
格闘する	92	P	DECIDED	estimated	P_ACT	gen_frame		P_ACT	{"と": ["ANIMAL", "PERSON"]}	{}	59
発案する	92	P	DECIDED	estimated	P_CREATE	gen_frame		P_CREATE	{"を": ["ABSTRACT", "ARTIFACT", "EVENT_ACT"]}	{}	90
空振りする	92	P	DECIDED	estimated	P_ACT	gen_frame		P_ACT	{"を": ["ARTIFACT", "EVENT_ACT"]}	{}	37
精通する	92	P	DECIDED	estimated	P_COGNITION	gen_frame		P_COGNITION	{"に": ["ABSTRACT", "ARTIFACT", "EVENT_ACT", "INFO_LANGUAGE"]}	{}	92
結集する	92	P	DECIDED	estimated	P_MOVE	gen_frame		P_MOVE	{"に": ["ABSTRACT", "GROUP_ORG", "PERSON"]}	{}	88
賞賛する	92	P	DECIDED	estimated	P_EMOTION	gen_frame		P_EMOTION	{"を": ["ABSTRACT", "EVENT_ACT", "GROUP_ORG", "PERSON", "WORK"]}	{}	92
退官する	92	P	DECIDED	estimated	P_MOVE	gen_frame		P_MOVE	{"を": ["GROUP_ORG", "PERSON"]}	{}	92
開示する	92	P	DECIDED	direct	P_COMMUNICATE	gen_frame,role_distribution@codex:general_qa		P_COMMUNICATE	{"を": ["ABSTRACT", "ARTIFACT", "INFO_LANGUAGE"]}	{"role_distribution@codex:general_qa": ["を"]}	46
頂戴する	92	P	DECIDED	estimated	P_GIVE	gen_frame		P_GIVE	{"を": ["ABSTRACT", "ARTIFACT", "SUBSTANCE_FOOD"]}	{}	72
えいがする	91	P	UNPLACED							{}	91
欠場する	91	P	DECIDED	estimated	P_ACT	gen_frame	DISTRIBUTION_DISAGREES	P_ACT	{"を": ["ARTIFACT", "EVENT_ACT", "PLACE"]}	{"role_distribution@codex:paraphrase_entail": ["を"]}	59
破産する	91	P	DECIDED	estimated	P_CHANGE	gen_frame		P_CHANGE	{"が": ["GROUP_ORG", "PERSON"]}	{}	75
蒸留する	91	P	DECIDED	estimated	P_CHANGE	gen_frame		P_CHANGE	{"を": ["ARTIFACT", "SUBSTANCE_FOOD"]}	{}	55
開港する	91	P	DECIDED	estimated	P_CHANGE	gen_frame		P_CHANGE	{"を": ["PLACE"]}	{}	80
じょうする	90	P	UNPLACED							{}	87
ファクタリングする	90	P	DECIDED	estimated	P_POSSESS	gen_frame		P_POSSESS	{"で": ["ABSTRACT", "ARTIFACT"], "を": ["ABSTRACT", "ARTIFACT", "QUANTITY"]}	{}	67
ライセンスする	90	P	DECIDED	estimated	P_GIVE	gen_frame		P_GIVE	{"に": ["GROUP_ORG", "PERSON"], "を": ["ABSTRACT", "ARTIFACT", "INFO_LANGUAGE"]}	{}	90
愛用する	90	P	DECIDED	estimated	P_STATE	gen_frame		P_STATE	{"を": ["ABSTRACT", "ARTIFACT", "SUBSTANCE_FOOD"]}	{}	66
控除する	90	P	DECIDED	estimated	P_CHANGE	gen_frame		P_CHANGE	{"から": ["ARTIFACT", "GROUP_ORG"], "を": ["ABSTRACT", "QUANTITY"]}	{}	58
貸与する	90	P	DECIDED	estimated	P_GIVE	gen_frame		P_GIVE	{"に": ["GROUP_ORG", "PERSON"], "を": ["ARTIFACT", "QUANTITY", "SUBSTANCE_FOOD"]}	{}	77
風靡する	90	P	DECIDED	estimated	P_STATE	gen_frame		P_STATE	{"を": ["ABSTRACT", "GROUP_ORG", "PERSON"]}	{}	90
養生する	90	P	DECIDED	estimated	P_STATE	gen_frame		P_STATE	{"を": ["BODY_PART", "PERSON"]}	{}	39
入部する	89	P	DECIDED	estimated	P_MOVE	gen_frame		P_MOVE	{"に": ["EVENT_ACT", "GROUP_ORG"]}	{}	61
受精する	89	P	DECIDED	estimated	P_CREATE	gen_frame		P_CREATE	{"が": ["ANIMAL", "BODY_PART"]}	{}	59
喪失する	89	P	DECIDED	estimated	P_CHANGE	gen_frame		P_CHANGE	{"を": ["ABSTRACT", "ARTIFACT", "BODY_PART"]}	{}	88
変遷する	89	P	DECIDED	estimated	P_CHANGE	gen_frame		P_CHANGE	{"が": ["ABSTRACT", "EVENT_ACT", "STATE_PROPERTY"]}	{}	87
株分けする	89	P	DECIDED	estimated	P_CREATE	gen_frame	DISTRIBUTION_DISAGREES	P_CREATE	{"で": ["ARTIFACT", "PLANT"], "を": ["PLANT"]}	{"role_distribution@codex:general_qa": ["を"]}	74
水揚げする	89	P	DECIDED	estimated	P_ACT	gen_frame		P_ACT	{"で": ["ARTIFACT", "PLACE"], "を": ["ANIMAL", "SUBSTANCE_FOOD"]}	{}	30
漁獲する	89	P	DECIDED	estimated	P_CONSUME	gen_frame		P_CONSUME	{"を": ["ANIMAL", "SUBSTANCE_FOOD"]}	{}	83
火傷する	89	P	DECIDED	estimated	P_CHANGE	gen_frame		P_CHANGE	{"を": ["ANIMAL", "BODY_PART", "PERSON"]}	{}	44
転移する	89	P	DECIDED	estimated	P_MOVE	gen_frame		P_MOVE	{"が": ["ABSTRACT", "BODY_PART"], "に": ["BODY_PART", "PLACE"]}	{}	64
近道する	89	P	DECIDED	estimated	P_MOVE	gen_frame		P_MOVE	{"を": ["EVENT_ACT", "PLACE"]}	{}	38
退館する	89	P	DECIDED	estimated	P_MOVE	gen_frame		P_MOVE	{"を": ["ARTIFACT", "PLACE"]}	{}	78
進展する	89	P	DECIDED	estimated	P_CHANGE	gen_frame		P_CHANGE	{"が": ["ABSTRACT", "EVENT_ACT", "STATE_PROPERTY"]}	{}	69
崇敬する	88	P	DECIDED	estimated	P_EMOTION	gen_frame		P_EMOTION	{"を": ["ABSTRACT", "GROUP_ORG"]}	{}	85
志向する	88	P	DECIDED	estimated	P_COGNITION	gen_frame		P_COGNITION	{"を": ["ABSTRACT", "EVENT_ACT"]}	{}	83
枯渇する	88	P	DECIDED	estimated	P_CHANGE	gen_frame		P_CHANGE	{"が": ["ABSTRACT", "QUANTITY", "SUBSTANCE_FOOD"]}	{}	66
毎日する	88	P	UNPLACED							{}	30
紙詰まりする	88	P	DECIDED	estimated	P_ACT	gen_frame		P_ACT	{"が": ["ARTIFACT"]}	{}	84
設営する	88	P	DECIDED	estimated	P_ACT	gen_frame		P_ACT	{"を": ["ARTIFACT", "PLACE"]}	{}	29
電離する	88	P	DECIDED	estimated	P_CHANGE	gen_frame		P_CHANGE	{"が": ["SUBSTANCE_FOOD"]}	{}	60
額装する	88	P	DECIDED	estimated	P_CREATE	gen_frame	DISTRIBUTION_DISAGREES	P_CREATE	{"を": ["ARTIFACT", "WORK"]}	{"role_distribution@codex:general_qa": ["を"]}	59
類別する	88	P	DECIDED	estimated	P_COGNITION	gen_frame		P_COGNITION	{"を": ["ABSTRACT", "EVENT_ACT", "INFO_LANGUAGE"]}	{}	88
じゅんする	87	P	UNPLACED							{}	87
オフする	87	P	DECIDED	estimated	P_ACT	gen_frame		P_ACT	{"を": ["ARTIFACT"]}	{}	49
ローカライズする	87	P	DECIDED	estimated	P_CHANGE	gen_frame		P_CHANGE	{"を": ["ABSTRACT", "INFO_LANGUAGE"]}	{}	48
下見する	87	P	DECIDED	estimated	P_PERCEIVE	gen_frame		P_PERCEIVE	{"を": ["ARTIFACT", "EVENT_ACT", "PLACE"]}	{}	36
先発する	87	P	DECIDED	estimated	P_MOVE	gen_frame		P_MOVE	{"から": ["PLACE"], "へ": ["PLACE"]}	{}	66
手分けする	87	P	DECIDED	estimated	P_ACT	gen_frame		P_ACT	{"を": ["EVENT_ACT"]}	{}	28
押印する	87	P	DECIDED	estimated	P_ACT	gen_frame		P_ACT	{"を": ["ARTIFACT", "INFO_LANGUAGE"]}	{}	49
揮発する	87	P	DECIDED	estimated	P_CHANGE	gen_frame		P_CHANGE	{"が": ["SUBSTANCE_FOOD"]}	{}	70
移譲する	87	P	DECIDED	estimated	P_GIVE	gen_frame		P_GIVE	{"に": ["GROUP_ORG", "PERSON"], "を": ["ABSTRACT", "ARTIFACT", "GROUP_ORG", "PERSON"]}	{}	51
一巡する	86	P	DECIDED	estimated	P_MOVE	gen_frame		P_MOVE	{"を": ["PLACE", "TIME"]}	{}	44
下車する	86	P	DECIDED	estimated	P_MOVE	gen_frame		P_MOVE	{"から": ["ARTIFACT"], "を": ["ARTIFACT"]}	{}	46
会議する	86	P	DECIDED	estimated	P_COMMUNICATE	gen_frame		P_COMMUNICATE	{"で": ["GROUP_ORG", "PERSON"]}	{}	76
依拠する	86	P	DECIDED	estimated	P_COGNITION	gen_frame		P_COGNITION	{"に": ["ABSTRACT", "EVENT_ACT", "INFO_LANGUAGE"]}	{}	86
多発する	86	P	DECIDED	estimated	P_EXIST	gen_frame		P_EXIST	{"が": ["ABSTRACT", "EVENT_ACT"]}	{}	77
寒気する	86	P	DECIDED	estimated	P_STATE	gen_frame		P_STATE	{"が": ["BODY_PART"]}	{}	86
復興する	86	P	DECIDED	estimated	P_CHANGE	gen_frame		P_CHANGE	{"を": ["ABSTRACT", "GROUP_ORG", "PLACE"]}	{}	80
熱中する	86	P	DECIDED	estimated	P_EMOTION	gen_frame		P_EMOTION	{"に": ["ABSTRACT", "EVENT_ACT", "WORK"]}	{}	35
登記する	86	P	DECIDED	estimated	P_ACT	gen_frame		P_ACT	{"を": ["ABSTRACT", "ARTIFACT"]}	{}	62
総合する	86	P	DECIDED	estimated	P_COGNITION	gen_frame		P_COGNITION	{"を": ["ABSTRACT", "EVENT_ACT", "INFO_LANGUAGE"]}	{}	52
脱水する	86	P	DECIDED	estimated	P_ACT	gen_frame		P_ACT	{"を": ["BODY_PART", "SUBSTANCE_FOOD"]}	{}	25
転記する	86	P	DECIDED	estimated	P_ACT	gen_frame		P_ACT	{"を": ["ARTIFACT", "INFO_LANGUAGE"]}	{}	21
辞儀する	86	P	DECIDED	estimated	P_ACT	gen_frame		P_ACT	{"を": ["PERSON"]}	{}	60
遷都する	86	P	DECIDED	estimated	P_CHANGE	gen_frame		P_CHANGE	{"を": ["PLACE"]}	{}	45
頻出する	86	P	DECIDED	estimated	P_EXIST	gen_frame		P_EXIST	{"が": ["ABSTRACT", "EVENT_ACT"]}	{}	37
魅了する	86	P	DECIDED	estimated	P_EMOTION	gen_frame	DISTRIBUTION_DISAGREES	P_EMOTION	{"を": ["ABSTRACT", "ANIMAL", "ARTIFACT", "GROUP_ORG", "PERSON", "WORK"]}	{"role_distribution@jawiki": ["を"]}	76
チャットする	85	P	DECIDED	estimated	P_COMMUNICATE	gen_frame		P_COMMUNICATE	{"と": ["GROUP_ORG", "PERSON"]}	{}	82
ブラッシングする	85	P	DECIDED	estimated	P_ACT	gen_frame		P_ACT	{"を": ["ARTIFACT", "BODY_PART"]}	{}	35
中和する	85	P	DECIDED	estimated	P_CHANGE	gen_frame	DISTRIBUTION_DISAGREES	P_CHANGE	{"を": ["ABSTRACT", "SUBSTANCE_FOOD"]}	{"role_distribution@codex:general_qa": ["を"]}	50
同乗する	85	P	DECIDED	estimated	P_MOVE	gen_frame		P_MOVE	{"に": ["ARTIFACT"]}	{}	33
担任する	85	P	DECIDED	estimated	P_ACT	gen_frame		P_ACT	{"を": ["EVENT_ACT", "GROUP_ORG", "PERSON", "SUBSTANCE_FOOD"]}	{}	81
拒絶する	85	P	DECIDED	estimated	P_ACT	gen_frame		P_ACT	{"を": ["ABSTRACT", "EVENT_ACT", "GROUP_ORG", "PERSON"]}	{}	68
振りする	85	P	DECIDED	estimated	P_ACT	gen_frame	DISTRIBUTION_DISAGREES	P_ACT	{"を": ["EVENT_ACT", "STATE_PROPERTY"]}	{"role_distribution@codex:pro": ["を"]}	62
施工する	85	P	DECIDED	estimated	P_CREATE	gen_frame		P_CREATE	{"を": ["ARTIFACT", "PLACE"]}	{}	74
架橋する	85	P	DECIDED	estimated	P_CREATE	gen_frame		P_CREATE	{"を": ["ARTIFACT", "PLACE"]}	{}	85
滞納する	85	P	DECIDED	estimated	P_POSSESS	gen_frame		P_POSSESS	{"を": ["ABSTRACT", "QUANTITY", "SUBSTANCE_FOOD"]}	{}	48
翻弄する	85	P	DECIDED	estimated	P_ACT	gen_frame		P_ACT	{"を": ["ABSTRACT", "GROUP_ORG", "PERSON", "STATE_PROPERTY"]}	{}	72
自覚する	85	P	DECIDED	estimated	P_COGNITION	gen_frame		P_COGNITION	{"を": ["ABSTRACT", "EVENT_ACT", "STATE_PROPERTY"]}	{}	39
飛散する	85	P	DECIDED	estimated	P_MOVE	gen_frame		P_MOVE	{"から": ["PLACE"], "が": ["ARTIFACT", "BODY_PART", "SUBSTANCE_FOOD"]}	{}	36
駐輪する	85	P	DECIDED	estimated	P_ACT	gen_frame		P_ACT	{"で": ["PLACE"], "に": ["PLACE"]}	{}	49
交錯する	84	P	DECIDED	estimated	P_MOVE	gen_frame		P_MOVE	{"が": ["ABSTRACT", "ARTIFACT", "EVENT_ACT"]}	{}	53
倍増する	84	P	DECIDED	estimated	P_CHANGE	gen_frame		P_CHANGE	{"が": ["ABSTRACT", "QUANTITY"]}	{}	35
吸着する	84	P	DECIDED	estimated	P_STATE	gen_frame		P_STATE	{"に": ["ARTIFACT", "BODY_PART", "SUBSTANCE_FOOD"]}	{}	42
増強する	84	P	DECIDED	estimated	P_CHANGE	gen_frame		P_CHANGE	{"を": ["ABSTRACT", "ARTIFACT", "BODY_PART", "STATE_PROPERTY"]}	{}	84
外食する	84	P	DECIDED	estimated	P_CONSUME	gen_frame		P_CONSUME	{"で": ["PLACE"]}	{}	53
失点する	84	P	DECIDED	estimated	P_ACT	gen_frame		P_ACT	{"を": ["ABSTRACT", "ARTIFACT", "EVENT_ACT"]}	{}	67
止血する	84	P	DECIDED	estimated	P_ACT	gen_frame		P_ACT	{"を": ["BODY_PART"]}	{}	79
立案する	84	P	DECIDED	estimated	P_CREATE	gen_frame		P_CREATE	{"を": ["ABSTRACT", "EVENT_ACT", "INFO_LANGUAGE"]}	{}	83
観賞する	84	P	DECIDED	estimated	P_PERCEIVE	gen_frame	DISTRIBUTION_DISAGREES	P_PERCEIVE	{"を": ["ARTIFACT", "NATURAL_PHENOMENON", "WORK"]}	{"role_distribution@codex:general_qa": ["を"], "role_distribution@jawiki": ["を"]}	46
調製する	84	P	DECIDED	estimated	P_CREATE	gen_frame		P_CREATE	{"を": ["ARTIFACT", "SUBSTANCE_FOOD"]}	{}	58
隆起する	84	P	DECIDED	estimated	P_CHANGE	gen_frame		P_CHANGE	{"が": ["NATURAL_PHENOMENON", "PLACE"]}	{}	64
ダンプする	83	P	DECIDED	estimated	P_MOVE	gen_frame		P_MOVE	{"に": ["ARTIFACT", "SUBSTANCE_FOOD"], "を": ["ARTIFACT", "INFO_LANGUAGE", "SUBSTANCE_FOOD"]}	{}	75
フォーマットする	83	P	DECIDED	estimated	P_CHANGE	gen_frame		P_CHANGE	{"を": ["ARTIFACT", "INFO_LANGUAGE"]}	{}	37
入選する	83	P	DECIDED	estimated	P_MOVE	gen_frame		P_MOVE	{"から": ["ABSTRACT", "EVENT_ACT"], "に": ["GROUP_ORG", "PERSON"]}	{}	77
勝ちする	83	P	UNPLACED							{}	56
増設する	83	P	DECIDED	estimated	P_CREATE	gen_frame		P_CREATE	{"を": ["ARTIFACT", "PLACE"]}	{}	62
大騒ぎする	83	P	DECIDED	estimated	P_ACT	gen_frame		P_ACT	{"が": ["ABSTRACT", "EVENT_ACT"], "で": ["PLACE"]}	{}	61
植栽する	83	P	DECIDED	estimated	P_CREATE	gen_frame		P_CREATE	{"を": ["ARTIFACT", "PLACE"]}	{}	76
退治する	83	P	DECIDED	estimated	P_ACT	gen_frame		P_ACT	{"を": ["ANIMAL", "GROUP_ORG", "PERSON"]}	{}	64
送水する	83	P	DECIDED	estimated	P_MOVE	gen_frame		P_MOVE	{"に": ["PLACE"], "を": ["SUBSTANCE_FOOD"]}	{}	82
駆除する	83	P	DECIDED	estimated	P_ACT	gen_frame	DISTRIBUTION_DISAGREES	P_ACT	{"を": ["ABSTRACT", "ANIMAL", "PLANT"]}	{"role_distribution@codex:paraphrase_entail": ["を"]}	36
やする	82	P	UNPLACED							{}	82
企図する	82	P	DECIDED	estimated	P_COGNITION	gen_frame	DISTRIBUTION_DISAGREES	P_COGNITION	{"を": ["ABSTRACT", "EVENT_ACT"]}	{"role_distribution@jawiki": ["を"]}	82
伸縮する	82	P	DECIDED	estimated	P_CHANGE	gen_frame		P_CHANGE	{"が": ["ARTIFACT", "BODY_PART", "STATE_PROPERTY"]}	{}	29
修行する	82	P	DECIDED	estimated	P_ACT	gen_frame		P_ACT	{"で": ["PLACE"], "を": ["ABSTRACT", "EVENT_ACT"]}	{}	73
傍聴する	82	P	DECIDED	estimated	P_PERCEIVE	gen_frame	DISTRIBUTION_DISAGREES	P_PERCEIVE	{"を": ["EVENT_ACT", "INFO_LANGUAGE", "WORK"]}	{"role_distribution@codex:general_qa": ["を"]}	78
共催する	82	P	DECIDED	estimated	P_ACT	gen_frame		P_ACT	{"を": ["EVENT_ACT", "WORK"]}	{}	82
恐縮する	82	P	DECIDED	estimated	P_EMOTION	gen_frame		P_EMOTION	{"に": ["GROUP_ORG", "PERSON"]}	{}	34
病死する	82	P	DECIDED	estimated	P_EXIST	gen_frame		P_EXIST	{"で": ["PLACE"]}	{}	82
知覚する	82	P	DECIDED	estimated	P_PERCEIVE	gen_frame		P_PERCEIVE	{"を": ["ABSTRACT", "BODY_PART", "NATURAL_PHENOMENON", "STATE_PROPERTY"]}	{}	70
禁煙する	82	P	DECIDED	estimated	P_ACT	gen_frame		P_ACT	{"を": ["ABSTRACT", "SUBSTANCE_FOOD"]}	{}	67
算定する	82	P	DECIDED	estimated	P_COGNITION	gen_frame		P_COGNITION	{"を": ["ABSTRACT", "EVENT_ACT", "QUANTITY"]}	{}	46
統率する	82	P	DECIDED	estimated	P_ACT	gen_frame	DISTRIBUTION_DISAGREES	P_ACT	{"を": ["GROUP_ORG", "PERSON"]}	{"role_distribution@jawiki": ["を"]}	59
追悼する	82	P	DECIDED	estimated	P_EMOTION	gen_frame	DISTRIBUTION_DISAGREES	P_EMOTION	{"を": ["GROUP_ORG", "PERSON"]}	{"role_distribution@jawiki": ["を"]}	71
連帯する	82	P	DECIDED	estimated	P_STATE	gen_frame		P_STATE	{"と": ["GROUP_ORG", "PERSON"]}	{}	61
重用する	82	P	DECIDED	estimated	P_ACT	gen_frame		P_ACT	{"を": ["GROUP_ORG", "PERSON"]}	{}	80
予習する	81	P	DECIDED	estimated	P_COGNITION	gen_frame		P_COGNITION	{"を": ["ABSTRACT", "EVENT_ACT", "INFO_LANGUAGE"]}	{}	45
公言する	81	P	DECIDED	estimated	P_COMMUNICATE	gen_frame		P_COMMUNICATE	{"を": ["ABSTRACT", "INFO_LANGUAGE"]}	{}	80
共鳴する	81	P	DECIDED	estimated	P_EMOTION	gen_frame		P_EMOTION	{"に": ["ABSTRACT", "EVENT_ACT", "INFO_LANGUAGE"]}	{}	40
告示する	81	P	DECIDED	estimated	P_COMMUNICATE	gen_frame		P_COMMUNICATE	{"に": ["GROUP_ORG", "PERSON"], "を": ["EVENT_ACT", "INFO_LANGUAGE"]}	{}	64
在位する	81	P	DECIDED	estimated	P_STATE	gen_frame		P_STATE	{"に": ["ABSTRACT", "GROUP_ORG"]}	{}	75
結実する	81	P	DECIDED	estimated	P_CHANGE	gen_frame		P_CHANGE	{"が": ["PLANT"]}	{}	56
群生する	81	P	DECIDED	estimated	P_EXIST	gen_frame		P_EXIST	{"が": ["PLANT"], "に": ["PLACE"]}	{}	71
覚悟する	81	P	DECIDED	estimated	P_COGNITION	gen_frame		P_COGNITION	{"を": ["ABSTRACT", "EVENT_ACT"]}	{}	47
賛同する	81	P	DECIDED	estimated	P_COGNITION	gen_frame		P_COGNITION	{"に": ["ABSTRACT", "EVENT_ACT", "INFO_LANGUAGE"]}	{}	72
越境する	81	P	DECIDED	estimated	P_MOVE	gen_frame		P_MOVE	{"を": ["ABSTRACT", "PLACE"]}	{}	63
逸脱する	81	P	DECIDED	estimated	P_MOVE	gen_frame		P_MOVE	{"から": ["ABSTRACT", "STATE_PROPERTY"]}	{}	68
運びする	81	P	UNPLACED							{}	78
並走する	80	P	DECIDED	estimated	P_MOVE	gen_frame		P_MOVE	{"と": ["ANIMAL", "ARTIFACT", "GROUP_ORG", "PERSON"]}	{}	55
収載する	80	P	DECIDED	estimated	P_CHANGE	gen_frame		P_CHANGE	{"に": ["ARTIFACT", "INFO_LANGUAGE", "WORK"]}	{}	79
和訳する	80	P	DECIDED	estimated	P_CREATE	gen_frame		P_CREATE	{"を": ["INFO_LANGUAGE", "WORK"]}	{}	66
夭折する	80	P	DECIDED	estimated	P_CHANGE	gen_frame		P_CHANGE	{"が": ["ANIMAL", "PERSON"]}	{}	80
委任する	80	P	DECIDED	estimated	P_GIVE	gen_frame		P_GIVE	{"に": ["GROUP_ORG", "PERSON"], "を": ["ABSTRACT", "ARTIFACT", "EVENT_ACT"]}	{}	50
打倒する	80	P	DECIDED	estimated	P_ACT	gen_frame		P_ACT	{"を": ["ABSTRACT", "GROUP_ORG", "PERSON"]}	{}	76
温存する	80	P	DECIDED	estimated	P_STATE	gen_frame		P_STATE	{"を": ["ABSTRACT", "ARTIFACT", "SUBSTANCE_FOOD"]}	{}	27
煮沸する	80	P	DECIDED	estimated	P_CHANGE	gen_frame		P_CHANGE	{"を": ["SUBSTANCE_FOOD"]}	{}	40
進軍する	80	P	DECIDED	estimated	P_MOVE	gen_frame		P_MOVE	{"へ": ["PLACE"]}	{}	59
酷似する	80	P	DECIDED	estimated	P_STATE	gen_frame		P_STATE	{"に": ["ABSTRACT", "ARTIFACT", "PERSON", "STATE_PROPERTY"]}	{}	80
あく抜きする	79	P	DECIDED	estimated	P_CHANGE	gen_frame		P_CHANGE	{"を": ["SUBSTANCE_FOOD"]}	{}	36
トラップする	79	P	DECIDED	estimated	P_ACT	gen_frame		P_ACT	{"を": ["ANIMAL", "ARTIFACT", "PERSON"]}	{}	48
併存する	79	P	DECIDED	estimated	P_EXIST	gen_frame		P_EXIST	{"と": ["ABSTRACT", "ARTIFACT", "EVENT_ACT"]}	{}	29
入国する	79	P	DECIDED	estimated	P_MOVE	gen_frame		P_MOVE	{"に": ["PLACE"]}	{}	69
入門する	79	P	DECIDED	estimated	P_MOVE	gen_frame		P_MOVE	{"に": ["ABSTRACT", "GROUP_ORG", "PLACE"]}	{}	77
外干しする	79	P	DECIDED	estimated	P_ACT	gen_frame		P_ACT	{"を": ["ARTIFACT", "SUBSTANCE_FOOD"]}	{}	34
奔走する	79	P	DECIDED	estimated	P_ACT	gen_frame		P_ACT	{"で": ["PLACE"], "を": ["ABSTRACT", "EVENT_ACT"]}	{}	78
昇華する	79	P	DECIDED	estimated	P_CHANGE	gen_frame		P_CHANGE	{"に": ["ABSTRACT", "SUBSTANCE_FOOD"]}	{}	39
殉教する	79	P	DECIDED	estimated	P_STATE	gen_frame		P_STATE	{"に": ["ABSTRACT"]}	{}	78
滑走する	79	P	DECIDED	estimated	P_MOVE	gen_frame		P_MOVE	{"を": ["ARTIFACT", "PLACE"]}	{}	38
略奪する	79	P	DECIDED	estimated	P_GIVE	gen_frame		P_GIVE	{"から": ["GROUP_ORG", "PERSON", "PLACE"], "を": ["ABSTRACT", "ARTIFACT", "SUBSTANCE_FOOD"]}	{}	77
監修する	79	P	DECIDED	estimated	P_ACT	gen_frame		P_ACT	{"を": ["EVENT_ACT", "INFO_LANGUAGE", "WORK"]}	{}	74
積載する	79	P	DECIDED	estimated	P_POSSESS	gen_frame		P_POSSESS	{"に": ["ARTIFACT", "PLACE"], "を": ["ARTIFACT", "SUBSTANCE_FOOD"]}	{}	54
護衛する	79	P	DECIDED	estimated	P_ACT	gen_frame		P_ACT	{"を": ["ANIMAL", "ARTIFACT", "GROUP_ORG", "PERSON"]}	{}	78
吸水する	78	P	DECIDED	estimated	P_CHANGE	gen_frame		P_CHANGE	{"を": ["SUBSTANCE_FOOD"]}	{}	41
対面する	78	P	DECIDED	estimated	P_ACT	gen_frame		P_ACT	{"と": ["GROUP_ORG", "PERSON"]}	{}	34
居眠りする	78	P	DECIDED	estimated	P_ACT	gen_frame		P_ACT		{}	41
暴露する	78	P	DECIDED	estimated	P_COMMUNICATE	gen_frame		P_COMMUNICATE	{"を": ["ABSTRACT", "INFO_LANGUAGE"]}	{}	77
曲げ伸ばしする	78	P	DECIDED	estimated	P_ACT	gen_frame	DISTRIBUTION_DISAGREES	P_ACT	{"を": ["ARTIFACT", "BODY_PART"]}	{"role_distribution@codex:pro": ["を", "で"]}	56
注射する	78	P	DECIDED	estimated	P_ACT	gen_frame		P_ACT	{"に": ["BODY_PART"], "を": ["ANIMAL", "PERSON"]}	{}	32
申述する	78	P	DECIDED	estimated	P_COMMUNICATE	gen_frame		P_COMMUNICATE	{"に": ["GROUP_ORG"], "を": ["INFO_LANGUAGE"]}	{}	78
管掌する	78	P	DECIDED	estimated	P_ACT	gen_frame		P_ACT	{"を": ["ABSTRACT", "EVENT_ACT"]}	{}	78
罹患する	78	P	DECIDED	estimated	P_STATE	gen_frame		P_STATE	{"に": ["ABSTRACT", "STATE_PROPERTY"]}	{}	78
足し算する	78	P	DECIDED	estimated	P_ACT	gen_frame		P_ACT	{"を": ["ABSTRACT", "QUANTITY"]}	{}	53
連勝する	78	P	DECIDED	estimated	P_ACT	gen_frame		P_ACT	{"で": ["EVENT_ACT"]}	{}	68
飲酒する	78	P	DECIDED	estimated	P_CONSUME	gen_frame		P_CONSUME	{"を": ["SUBSTANCE_FOOD"]}	{}	40
養する	78	P	UNPLACED							{}	78
駐在する	78	P	DECIDED	estimated	P_EXIST	gen_frame		P_EXIST	{"に": ["GROUP_ORG", "PLACE"]}	{}	77
もんする	77	P	UNPLACED							{}	64
入店する	77	P	DECIDED	estimated	P_MOVE	gen_frame		P_MOVE	{"に": ["PLACE"]}	{}	32
共作する	77	P	DECIDED	estimated	P_CREATE	gen_frame	DISTRIBUTION_DISAGREES	P_CREATE	{"と": ["GROUP_ORG", "PERSON"], "を": ["INFO_LANGUAGE", "WORK"]}	{"role_distribution@jawiki": ["を"]}	76
分枝する	77	P	DECIDED	estimated	P_CHANGE	gen_frame		P_CHANGE	{"が": ["ANIMAL", "PLANT"]}	{}	76
寄港する	77	P	DECIDED	estimated	P_MOVE	gen_frame		P_MOVE	{"に": ["PLACE"]}	{}	33
履修する	77	P	DECIDED	estimated	P_ACT	gen_frame		P_ACT	{"を": ["ABSTRACT", "WORK"]}	{}	38
廃位する	77	P	DECIDED	estimated	P_CHANGE	gen_frame		P_CHANGE	{"を": ["GROUP_ORG", "PERSON"]}	{}	74
引きする	77	P	UNPLACED							{}	27
手袋する	77	P	DECIDED	estimated	P_ACT	gen_frame		P_ACT	{"を": ["BODY_PART"]}	{}	69
概観する	77	P	DECIDED	estimated	P_PERCEIVE	gen_frame		P_PERCEIVE	{"を": ["ABSTRACT", "EVENT_ACT"]}	{}	60
直交する	77	P	DECIDED	estimated	P_STATE	gen_frame		P_STATE	{"と": ["ABSTRACT", "EVENT_ACT"]}	{}	63
直撃する	77	P	DECIDED	estimated	P_ACT	gen_frame		P_ACT	{"を": ["ARTIFACT", "PERSON", "PLACE"]}	{}	27
買い置きする	77	P	DECIDED	estimated	P_POSSESS	gen_frame		P_POSSESS	{"を": ["ARTIFACT", "SUBSTANCE_FOOD"]}	{}	35
降板する	77	P	DECIDED	estimated	P_ACT	gen_frame		P_ACT	{"を": ["ANIMAL", "PERSON"]}	{}	59
BYする	76	P	UNPLACED							{}	41
トレースする	76	P	DECIDED	estimated	P_ACT	gen_frame		P_ACT	{"を": ["ARTIFACT", "INFO_LANGUAGE", "WORK"]}	{}	71
プリントする	76	P	DECIDED	estimated	P_CREATE	gen_frame		P_CREATE	{"を": ["ARTIFACT", "INFO_LANGUAGE", "WORK"]}	{}	39
リターンする	76	P	DECIDED	estimated	P_MOVE	gen_frame		P_MOVE	{"に": ["PLACE"], "へ": ["PLACE"]}	{}	59
供与する	76	P	DECIDED	estimated	P_GIVE	gen_frame		P_GIVE	{"に": ["GROUP_ORG", "PERSON"], "を": ["ABSTRACT", "ARTIFACT"]}	{}	73
出題する	76	P	DECIDED	estimated	P_CREATE	gen_frame		P_CREATE	{"を": ["EVENT_ACT", "INFO_LANGUAGE", "WORK"]}	{}	33
加担する	76	P	DECIDED	estimated	P_ACT	gen_frame		P_ACT	{"と": ["GROUP_ORG", "PERSON"], "に": ["GROUP_ORG", "PERSON"]}	{}	73
反芻する	76	P	DECIDED	estimated	P_CONSUME	gen_frame		P_CONSUME	{"を": ["ABSTRACT", "SUBSTANCE_FOOD"]}	{}	41
反論する	76	P	DECIDED	estimated	P_COMMUNICATE	gen_frame		P_COMMUNICATE	{"に": ["GROUP_ORG", "PERSON"], "を": ["ABSTRACT", "INFO_LANGUAGE"]}	{}	40
収監する	76	P	DECIDED	estimated	P_CHANGE	gen_frame		P_CHANGE	{"を": ["GROUP_ORG", "PERSON"]}	{}	76
合祀する	76	P	DECIDED	estimated	P_ACT	gen_frame		P_ACT	{"に": ["GROUP_ORG", "PLACE"], "を": ["GROUP_ORG", "PERSON"]}	{}	75
団結する	76	P	DECIDED	estimated	P_CHANGE	gen_frame		P_CHANGE	{"と": ["GROUP_ORG", "PERSON"]}	{}	44
定植する	76	P	DECIDED	estimated	P_ACT	gen_frame	DISTRIBUTION_DISAGREES	P_ACT	{"を": ["PLANT"]}	{"role_distribution@codex:paraphrase_entail": ["を"]}	62
捕集する	76	P	DECIDED	estimated	P_ACT	gen_frame		P_ACT	{"を": ["ABSTRACT", "ARTIFACT", "SUBSTANCE_FOOD"]}	{}	68
水漏れする	76	P	DECIDED	estimated	P_STATE	gen_frame		P_STATE	{"が": ["SUBSTANCE_FOOD"]}	{}	43
渡航する	76	P	DECIDED	direct	P_MOVE	gen_frame,role_distribution@codex:general_qa		P_MOVE	{"へ": ["PLACE"]}	{"role_distribution@codex:general_qa": ["へ"]}	49
絶賛する	76	P	DECIDED	estimated	P_COMMUNICATE	gen_frame		P_COMMUNICATE	{"を": ["EVENT_ACT", "GROUP_ORG", "PERSON", "STATE_PROPERTY", "WORK"]}	{}	73
調味する	76	P	DECIDED	estimated	P_CHANGE	gen_frame		P_CHANGE	{"を": ["SUBSTANCE_FOOD"]}	{}	44
足踏みする	76	P	DECIDED	estimated	P_ACT	gen_frame		P_ACT	{"を": ["ABSTRACT", "ARTIFACT", "BODY_PART"]}	{}	47
COUNTする	75	P	DECIDED	estimated	P_COGNITION	gen_frame		P_COGNITION	{"を": ["ABSTRACT", "QUANTITY"]}	{}	54
こだまする	75	P	DECIDED	estimated	P_EXIST	gen_frame		P_EXIST	{"が": ["ABSTRACT", "ARTIFACT", "INFO_LANGUAGE", "NATURAL_PHENOMENON", "PLACE"]}	{}	31
じんする	75	P	UNPLACED							{}	75
フォローする	75	P	DECIDED	estimated	P_ACT	gen_frame		P_ACT	{"を": ["ABSTRACT", "GROUP_ORG", "INFO_LANGUAGE", "PERSON"]}	{}	38
再演する	75	P	DECIDED	estimated	P_CREATE	gen_frame		P_CREATE	{"を": ["EVENT_ACT", "WORK"]}	{}	75
割拠する	75	P	DECIDED	estimated	P_EXIST	gen_frame		P_EXIST	{"が": ["GROUP_ORG", "PERSON"], "に": ["PLACE"]}	{}	75
在学する	75	P	DECIDED	estimated	P_STATE	gen_frame		P_STATE	{"に": ["GROUP_ORG", "PLACE"]}	{}	73
察知する	75	P	DECIDED	estimated	P_PERCEIVE	gen_frame		P_PERCEIVE	{"を": ["ABSTRACT", "EVENT_ACT", "NATURAL_PHENOMENON", "STATE_PROPERTY"]}	{}	26
意訳する	75	P	DECIDED	estimated	P_COMMUNICATE	gen_frame		P_COMMUNICATE	{"を": ["INFO_LANGUAGE", "WORK"]}	{}	75
戸締まりする	75	P	DECIDED	estimated	P_ACT	gen_frame		P_ACT	{"を": ["ARTIFACT", "PLACE"]}	{}	55
来場する	75	P	DECIDED	estimated	P_MOVE	gen_frame		P_MOVE	{"に": ["EVENT_ACT", "PLACE"]}	{}	47
根腐れする	75	P	DECIDED	estimated	P_CHANGE	gen_frame		P_CHANGE	{"が": ["PLANT"]}	{}	34
腐食する	75	P	DECIDED	estimated	P_CHANGE	gen_frame		P_CHANGE	{"が": ["ARTIFACT", "SUBSTANCE_FOOD"]}	{}	49
通算する	75	P	DECIDED	estimated	P_COGNITION	gen_frame		P_COGNITION	{"を": ["EVENT_ACT", "QUANTITY", "TIME"]}	{}	63
長続きする	75	P	DECIDED	estimated	P_STATE	gen_frame		P_STATE	{"が": ["EVENT_ACT", "STATE_PROPERTY"]}	{}	31
stashする	74	P	DECIDED	estimated	P_POSSESS	gen_frame		P_POSSESS	{"を": ["ABSTRACT", "ARTIFACT", "INFO_LANGUAGE"]}	{}	74
じゃまする	74	P	DECIDED	estimated	P_ACT	gen_frame		P_ACT	{"を": ["EVENT_ACT", "GROUP_ORG", "PERSON", "STATE_PROPERTY"]}	{}	35
塗布する	74	P	DECIDED	estimated	P_ACT	gen_frame	DISTRIBUTION_DISAGREES	P_ACT	{"を": ["ARTIFACT", "SUBSTANCE_FOOD"]}	{"role_distribution@jawiki": ["を", "に"]}	61
奉仕する	74	P	DECIDED	estimated	P_GIVE	gen_frame		P_GIVE	{"に": ["GROUP_ORG", "PERSON"]}	{}	60
従属する	74	P	DECIDED	estimated	P_STATE	gen_frame		P_STATE	{"に": ["ABSTRACT", "GROUP_ORG", "PERSON"]}	{}	56
排他する	74	P	DECIDED	estimated	P_ACT	gen_frame		P_ACT	{"が": ["GROUP_ORG", "PERSON"], "を": ["ABSTRACT", "ARTIFACT", "GROUP_ORG", "PERSON"]}	{}	69
操業する	74	P	DECIDED	estimated	P_ACT	gen_frame		P_ACT	{"を": ["ARTIFACT", "EVENT_ACT", "PLACE"]}	{}	73
散見する	74	P	DECIDED	estimated	P_PERCEIVE	gen_frame		P_PERCEIVE	{"が": ["ARTIFACT", "EVENT_ACT", "GROUP_ORG", "PERSON", "PLACE", "STATE_PROPERTY"]}	{}	73
歯みがきする	74	P	DECIDED	estimated	P_ACT	gen_frame		P_ACT	{"を": ["BODY_PART"]}	{}	47
死滅する	74	P	DECIDED	estimated	P_CHANGE	gen_frame		P_CHANGE	{"が": ["ANIMAL", "GROUP_ORG", "PLANT"]}	{}	35
浮遊する	74	P	DECIDED	estimated	P_MOVE	gen_frame		P_MOVE	{"が": ["ANIMAL", "ARTIFACT", "NATURAL_PHENOMENON", "SUBSTANCE_FOOD"]}	{}	59
炎上する	74	P	DECIDED	estimated	P_CHANGE	gen_frame		P_CHANGE	{"が": ["ABSTRACT", "ARTIFACT", "INFO_LANGUAGE", "PLACE"]}	{}	70
編制する	74	P	DECIDED	estimated	P_CREATE	gen_frame		P_CREATE	{"を": ["ARTIFACT", "EVENT_ACT", "GROUP_ORG"]}	{}	74
転置する	74	P	DECIDED	estimated	P_CHANGE	gen_frame		P_CHANGE	{"を": ["ABSTRACT", "ARTIFACT", "INFO_LANGUAGE"]}	{}	71
部屋干しする	74	P	DECIDED	estimated	P_ACT	gen_frame		P_ACT	{"を": ["ARTIFACT", "SUBSTANCE_FOOD"]}	{}	33
しちょうする	73	P	UNPLACED							{}	73
到来する	73	P	DECIDED	estimated	P_EXIST	gen_frame		P_EXIST	{"が": ["EVENT_ACT", "NATURAL_PHENOMENON", "TIME"]}	{}	56
培養する	73	P	DECIDED	estimated	P_CREATE	gen_frame		P_CREATE	{"を": ["ANIMAL", "PLANT", "SUBSTANCE_FOOD"]}	{}	70
来店する	73	P	DECIDED	estimated	P_MOVE	gen_frame		P_MOVE	{"に": ["PLACE"]}	{}	26
氾濫する	73	P	DECIDED	estimated	P_EXIST	gen_frame		P_EXIST	{"が": ["NATURAL_PHENOMENON", "SUBSTANCE_FOOD"]}	{}	25
発育する	73	P	DECIDED	estimated	P_CHANGE	gen_frame		P_CHANGE	{"が": ["ANIMAL", "PLANT"]}	{}	61
着任する	73	P	DECIDED	estimated	P_MOVE	gen_frame		P_MOVE	{"に": ["GROUP_ORG", "PLACE"]}	{}	55
調弦する	73	P	DECIDED	estimated	P_ACT	gen_frame		P_ACT	{"を": ["ARTIFACT"]}	{}	46
転覆する	73	P	DECIDED	estimated	P_CHANGE	gen_frame		P_CHANGE	{"が": ["ARTIFACT", "PLACE"]}	{}	36
酔いする	73	P	UNPLACED							{}	37
まほうする	72	P	UNPLACED							{}	72
エントリーする	72	P	DECIDED	estimated	P_ACT	gen_frame		P_ACT	{"に": ["EVENT_ACT", "GROUP_ORG"]}	{}	69
クローンする	72	P	DECIDED	estimated	P_CREATE	gen_frame		P_CREATE	{"を": ["ANIMAL", "ARTIFACT", "PLANT"]}	{}	65
シュートする	72	P	DECIDED	estimated	P_ACT	gen_frame		P_ACT	{"を": ["ARTIFACT", "EVENT_ACT"]}	{}	26
充填する	72	P	DECIDED	estimated	P_ACT	gen_frame	DISTRIBUTION_DISAGREES	P_ACT	{"に": ["ARTIFACT", "PLACE"], "を": ["SUBSTANCE_FOOD"]}	{"role_distribution@jawiki": ["を"]}	68
出仕する	72	P	DECIDED	estimated	P_MOVE	gen_frame		P_MOVE		{}	67
厚着する	72	P	DECIDED	estimated	P_ACT	gen_frame		P_ACT	{"を": ["ARTIFACT"]}	{}	44
呼応する	72	P	DECIDED	estimated	P_COMMUNICATE	gen_frame		P_COMMUNICATE	{"に": ["EVENT_ACT", "GROUP_ORG", "PERSON"]}	{}	40
密生する	72	P	DECIDED	estimated	P_EXIST	gen_frame		P_EXIST	{"が": ["PLANT"]}	{}	66
対照する	72	P	DECIDED	estimated	P_COGNITION	gen_frame		P_COGNITION	{"と": ["ABSTRACT", "ARTIFACT", "STATE_PROPERTY"], "を": ["ABSTRACT", "ARTIFACT", "STATE_PROPERTY"]}	{}	41
工作する	72	P	DECIDED	estimated	P_CREATE	gen_frame		P_CREATE	{"を": ["ABSTRACT", "ARTIFACT"]}	{}	25
承諾する	72	P	DECIDED	estimated	P_COGNITION	gen_frame		P_COGNITION	{"を": ["ARTIFACT", "EVENT_ACT", "INFO_LANGUAGE"]}	{}	27
改姓する	72	P	DECIDED	estimated	P_CHANGE	gen_frame		P_CHANGE		{}	72
救済する	72	P	DECIDED	estimated	P_GIVE	gen_frame	DISTRIBUTION_DISAGREES	P_GIVE	{"を": ["ABSTRACT", "GROUP_ORG", "PERSON"]}	{"role_distribution@jawiki": ["を"]}	64
渡米する	72	P	DECIDED	estimated	P_MOVE	gen_frame		P_MOVE	{"へ": ["PLACE"]}	{}	72
生還する	72	P	DECIDED	estimated	P_MOVE	gen_frame		P_MOVE	{"が": ["ANIMAL", "PERSON"]}	{}	42
連打する	72	P	DECIDED	estimated	P_ACT	gen_frame		P_ACT	{"を": ["ARTIFACT"]}	{}	32
開墾する	72	P	DECIDED	estimated	P_CHANGE	gen_frame		P_CHANGE	{"を": ["ABSTRACT", "PLACE"]}	{}	38
雪かきする	72	P	DECIDED	estimated	P_ACT	gen_frame		P_ACT	{"を": ["ARTIFACT", "PLACE"]}	{}	38
頒布する	72	P	DECIDED	estimated	P_GIVE	gen_frame		P_GIVE	{"を": ["ARTIFACT", "INFO_LANGUAGE", "SUBSTANCE_FOOD"]}	{}	72
こすり洗いする	71	P	DECIDED	estimated	P_ACT	gen_frame		P_ACT	{"を": ["ARTIFACT", "SUBSTANCE_FOOD"]}	{}	53
はやしする	71	P	UNPLACED							{}	71
アップデートする	71	P	DECIDED	estimated	P_CHANGE	gen_frame		P_CHANGE	{"を": ["ABSTRACT", "ARTIFACT", "INFO_LANGUAGE"]}	{}	43
イライラする	71	P	DECIDED	estimated	P_EMOTION	gen_frame		P_EMOTION	{"が": ["PERSON"]}	{}	36
下ごしらえする	71	P	DECIDED	estimated	P_ACT	gen_frame		P_ACT	{"を": ["ARTIFACT", "SUBSTANCE_FOOD"]}	{}	42
下賜する	71	P	DECIDED	estimated	P_GIVE	gen_frame		P_GIVE	{"に": ["GROUP_ORG", "PERSON"], "を": ["ABSTRACT", "ARTIFACT"]}	{}	71
体現する	71	P	DECIDED	estimated	P_CREATE	gen_frame		P_CREATE	{"を": ["ABSTRACT", "STATE_PROPERTY"]}	{}	68
入射する	71	P	DECIDED	estimated	P_MOVE	gen_frame		P_MOVE	{"が": ["ARTIFACT", "NATURAL_PHENOMENON"]}	{}	47
出撃する	71	P	DECIDED	estimated	P_MOVE	gen_frame		P_MOVE	{"へ": ["PLACE"]}	{}	70
取水する	71	P	DECIDED	estimated	P_MOVE	gen_frame		P_MOVE	{"を": ["NATURAL_PHENOMENON", "SUBSTANCE_FOOD"]}	{}	56
抵触する	71	P	DECIDED	estimated	P_STATE	gen_frame		P_STATE	{"に": ["ABSTRACT", "EVENT_ACT", "INFO_LANGUAGE"]}	{}	43
推移する	71	P	DECIDED	estimated	P_CHANGE	gen_frame		P_CHANGE	{"が": ["ABSTRACT", "STATE_PROPERTY"]}	{}	42
教授する	71	P	DECIDED	direct	P_COMMUNICATE	gen_frame,role_distribution@jawiki		P_COMMUNICATE	{"を": ["GROUP_ORG", "INFO_LANGUAGE", "PERSON", "WORK"]}	{"role_distribution@jawiki": ["を"]}	71
敢行する	71	P	DECIDED	estimated	P_ACT	gen_frame	DISTRIBUTION_DISAGREES	P_ACT	{"を": ["EVENT_ACT"]}	{"role_distribution@jawiki": ["を"]}	70
登頂する	71	P	DECIDED	estimated	P_MOVE	gen_frame		P_MOVE	{"に": ["PLACE"]}	{}	36
読みする	71	P	UNPLACED							{}	67
重合する	71	P	DECIDED	estimated	P_CHANGE	gen_frame		P_CHANGE	{"が": ["SUBSTANCE_FOOD"]}	{}	58
もとする	70	P	DECIDED	estimated	P_CHANGE	gen_frame		P_CHANGE	{"に": ["ABSTRACT", "STATE_PROPERTY"]}	{}	70
チューニングする	70	P	DECIDED	estimated	P_ACT	gen_frame		P_ACT	{"を": ["ABSTRACT", "ARTIFACT"]}	{}	29
ディ・ドナテッロする	70	P	UNPLACED							{}	70
リラックスする	70	P	DECIDED	estimated	P_STATE	gen_frame		P_STATE		{}	27
予言する	70	P	DECIDED	estimated	P_COMMUNICATE	gen_frame		P_COMMUNICATE	{"を": ["ABSTRACT", "EVENT_ACT"]}	{}	54
入所する	70	P	DECIDED	estimated	P_MOVE	gen_frame		P_MOVE	{"に": ["GROUP_ORG", "PLACE"]}	{}	67
出塁する	70	P	DECIDED	estimated	P_MOVE	gen_frame		P_MOVE	{"に": ["PLACE"]}	{}	46
反抗する	70	P	DECIDED	estimated	P_ACT	gen_frame		P_ACT	{"に": ["ABSTRACT", "GROUP_ORG", "PERSON"]}	{}	47
支出する	70	P	DECIDED	estimated	P_CONSUME	gen_frame		P_CONSUME	{"を": ["ABSTRACT", "ARTIFACT", "QUANTITY"]}	{}	34
沈殿する	70	P	DECIDED	estimated	P_CHANGE	gen_frame		P_CHANGE	{"が": ["ABSTRACT", "SUBSTANCE_FOOD"]}	{}	44
荷ほどきする	70	P	DECIDED	estimated	P_ACT	gen_frame		P_ACT	{"を": ["ARTIFACT"]}	{}	45
身震いする	70	P	DECIDED	estimated	P_STATE	gen_frame		P_STATE		{}	68
コーティングする	69	P	DECIDED	estimated	P_CHANGE	gen_frame		P_CHANGE	{"を": ["ABSTRACT", "ARTIFACT", "BODY_PART"]}	{}	60
別扱いする	69	P	DECIDED	estimated	P_ACT	gen_frame		P_ACT	{"を": ["ABSTRACT", "ARTIFACT", "PERSON"]}	{}	58
受容する	69	P	DECIDED	estimated	P_COGNITION	gen_frame		P_COGNITION	{"を": ["ABSTRACT", "INFO_LANGUAGE", "PERSON"]}	{}	65
失神する	69	P	DECIDED	estimated	P_CHANGE	gen_frame		P_CHANGE		{}	44
待ち伏せする	69	P	DECIDED	estimated	P_ACT	gen_frame	DISTRIBUTION_DISAGREES	P_ACT	{"を": ["ANIMAL", "ARTIFACT", "PERSON"]}	{"role_distribution@codex:paraphrase_entail": ["を", "で"]}	27
急死する	69	P	DECIDED	estimated	P_CHANGE	gen_frame		P_CHANGE		{}	68
挫折する	69	P	DECIDED	estimated	P_CHANGE	gen_frame		P_CHANGE	{"に": ["ARTIFACT", "EVENT_ACT", "GROUP_ORG", "PERSON"]}	{}	29
搬出する	69	P	DECIDED	estimated	P_MOVE	gen_frame		P_MOVE	{"を": ["ARTIFACT", "SUBSTANCE_FOOD"]}	{}	41
湯通しする	69	P	DECIDED	estimated	P_CHANGE	gen_frame		P_CHANGE	{"を": ["SUBSTANCE_FOOD"]}	{}	26
虐殺する	69	P	DECIDED	estimated	P_ACT	gen_frame		P_ACT	{"を": ["ANIMAL", "PERSON"]}	{}	69
証言する	69	P	DECIDED	estimated	P_COMMUNICATE	gen_frame		P_COMMUNICATE	{"を": ["ABSTRACT", "EVENT_ACT", "INFO_LANGUAGE"]}	{}	54
試し刷りする	69	P	DECIDED	estimated	P_CREATE	gen_frame		P_CREATE	{"を": ["ARTIFACT", "INFO_LANGUAGE", "WORK"]}	{}	66
退化する	69	P	DECIDED	estimated	P_CHANGE	gen_frame		P_CHANGE	{"が": ["ABSTRACT", "STATE_PROPERTY"]}	{}	49
ひこうする	68	P	DECIDED	estimated	P_MOVE	gen_frame		P_MOVE	{"を": ["ARTIFACT"]}	{}	68
一見する	68	P	DECIDED	estimated	P_PERCEIVE	gen_frame		P_PERCEIVE	{"を": ["ARTIFACT", "EVENT_ACT", "PERSON"]}	{}	55
公募する	68	P	DECIDED	estimated	P_CREATE	gen_frame		P_CREATE	{"を": ["EVENT_ACT", "GROUP_ORG", "PERSON"]}	{}	62
共同する	68	P	DECIDED	estimated	P_ACT	gen_frame		P_ACT	{"に": ["GROUP_ORG", "PERSON"]}	{}	61
割引する	68	P	DECIDED	estimated	P_CHANGE	gen_frame		P_CHANGE	{"を": ["ABSTRACT", "ARTIFACT", "QUANTITY"]}	{}	23
加味する	68	P	DECIDED	estimated	P_CHANGE	gen_frame		P_CHANGE	{"を": ["ABSTRACT", "SUBSTANCE_FOOD"]}	{}	39
合同する	68	P	DECIDED	estimated	P_ACT	gen_frame		P_ACT	{"と": ["ABSTRACT", "GROUP_ORG", "PERSON"]}	{}	67
合唱する	68	P	DECIDED	estimated	P_COMMUNICATE	gen_frame		P_COMMUNICATE	{"を": ["INFO_LANGUAGE", "WORK"]}	{}	26
同伴する	68	P	DECIDED	estimated	P_MOVE	gen_frame		P_MOVE	{"に": ["GROUP_ORG", "PERSON"]}	{}	45
塩ゆでする	68	P	DECIDED	estimated	P_CONSUME	gen_frame		P_CONSUME	{"を": ["SUBSTANCE_FOOD"]}	{}	44
失業する	68	P	DECIDED	estimated	P_CHANGE	gen_frame		P_CHANGE		{}	49
析出する	68	P	DECIDED	estimated	P_CHANGE	gen_frame		P_CHANGE	{"から": ["SUBSTANCE_FOOD"], "が": ["ABSTRACT", "SUBSTANCE_FOOD"]}	{}	51
満了する	68	P	DECIDED	estimated	P_EXIST	gen_frame		P_EXIST	{"が": ["EVENT_ACT", "TIME"]}	{}	36
短絡する	68	P	DECIDED	estimated	P_CHANGE	gen_frame		P_CHANGE	{"が": ["ABSTRACT", "EVENT_ACT"]}	{}	27
答え合わせする	68	P	DECIDED	estimated	P_COGNITION	gen_frame		P_COGNITION	{"を": ["ABSTRACT", "INFO_LANGUAGE"]}	{}	59
赤面する	68	P	DECIDED	estimated	P_STATE	gen_frame		P_STATE	{"が": ["ANIMAL", "PERSON"]}	{}	56
起業する	68	P	DECIDED	estimated	P_CREATE	gen_frame		P_CREATE	{"が": ["GROUP_ORG", "PERSON"]}	{}	65
遊離する	68	P	DECIDED	estimated	P_CHANGE	gen_frame		P_CHANGE	{"から": ["ABSTRACT", "SUBSTANCE_FOOD"], "が": ["ABSTRACT", "SUBSTANCE_FOOD"]}	{}	65
開削する	68	P	DECIDED	estimated	P_ACT	gen_frame		P_ACT	{"を": ["PLACE"]}	{}	66
ころする	67	P	UNPLACED							{}	63
主管する	67	P	DECIDED	estimated	P_ACT	gen_frame	DISTRIBUTION_DISAGREES	P_ACT	{"を": ["ABSTRACT", "GROUP_ORG"]}	{"role_distribution@jawiki": ["を"]}	65
生起する	67	P	DECIDED	estimated	P_EXIST	gen_frame		P_EXIST	{"が": ["ABSTRACT", "EVENT_ACT"]}	{}	67
着火する	67	P	DECIDED	estimated	P_CHANGE	gen_frame		P_CHANGE	{"が": ["ARTIFACT", "SUBSTANCE_FOOD"]}	{}	31
結党する	67	P	DECIDED	estimated	P_CREATE	gen_frame		P_CREATE	{"が": ["GROUP_ORG"]}	{}	67
羅列する	67	P	DECIDED	estimated	P_ACT	gen_frame		P_ACT	{"を": ["ABSTRACT", "ARTIFACT", "INFO_LANGUAGE"]}	{}	59
羽化する	67	P	DECIDED	estimated	P_CHANGE	gen_frame		P_CHANGE	{"が": ["ANIMAL", "PERSON"]}	{}	26
花見する	67	P	DECIDED	estimated	P_ACT	gen_frame		P_ACT	{"を": ["EVENT_ACT", "PLACE", "PLANT"]}	{}	53
選考する	67	P	DECIDED	estimated	P_COGNITION	gen_frame		P_COGNITION	{"を": ["ABSTRACT", "ARTIFACT", "GROUP_ORG", "PERSON", "WORK"]}	{}	54
コラボレーションする	66	P	DECIDED	estimated	P_ACT	gen_frame		P_ACT	{"と": ["ABSTRACT", "GROUP_ORG", "PERSON"]}	{}	66
ミックスする	66	P	DECIDED	estimated	P_CHANGE	gen_frame		P_CHANGE	{"を": ["ABSTRACT", "INFO_LANGUAGE", "SUBSTANCE_FOOD"]}	{}	58
一掃する	66	P	DECIDED	estimated	P_ACT	gen_frame	DISTRIBUTION_DISAGREES	P_ACT	{"を": ["ABSTRACT", "ARTIFACT", "EVENT_ACT", "GROUP_ORG"]}	{"role_distribution@codex:general_qa": ["を"]}	34
低迷する	66	P	DECIDED	estimated	P_STATE	gen_frame		P_STATE	{"が": ["ABSTRACT", "QUANTITY", "STATE_PROPERTY"]}	{}	65
倒壊する	66	P	DECIDED	estimated	P_CHANGE	gen_frame		P_CHANGE	{"が": ["ARTIFACT", "PLACE"]}	{}	54
傾倒する	66	P	DECIDED	estimated	P_COGNITION	gen_frame		P_COGNITION	{"に": ["ABSTRACT", "GROUP_ORG", "PERSON", "WORK"]}	{}	66
塩抜きする	66	P	DECIDED	estimated	P_CONSUME	gen_frame		P_CONSUME	{"を": ["SUBSTANCE_FOOD"]}	{}	37
捻挫する	66	P	DECIDED	estimated	P_CHANGE	gen_frame		P_CHANGE	{"が": ["ANIMAL", "PERSON"]}	{}	38
湧出する	66	P	DECIDED	estimated	P_MOVE	gen_frame		P_MOVE	{"から": ["PLACE", "SUBSTANCE_FOOD"], "が": ["ABSTRACT", "NATURAL_PHENOMENON", "SUBSTANCE_FOOD"]}	{}	60
激突する	66	P	DECIDED	estimated	P_ACT	gen_frame		P_ACT	{"が": ["ANIMAL", "ARTIFACT", "PERSON"], "に": ["ANIMAL", "ARTIFACT", "PERSON", "PLACE"]}	{}	63
砂抜きする	66	P	DECIDED	estimated	P_ACT	gen_frame		P_ACT	{"を": ["SUBSTANCE_FOOD"]}	{}	24
車酔いする	66	P	DECIDED	estimated	P_STATE	gen_frame		P_STATE	{"が": ["ANIMAL", "PERSON"]}	{}	39
転出する	66	P	DECIDED	estimated	P_MOVE	gen_frame		P_MOVE	{"から": ["GROUP_ORG", "PLACE"], "へ": ["GROUP_ORG", "PLACE"]}	{}	45
しまする	65	P	UNPLACED							{}	65
リークする	65	P	DECIDED	estimated	P_COMMUNICATE	gen_frame		P_COMMUNICATE	{"から": ["GROUP_ORG", "PERSON", "PLACE"], "を": ["ABSTRACT", "INFO_LANGUAGE"]}	{}	53
伸長する	65	P	DECIDED	estimated	P_CHANGE	gen_frame		P_CHANGE	{"が": ["ABSTRACT", "ARTIFACT", "BODY_PART", "QUANTITY"]}	{}	53
値上げする	65	P	DECIDED	estimated	P_CHANGE	gen_frame		P_CHANGE	{"を": ["ABSTRACT", "ARTIFACT", "QUANTITY"]}	{}	22
区画する	65	P	DECIDED	estimated	P_ACT	gen_frame		P_ACT	{"を": ["ABSTRACT", "PLACE"]}	{}	41
対決する	65	P	DECIDED	estimated	P_ACT	gen_frame		P_ACT	{"と": ["ABSTRACT", "GROUP_ORG", "PERSON"]}	{}	59
敬礼する	65	P	DECIDED	estimated	P_ACT	gen_frame		P_ACT	{"に": ["GROUP_ORG", "PERSON"]}	{}	51
清書する	65	P	DECIDED	estimated	P_CREATE	gen_frame		P_CREATE	{"を": ["ABSTRACT", "INFO_LANGUAGE", "WORK"]}	{}	24
漂流する	65	P	DECIDED	estimated	P_MOVE	gen_frame		P_MOVE	{"が": ["ANIMAL", "ARTIFACT", "PERSON"]}	{}	30
爆破する	65	P	DECIDED	estimated	P_ACT	gen_frame		P_ACT	{"を": ["ABSTRACT", "ARTIFACT", "PLACE"]}	{}	63
特筆する	65	P	DECIDED	estimated	P_COMMUNICATE	gen_frame		P_COMMUNICATE	{"を": ["ABSTRACT", "EVENT_ACT", "INFO_LANGUAGE", "WORK"]}	{}	65
腐敗する	65	P	DECIDED	estimated	P_CHANGE	gen_frame		P_CHANGE	{"が": ["ANIMAL", "BODY_PART", "PLANT", "SUBSTANCE_FOOD"]}	{}	41
誤飲する	65	P	DECIDED	estimated	P_CONSUME	gen_frame		P_CONSUME	{"を": ["ARTIFACT", "SUBSTANCE_FOOD"]}	{}	47
転生する	65	P	DECIDED	estimated	P_CHANGE	gen_frame		P_CHANGE	{"に": ["ANIMAL", "PERSON"]}	{}	65
離党する	65	P	DECIDED	estimated	P_CHANGE	gen_frame	DISTRIBUTION_DISAGREES	P_CHANGE	{"を": ["GROUP_ORG"]}	{"role_distribution@jawiki": ["を"]}	63
飲食する	65	P	DECIDED	estimated	P_CONSUME	gen_frame		P_CONSUME	{"を": ["SUBSTANCE_FOOD"]}	{}	31
スケジュールする	64	P	DECIDED	estimated	P_ACT	gen_frame		P_ACT	{"を": ["ABSTRACT", "ARTIFACT", "EVENT_ACT", "TIME"]}	{}	48
封印する	64	P	DECIDED	estimated	P_ACT	gen_frame		P_ACT	{"を": ["ABSTRACT", "ARTIFACT", "INFO_LANGUAGE"]}	{}	33
橋渡しする	64	P	DECIDED	estimated	P_ACT	gen_frame		P_ACT	{"と": ["ABSTRACT", "GROUP_ORG", "PERSON"], "を": ["ABSTRACT", "EVENT_ACT", "GROUP_ORG", "PERSON"]}	{}	43
面会する	64	P	DECIDED	estimated	P_PERCEIVE	gen_frame		P_PERCEIVE	{"と": ["GROUP_ORG", "PERSON"], "に": ["GROUP_ORG", "PERSON", "PLACE"]}	{}	31
鹵獲する	64	P	DECIDED	estimated	P_GIVE	gen_frame		P_GIVE	{"を": ["ANIMAL", "ARTIFACT", "GROUP_ORG"]}	{}	64
ろする	63	P	UNPLACED							{}	59
レシーブする	63	P	DECIDED	estimated	P_GIVE	gen_frame		P_GIVE	{"に": ["GROUP_ORG", "PERSON"], "を": ["ARTIFACT", "SUBSTANCE_FOOD"]}	{}	34
侵食する	63	P	DECIDED	estimated	P_CHANGE	gen_frame		P_CHANGE	{"を": ["ABSTRACT", "ARTIFACT", "BODY_PART", "PLACE"]}	{}	36
刺しゅうする	63	P	DECIDED	estimated	P_CREATE	gen_frame		P_CREATE	{"に": ["ARTIFACT", "INFO_LANGUAGE", "WORK"]}	{}	38
完食する	63	P	DECIDED	estimated	P_CONSUME	gen_frame		P_CONSUME	{"を": ["SUBSTANCE_FOOD"]}	{}	25
彩色する	63	P	DECIDED	estimated	P_CHANGE	gen_frame		P_CHANGE	{"を": ["ARTIFACT", "STATE_PROPERTY", "WORK"]}	{}	30
改ざんする	63	P	DECIDED	estimated	P_CHANGE	gen_frame		P_CHANGE	{"を": ["ABSTRACT", "ARTIFACT", "INFO_LANGUAGE"]}	{}	34
旗揚げする	63	P	DECIDED	estimated	P_CREATE	gen_frame		P_CREATE	{"を": ["EVENT_ACT", "GROUP_ORG", "WORK"]}	{}	63
残留する	63	P	DECIDED	estimated	P_EXIST	gen_frame		P_EXIST	{"に": ["ARTIFACT", "GROUP_ORG", "PLACE"]}	{}	50
焼香する	63	P	DECIDED	estimated	P_ACT	gen_frame		P_ACT	{"を": ["BODY_PART", "EVENT_ACT", "SUBSTANCE_FOOD"]}	{}	63
発動する	63	P	DECIDED	estimated	P_ACT	gen_frame		P_ACT	{"が": ["ABSTRACT", "ARTIFACT", "EVENT_ACT"]}	{}	59
給付する	63	P	DECIDED	estimated	P_GIVE	gen_frame		P_GIVE	{"を": ["ABSTRACT", "GROUP_ORG", "PERSON", "SUBSTANCE_FOOD"]}	{}	35
裁断する	63	P	DECIDED	estimated	P_CHANGE	gen_frame		P_CHANGE	{"を": ["ABSTRACT", "ARTIFACT", "SUBSTANCE_FOOD"]}	{}	22
譲歩する	63	P	DECIDED	estimated	P_ACT	gen_frame		P_ACT	{"に": ["GROUP_ORG", "PERSON"], "を": ["ABSTRACT", "EVENT_ACT"]}	{}	50
面接する	63	P	DECIDED	estimated	P_COMMUNICATE	gen_frame		P_COMMUNICATE	{"と": ["GROUP_ORG", "PERSON"], "に": ["GROUP_ORG", "PERSON"]}	{}	37
むらする	62	P	UNPLACED							{}	62
バッファする	62	P	DECIDED	estimated	P_ACT	gen_frame		P_ACT	{"を": ["ABSTRACT", "ARTIFACT", "INFO_LANGUAGE"]}	{}	49
モヤモヤする	62	P	DECIDED	estimated	P_STATE	gen_frame		P_STATE	{"が": ["ABSTRACT", "STATE_PROPERTY"]}	{}	57
再読する	62	P	DECIDED	estimated	P_PERCEIVE	gen_frame	DISTRIBUTION_DISAGREES	P_PERCEIVE	{"を": ["INFO_LANGUAGE", "WORK"]}	{"role_distribution@codex:general_qa": ["を"]}	39
吸入する	62	P	DECIDED	estimated	P_CONSUME	gen_frame		P_CONSUME	{"を": ["ARTIFACT", "SUBSTANCE_FOOD"]}	{}	33
守護する	62	P	DECIDED	estimated	P_ACT	gen_frame		P_ACT	{"を": ["ANIMAL", "GROUP_ORG", "PERSON", "PLACE"]}	{}	62
愛好する	62	P	DECIDED	estimated	P_EMOTION	gen_frame		P_EMOTION	{"を": ["ABSTRACT", "EVENT_ACT", "SUBSTANCE_FOOD", "WORK"]}	{}	62
挙行する	62	P	DECIDED	estimated	P_ACT	gen_frame		P_ACT	{"を": ["EVENT_ACT"]}	{}	62
排尿する	62	P	DECIDED	estimated	P_ACT	gen_frame		P_ACT	{"を": ["BODY_PART", "SUBSTANCE_FOOD"]}	{}	39
放電する	62	P	DECIDED	estimated	P_CHANGE	gen_frame		P_CHANGE	{"が": ["ARTIFACT", "NATURAL_PHENOMENON", "SUBSTANCE_FOOD"]}	{}	42
新造する	62	P	DECIDED	estimated	P_CREATE	gen_frame		P_CREATE	{"を": ["ARTIFACT"]}	{}	62
片づけする	62	P	DECIDED	estimated	P_ACT	gen_frame		P_ACT	{"を": ["ABSTRACT", "ARTIFACT", "INFO_LANGUAGE", "PLACE"]}	{}	55
遡上する	62	P	DECIDED	estimated	P_MOVE	gen_frame		P_MOVE	{"に": ["PLACE"], "を": ["ANIMAL", "PERSON"]}	{}	21
選曲する	62	P	DECIDED	estimated	P_CREATE	gen_frame		P_CREATE	{"を": ["INFO_LANGUAGE", "WORK"]}	{}	49
開院する	62	P	DECIDED	estimated	P_EXIST	gen_frame		P_EXIST	{"が": ["PLACE"]}	{}	53
離着陸する	62	P	DECIDED	estimated	P_MOVE	gen_frame		P_MOVE	{"から": ["PLACE"], "が": ["ARTIFACT"], "に": ["PLACE"]}	{}	47
順応する	62	P	DECIDED	estimated	P_CHANGE	gen_frame		P_CHANGE	{"に": ["ABSTRACT", "PLACE", "STATE_PROPERTY"]}	{}	29
つびする	61	P	UNPLACED							{}	61
でこぼこする	61	P	DECIDED	estimated	P_STATE	gen_frame		P_STATE	{"が": ["STATE_PROPERTY"]}	{}	36
はしする	61	P	UNPLACED							{}	61
両方する	61	P	UNPLACED							{}	40
充満する	61	P	DECIDED	estimated	P_EXIST	gen_frame		P_EXIST	{"が": ["SUBSTANCE_FOOD"]}	{}	36
入港する	61	P	DECIDED	estimated	P_MOVE	gen_frame		P_MOVE	{"が": ["ARTIFACT"], "に": ["PLACE"]}	{}	29
再刊する	61	P	DECIDED	estimated	P_CREATE	gen_frame		P_CREATE	{"が": ["INFO_LANGUAGE", "WORK"]}	{}	58
出生する	61	P	DECIDED	estimated	P_EXIST	gen_frame		P_EXIST	{"が": ["ANIMAL", "PERSON"]}	{}	50
勧誘する	61	P	DECIDED	estimated	P_COMMUNICATE	gen_frame		P_COMMUNICATE	{"を": ["GROUP_ORG", "PERSON"]}	{}	40
完熟する	61	P	DECIDED	estimated	P_CHANGE	gen_frame		P_CHANGE	{"が": ["PLANT"]}	{}	28
徴用する	61	P	DECIDED	estimated	P_GIVE	gen_frame		P_GIVE	{"を": ["ARTIFACT", "GROUP_ORG", "PERSON"]}	{}	61
手探りする	61	P	DECIDED	estimated	P_PERCEIVE	gen_frame		P_PERCEIVE	{"を": ["ARTIFACT", "PLACE"]}	{}	51
拿捕する	61	P	DECIDED	estimated	P_ACT	gen_frame		P_ACT	{"を": ["ARTIFACT"]}	{}	61
気化する	61	P	DECIDED	estimated	P_CHANGE	gen_frame		P_CHANGE	{"が": ["SUBSTANCE_FOOD"]}	{}	33
監禁する	61	P	DECIDED	estimated	P_ACT	gen_frame		P_ACT	{"に": ["ARTIFACT", "PLACE"], "を": ["PERSON"]}	{}	61
自認する	61	P	DECIDED	estimated	P_COGNITION	gen_frame		P_COGNITION	{"を": ["ABSTRACT", "INFO_LANGUAGE", "STATE_PROPERTY"]}	{}	58
落成する	61	P	DECIDED	estimated	P_CREATE	gen_frame		P_CREATE	{"が": ["ARTIFACT", "PLACE"]}	{}	59
銃撃する	61	P	DECIDED	estimated	P_ACT	gen_frame		P_ACT	{"を": ["ANIMAL", "ARTIFACT", "PERSON", "PLACE"]}	{}	60
障害する	61	P	UNPLACED							{}	41
黄変する	61	P	DECIDED	estimated	P_CHANGE	gen_frame		P_CHANGE	{"が": ["ARTIFACT", "PLANT"]}	{}	54
へんする	60	P	UNPLACED							{}	45
クローズする	60	P	DECIDED	estimated	P_STATE	gen_frame		P_STATE	{"が": ["ARTIFACT", "PLACE"]}	{}	44
ケガする	60	P	DECIDED	estimated	P_CHANGE	gen_frame		P_CHANGE	{"を": ["BODY_PART"]}	{}	32
トリミングする	60	P	DECIDED	estimated	P_ACT	gen_frame		P_ACT	{"を": ["ARTIFACT", "BODY_PART"]}	{}	29
ベースする	60	P	DECIDED	estimated	P_STATE	gen_frame		P_STATE	{"を": ["ABSTRACT", "ARTIFACT", "WORK"]}	{}	57
別居する	60	P	DECIDED	estimated	P_STATE	gen_frame		P_STATE	{"が": ["PERSON"], "と": ["PERSON"]}	{}	40
合掌する	60	P	DECIDED	estimated	P_ACT	gen_frame		P_ACT	{"が": ["PERSON"]}	{}	48
命中する	60	P	DECIDED	estimated	P_ACT	gen_frame		P_ACT	{"が": ["ABSTRACT", "ARTIFACT", "PLACE"], "に": ["ANIMAL", "PERSON", "PLACE"]}	{}	46
困窮する	60	P	DECIDED	estimated	P_STATE	gen_frame		P_STATE	{"に": ["ABSTRACT", "STATE_PROPERTY"]}	{}	38
固着する	60	P	DECIDED	estimated	P_STATE	gen_frame		P_STATE	{"が": ["ABSTRACT", "ARTIFACT", "BODY_PART"]}	{}	20
小走りする	60	P	DECIDED	estimated	P_MOVE	gen_frame		P_MOVE	{"が": ["ANIMAL", "PERSON"]}	{}	37
巡りする	60	P	UNPLACED							{}	32
弾圧する	60	P	DECIDED	estimated	P_ACT	gen_frame		P_ACT	{"を": ["GROUP_ORG", "PERSON"]}	{}	51
捜査する	60	P	DECIDED	estimated	P_PERCEIVE	gen_frame		P_PERCEIVE	{"を": ["EVENT_ACT", "GROUP_ORG", "PERSON"]}	{}	39
授乳する	60	P	DECIDED	estimated	P_GIVE	gen_frame		P_GIVE	{"が": ["ANIMAL", "PERSON"], "に": ["ANIMAL", "PERSON"]}	{}	36
掘削する	60	P	DECIDED	estimated	P_ACT	gen_frame		P_ACT	{"を": ["ARTIFACT", "PLACE", "SUBSTANCE_FOOD"]}	{}	44
散逸する	60	P	DECIDED	estimated	P_MOVE	gen_frame		P_MOVE	{"が": ["ABSTRACT", "ARTIFACT", "INFO_LANGUAGE"]}	{}	56
明滅する	60	P	DECIDED	estimated	P_STATE	gen_frame		P_STATE	{"が": ["ARTIFACT", "NATURAL_PHENOMENON"]}	{}	28
脱落する	60	P	DECIDED	estimated	P_CHANGE	gen_frame		P_CHANGE	{"が": ["ABSTRACT", "ARTIFACT", "BODY_PART"]}	{}	55
誘惑する	60	P	DECIDED	estimated	P_ACT	gen_frame		P_ACT	{"を": ["ANIMAL", "PERSON"]}	{}	47
調音する	60	P	DECIDED	estimated	P_ACT	gen_frame		P_ACT	{"を": ["BODY_PART", "INFO_LANGUAGE"]}	{}	58
除草する	60	P	DECIDED	estimated	P_ACT	gen_frame		P_ACT	{"を": ["PLANT"]}	{}	47
露光する	60	P	DECIDED	estimated	P_STATE	gen_frame		P_STATE	{"が": ["ARTIFACT", "SUBSTANCE_FOOD"]}	{}	29
音写する	60	P	DECIDED	estimated	P_CREATE	gen_frame		P_CREATE	{"に": ["INFO_LANGUAGE"], "を": ["INFO_LANGUAGE"]}	{}	59
いらいらする	59	P	DECIDED	estimated	P_EMOTION	gen_frame		P_EMOTION	{"が": ["PERSON"]}	{}	46
けいれんする	59	P	DECIDED	estimated	P_CHANGE	gen_frame		P_CHANGE	{"が": ["ANIMAL", "PERSON"]}	{}	55
入会する	59	P	DECIDED	estimated	P_MOVE	gen_frame		P_MOVE	{"に": ["GROUP_ORG", "PLACE"]}	{}	50
埋め合わせする	59	P	DECIDED	estimated	P_CREATE	gen_frame		P_CREATE	{"を": ["ABSTRACT", "ARTIFACT", "EVENT_ACT"]}	{}	59
完売する	59	P	DECIDED	estimated	P_ACT	gen_frame		P_ACT	{"が": ["ARTIFACT", "SUBSTANCE_FOOD", "WORK"]}	{}	25
批評する	59	P	DECIDED	estimated	P_COMMUNICATE	gen_frame		P_COMMUNICATE	{"を": ["ABSTRACT", "EVENT_ACT", "WORK"]}	{}	32
捜索する	59	P	DECIDED	estimated	P_ACT	gen_frame		P_ACT	{"を": ["ARTIFACT", "EVENT_ACT", "PERSON", "PLACE"]}	{}	30
移民する	59	P	DECIDED	estimated	P_MOVE	gen_frame		P_MOVE	{"から": ["PLACE"], "へ": ["PLACE"]}	{}	59
買いだめする	59	P	DECIDED	estimated	P_CONSUME	gen_frame		P_CONSUME	{"を": ["ARTIFACT", "SUBSTANCE_FOOD"]}	{}	55
購読する	59	P	DECIDED	estimated	P_CONSUME	gen_frame		P_CONSUME	{"を": ["INFO_LANGUAGE", "WORK"]}	{}	28
過信する	59	P	DECIDED	estimated	P_COGNITION	gen_frame		P_COGNITION	{"を": ["ABSTRACT", "PERSON", "STATE_PROPERTY"]}	{}	34
あだ名する	58	P	DECIDED	estimated	P_ACT	gen_frame		P_ACT	{"を": ["ANIMAL", "ARTIFACT", "PERSON"]}	{}	58
そうごうする	58	P	UNPLACED							{}	58
よしする	58	P	UNPLACED							{}	56
ミュートする	58	P	DECIDED	estimated	P_CHANGE	gen_frame		P_CHANGE	{"を": ["ARTIFACT", "INFO_LANGUAGE"]}	{}	33
下校する	58	P	DECIDED	estimated	P_MOVE	gen_frame		P_MOVE	{"から": ["PLACE"], "を": ["PLACE"]}	{}	28
他界する	58	P	DECIDED	estimated	P_CHANGE	gen_frame		P_CHANGE	{"が": ["ANIMAL", "PERSON"]}	{}	58
勘弁する	58	P	DECIDED	estimated	P_ACT	gen_frame		P_ACT	{"を": ["ABSTRACT", "EVENT_ACT", "PERSON"]}	{}	57
勧請する	58	P	DECIDED	estimated	P_ACT	gen_frame		P_ACT	{"を": ["ABSTRACT", "EVENT_ACT"]}	{}	58
型崩れする	58	P	DECIDED	estimated	P_CHANGE	gen_frame		P_CHANGE	{"が": ["ARTIFACT", "SUBSTANCE_FOOD"]}	{}	30
忘れ物する	58	P	DECIDED	estimated	P_ACT	gen_frame		P_ACT	{"を": ["ABSTRACT", "ARTIFACT", "INFO_LANGUAGE"]}	{}	45
戦没する	58	P	DECIDED	estimated	P_CHANGE	gen_frame		P_CHANGE	{"が": ["ANIMAL", "GROUP_ORG", "PERSON"]}	{}	58
検挙する	58	P	DECIDED	estimated	P_ACT	gen_frame		P_ACT	{"を": ["GROUP_ORG", "PERSON"]}	{}	56
段取りする	58	P	DECIDED	estimated	P_ACT	gen_frame		P_ACT	{"を": ["ABSTRACT", "EVENT_ACT"]}	{}	43
赤熱する	58	P	DECIDED	estimated	P_CHANGE	gen_frame		P_CHANGE	{"が": ["ARTIFACT", "SUBSTANCE_FOOD"]}	{}	48
アナウンスする	57	P	DECIDED	estimated	P_COMMUNICATE	gen_frame		P_COMMUNICATE	{"を": ["EVENT_ACT", "INFO_LANGUAGE"]}	{}	51
オーバーする	57	P	DECIDED	estimated	P_CHANGE	gen_frame		P_CHANGE	{"を": ["ABSTRACT", "EVENT_ACT", "QUANTITY"]}	{}	23
下落する	57	P	DECIDED	estimated	P_CHANGE	gen_frame		P_CHANGE	{"が": ["ABSTRACT", "QUANTITY", "SUBSTANCE_FOOD"]}	{}	25
体操する	57	P	DECIDED	estimated	P_ACT	gen_frame		P_ACT	{"を": ["ARTIFACT", "BODY_PART"]}	{}	24
先読みする	57	P	DECIDED	estimated	P_COGNITION	gen_frame		P_COGNITION	{"を": ["EVENT_ACT", "INFO_LANGUAGE"]}	{}	49
写像する	57	P	DECIDED	estimated	P_CREATE	gen_frame		P_CREATE	{"に": ["ABSTRACT", "ARTIFACT"], "を": ["ABSTRACT", "INFO_LANGUAGE", "WORK"]}	{}	42
割り勘する	57	P	DECIDED	estimated	P_ACT	gen_frame		P_ACT	{"を": ["ARTIFACT", "QUANTITY", "SUBSTANCE_FOOD"]}	{}	45
対置する	57	P	DECIDED	estimated	P_ACT	gen_frame		P_ACT	{"と": ["ABSTRACT", "ARTIFACT", "PLACE"], "を": ["ABSTRACT", "ARTIFACT", "PLACE"]}	{}	49
採決する	57	P	DECIDED	estimated	P_ACT	gen_frame		P_ACT	{"を": ["EVENT_ACT"]}	{}	39
殉職する	57	P	DECIDED	estimated	P_ACT	gen_frame		P_ACT	{"で": ["GROUP_ORG", "PERSON"]}	{}	57
決壊する	57	P	DECIDED	estimated	P_CHANGE	gen_frame		P_CHANGE	{"が": ["ARTIFACT", "PLACE"]}	{}	29
決議する	57	P	DECIDED	estimated	P_ACT	gen_frame		P_ACT	{"を": ["ABSTRACT", "INFO_LANGUAGE"]}	{}	50
流動する	57	P	DECIDED	estimated	P_STATE	gen_frame		P_STATE	{"が": ["ABSTRACT", "SUBSTANCE_FOOD"]}	{}	46
登山する	57	P	DECIDED	estimated	P_ACT	gen_frame		P_ACT	{"に": ["PLACE"], "を": ["PLACE"]}	{}	24
目詰まりする	57	P	DECIDED	estimated	P_CHANGE	gen_frame		P_CHANGE	{"が": ["ARTIFACT", "BODY_PART"]}	{}	36
自害する	57	P	DECIDED	estimated	P_ACT	gen_frame		P_ACT	{"で": ["PERSON"]}	{}	43
きょくする	56	P	UNPLACED							{}	55
ほうする	56	P	UNPLACED							{}	56
ピクニックする	56	P	DECIDED	estimated	P_ACT	gen_frame		P_ACT	{"に": ["PLACE"]}	{}	54
ファイルする	56	P	DECIDED	estimated	P_ACT	gen_frame		P_ACT	{"を": ["ARTIFACT", "INFO_LANGUAGE"]}	{}	51
危惧する	56	P	DECIDED	estimated	P_COGNITION	gen_frame		P_COGNITION	{"を": ["EVENT_ACT", "STATE_PROPERTY"]}	{}	56
対生する	56	P	DECIDED	estimated	P_STATE	gen_frame		P_STATE	{"が": ["PLANT"]}	{}	53
希釈する	56	P	DECIDED	estimated	P_CHANGE	gen_frame		P_CHANGE	{"を": ["SUBSTANCE_FOOD"]}	{}	30
帰依する	56	P	DECIDED	estimated	P_EMOTION	gen_frame		P_EMOTION	{"に": ["ABSTRACT", "PERSON"]}	{}	53
常備する	56	P	DECIDED	estimated	P_POSSESS	gen_frame		P_POSSESS	{"を": ["ARTIFACT", "SUBSTANCE_FOOD"]}	{}	26
拡充する	56	P	DECIDED	estimated	P_CHANGE	gen_frame		P_CHANGE	{"を": ["ABSTRACT", "ARTIFACT", "PLACE"]}	{}	42
格上げする	56	P	DECIDED	estimated	P_CHANGE	gen_frame		P_CHANGE	{"に": ["STATE_PROPERTY"], "を": ["ABSTRACT", "GROUP_ORG", "PERSON"]}	{}	50
正座する	56	P	DECIDED	estimated	P_STATE	gen_frame		P_STATE		{}	27
水浴びする	56	P	DECIDED	estimated	P_CONSUME	gen_frame		P_CONSUME	{"を": ["SUBSTANCE_FOOD"]}	{}	20
沈水する	56	P	DECIDED	estimated	P_MOVE	gen_frame		P_MOVE	{"に": ["PLACE", "SUBSTANCE_FOOD"]}	{}	56
激減する	56	P	DECIDED	estimated	P_CHANGE	gen_frame		P_CHANGE	{"が": ["ABSTRACT", "QUANTITY"]}	{}	56
発色する	56	P	DECIDED	estimated	P_STATE	gen_frame		P_STATE	{"が": ["ARTIFACT", "BODY_PART", "SUBSTANCE_FOOD"]}	{}	41
知らせする	56	P	DECIDED	estimated	P_COMMUNICATE	gen_frame		P_COMMUNICATE	{"に": ["INFO_LANGUAGE"], "を": ["GROUP_ORG", "PERSON"]}	{}	41
罷免する	56	P	DECIDED	estimated	P_ACT	gen_frame		P_ACT	{"を": ["GROUP_ORG", "PERSON"]}	{}	41
追及する	56	P	DECIDED	estimated	P_ACT	gen_frame		P_ACT	{"を": ["ABSTRACT", "EVENT_ACT", "GROUP_ORG", "PERSON"]}	{}	44
配膳する	56	P	DECIDED	estimated	P_ACT	gen_frame		P_ACT	{"に": ["ARTIFACT", "PERSON"]}	{}	28
隠蔽する	56	P	DECIDED	estimated	P_ACT	gen_frame		P_ACT	{"を": ["ABSTRACT", "ARTIFACT", "INFO_LANGUAGE"]}	{}	47
いずみする	55	P	UNPLACED							{}	55
かみする	55	P	UNPLACED							{}	55
しんぶんする	55	P	UNPLACED							{}	46
つまみ食いする	55	P	DECIDED	estimated	P_CONSUME	gen_frame		P_CONSUME	{"を": ["SUBSTANCE_FOOD"]}	{}	24
キスする	55	P	DECIDED	estimated	P_ACT	gen_frame		P_ACT	{"と": ["PERSON"]}	{}	52
了承する	55	P	DECIDED	estimated	P_COGNITION	gen_frame		P_COGNITION	{"を": ["EVENT_ACT", "INFO_LANGUAGE"]}	{}	23
信奉する	55	P	DECIDED	estimated	P_COGNITION	gen_frame	DISTRIBUTION_DISAGREES	P_COGNITION	{"を": ["ABSTRACT", "INFO_LANGUAGE", "PERSON"]}	{"role_distribution@jawiki": ["を"]}	55
入党する	55	P	DECIDED	estimated	P_MOVE	gen_frame		P_MOVE	{"に": ["GROUP_ORG"]}	{}	43
分立する	55	P	DECIDED	estimated	P_STATE	gen_frame		P_STATE	{"が": ["ABSTRACT", "GROUP_ORG"]}	{}	53
吸引する	55	P	DECIDED	estimated	P_ACT	gen_frame		P_ACT	{"を": ["ARTIFACT", "BODY_PART", "SUBSTANCE_FOOD"]}	{}	30
大成する	55	P	DECIDED	estimated	P_CHANGE	gen_frame		P_CHANGE	{"を": ["ABSTRACT", "EVENT_ACT", "WORK"]}	{}	43
大敗する	55	P	DECIDED	estimated	P_ACT	gen_frame		P_ACT	{"が": ["EVENT_ACT"]}	{}	53
婚約する	55	P	DECIDED	estimated	P_STATE	gen_frame		P_STATE	{"が": ["PERSON"], "と": ["PERSON"]}	{}	27
布告する	55	P	DECIDED	estimated	P_COMMUNICATE	gen_frame		P_COMMUNICATE	{"が": ["INFO_LANGUAGE"]}	{}	50
手招きする	55	P	DECIDED	estimated	P_ACT	gen_frame		P_ACT	{"が": ["ANIMAL", "PERSON"], "を": ["BODY_PART"]}	{}	32
撤廃する	55	P	DECIDED	estimated	P_CHANGE	gen_frame		P_CHANGE	{"が": ["ABSTRACT", "EVENT_ACT", "INFO_LANGUAGE", "STATE_PROPERTY"]}	{}	41
横歩きする	55	P	DECIDED	estimated	P_MOVE	gen_frame		P_MOVE	{"が": ["ANIMAL", "PERSON"], "で": ["PLACE"]}	{}	29
決断する	55	P	DECIDED	estimated	P_COGNITION	gen_frame		P_COGNITION	{"が": ["ABSTRACT", "EVENT_ACT", "STATE_PROPERTY"]}	{}	33
没落する	55	P	DECIDED	estimated	P_CHANGE	gen_frame		P_CHANGE	{"が": ["ABSTRACT", "GROUP_ORG", "PERSON", "STATE_PROPERTY", "WORK"]}	{}	52
混線する	55	P	DECIDED	estimated	P_EXIST	gen_frame		P_EXIST	{"が": ["ARTIFACT", "INFO_LANGUAGE"]}	{}	45
潜入する	55	P	DECIDED	estimated	P_MOVE	gen_frame		P_MOVE	{"が": ["GROUP_ORG", "PERSON"], "に": ["ARTIFACT", "PLACE"]}	{}	55
激化する	55	P	DECIDED	estimated	P_CHANGE	gen_frame		P_CHANGE	{"が": ["ABSTRACT", "EVENT_ACT", "STATE_PROPERTY"]}	{}	51
耕作する	55	P	DECIDED	estimated	P_ACT	gen_frame		P_ACT	{"が": ["GROUP_ORG", "PERSON"], "を": ["PLACE", "PLANT"]}	{}	24
見え隠れする	55	P	DECIDED	estimated	P_EXIST	gen_frame		P_EXIST	{"が": ["ANIMAL", "ARTIFACT", "PERSON", "PLACE"]}	{}	27
転訛する	55	P	DECIDED	estimated	P_CHANGE	gen_frame		P_CHANGE	{"が": ["INFO_LANGUAGE"]}	{}	55
連行する	55	P	DECIDED	estimated	P_MOVE	gen_frame		P_MOVE	{"が": ["GROUP_ORG", "PERSON"], "を": ["ANIMAL", "PERSON"]}	{}	44
防御する	55	P	DECIDED	estimated	P_ACT	gen_frame		P_ACT	{"が": ["GROUP_ORG", "PERSON"], "を": ["ABSTRACT", "ARTIFACT", "EVENT_ACT", "GROUP_ORG", "PERSON"]}	{}	41
難航する	55	P	DECIDED	estimated	P_STATE	gen_frame		P_STATE	{"が": ["ABSTRACT", "EVENT_ACT"]}	{}	38
COMMITする	54	P	UNPLACED							{}	51
ふじする	54	P	UNPLACED							{}	54
スローする	54	P	DECIDED	estimated	P_ACT	gen_frame		P_ACT	{"が": ["ARTIFACT", "EVENT_ACT"], "を": ["ANIMAL", "ARTIFACT", "PERSON"]}	{}	51
吸血する	54	P	DECIDED	estimated	P_CONSUME	gen_frame		P_CONSUME	{"が": ["ANIMAL", "PERSON"], "を": ["ANIMAL", "PERSON"]}	{}	37
席巻する	54	P	DECIDED	estimated	P_ACT	gen_frame		P_ACT	{"が": ["ABSTRACT", "GROUP_ORG", "PLACE"]}	{}	54
強要する	54	P	DECIDED	estimated	P_ACT	gen_frame		P_ACT	{"が": ["GROUP_ORG", "PERSON"], "に": ["PERSON"], "を": ["ABSTRACT", "ARTIFACT", "EVENT_ACT"]}	{}	49
復刊する	54	P	DECIDED	estimated	P_CREATE	gen_frame		P_CREATE	{"が": ["INFO_LANGUAGE", "WORK"]}	{}	54
服役する	54	P	DECIDED	estimated	P_STATE	gen_frame		P_STATE	{"が": ["PERSON"], "に": ["GROUP_ORG", "PLACE"]}	{}	51
直属する	54	P	DECIDED	estimated	P_STATE	gen_frame		P_STATE	{"が": ["GROUP_ORG", "PERSON"], "に": ["GROUP_ORG", "PERSON"]}	{}	54
総括する	54	P	DECIDED	estimated	P_COGNITION	gen_frame		P_COGNITION	{"が": ["ABSTRACT", "EVENT_ACT", "INFO_LANGUAGE"], "を": ["ABSTRACT", "EVENT_ACT", "INFO_LANGUAGE"]}	{}	54
試飲する	54	P	DECIDED	estimated	P_CONSUME	gen_frame		P_CONSUME	{"が": ["SUBSTANCE_FOOD"]}	{}	31
逃走する	54	P	DECIDED	estimated	P_MOVE	gen_frame		P_MOVE	{"から": ["ARTIFACT", "PLACE"], "が": ["ANIMAL", "GROUP_ORG", "PERSON"]}	{}	51
集成する	54	P	DECIDED	estimated	P_CREATE	gen_frame		P_CREATE	{"が": ["ABSTRACT", "INFO_LANGUAGE", "WORK"]}	{}	52
bindする	53	P	UNPLACED							{}	38
パックする	53	P	DECIDED	estimated	P_ACT	gen_frame		P_ACT	{"が": ["ARTIFACT", "SUBSTANCE_FOOD"], "を": ["ARTIFACT", "SUBSTANCE_FOOD"]}	{}	43
介在する	53	P	DECIDED	estimated	P_EXIST	gen_frame		P_EXIST	{"が": ["ABSTRACT", "ARTIFACT", "PERSON"], "に": ["ABSTRACT", "EVENT_ACT", "PLACE"]}	{}	31
付記する	53	P	DECIDED	estimated	P_COMMUNICATE	gen_frame		P_COMMUNICATE	{"が": ["INFO_LANGUAGE", "WORK"], "に": ["INFO_LANGUAGE", "WORK"]}	{}	52
出しする	53	P	UNPLACED							{}	46
抑圧する	53	P	DECIDED	estimated	P_ACT	gen_frame		P_ACT	{"が": ["GROUP_ORG", "PERSON"], "を": ["ABSTRACT", "EVENT_ACT", "GROUP_ORG", "PERSON"]}	{}	49
投球する	53	P	DECIDED	estimated	P_ACT	gen_frame		P_ACT	{"が": ["GROUP_ORG", "PERSON"], "で": ["PLACE"], "を": ["ARTIFACT"]}	{}	24
摘発する	53	P	DECIDED	estimated	P_ACT	gen_frame		P_ACT	{"が": ["GROUP_ORG", "PERSON"], "を": ["ABSTRACT", "EVENT_ACT", "INFO_LANGUAGE"]}	{}	53
演説する	53	P	DECIDED	estimated	P_COMMUNICATE	gen_frame		P_COMMUNICATE	{"が": ["GROUP_ORG", "PERSON"], "で": ["PLACE"], "と": ["INFO_LANGUAGE"]}	{}	43
珍重する	53	P	DECIDED	estimated	P_STATE	gen_frame		P_STATE	{"が": ["GROUP_ORG", "PERSON"], "を": ["ABSTRACT", "ARTIFACT", "PERSON", "WORK"]}	{}	48
発砲する	53	P	DECIDED	estimated	P_ACT	gen_frame		P_ACT	{"に": ["PLACE"], "を": ["ARTIFACT"]}	{}	52
確信する	53	P	DECIDED	estimated	P_COGNITION	gen_frame		P_COGNITION	{"を": ["ABSTRACT", "INFO_LANGUAGE"]}	{}	27
配位する	53	P	DECIDED	estimated	P_ACT	gen_frame		P_ACT	{"を": ["ABSTRACT", "ARTIFACT"]}	{}	53
釣りする	53	P	DECIDED	estimated	P_ACT	gen_frame		P_ACT	{"を": ["ANIMAL"]}	{}	44
頓挫する	53	P	DECIDED	estimated	P_CHANGE	gen_frame		P_CHANGE	{"が": ["EVENT_ACT"]}	{}	52
pickする	52	P	DECIDED	estimated	P_ACT	gen_frame		P_ACT	{"を": ["ARTIFACT", "SUBSTANCE_FOOD"]}	{}	52
けっこんする	52	P	DECIDED	estimated	P_STATE	gen_frame		P_STATE	{"と": ["PERSON"]}	{}	52
せかいする	52	P	UNPLACED							{}	52
インスパイアする	52	P	DECIDED	estimated	P_ACT	gen_frame		P_ACT	{"を": ["ABSTRACT", "GROUP_ORG", "PERSON", "WORK"]}	{}	52
シャンプーする	52	P	DECIDED	estimated	P_ACT	gen_frame		P_ACT	{"を": ["BODY_PART"]}	{}	33
会談する	52	P	DECIDED	estimated	P_COMMUNICATE	gen_frame		P_COMMUNICATE	{"と": ["GROUP_ORG", "PERSON"]}	{}	49
入線する	52	P	DECIDED	estimated	P_MOVE	gen_frame		P_MOVE	{"が": ["ARTIFACT"], "に": ["PLACE"]}	{}	47
公示する	52	P	DECIDED	estimated	P_COMMUNICATE	gen_frame		P_COMMUNICATE	{"を": ["ABSTRACT", "EVENT_ACT", "INFO_LANGUAGE"]}	{}	26
冬越しする	52	P	DECIDED	estimated	P_STATE	gen_frame		P_STATE	{"を": ["ANIMAL", "PERSON", "PLANT"]}	{}	49
同調する	52	P	DECIDED	estimated	P_STATE	gen_frame		P_STATE	{"に": ["ABSTRACT", "GROUP_ORG", "PERSON"]}	{}	46
味方する	52	P	DECIDED	estimated	P_STATE	gen_frame		P_STATE	{"に": ["GROUP_ORG", "PERSON"]}	{}	38
噂する	52	P	DECIDED	estimated	P_COMMUNICATE	gen_frame		P_COMMUNICATE	{"を": ["EVENT_ACT", "INFO_LANGUAGE"]}	{}	33
変質する	52	P	DECIDED	estimated	P_CHANGE	gen_frame		P_CHANGE	{"が": ["ABSTRACT", "STATE_PROPERTY", "SUBSTANCE_FOOD"]}	{}	23
奮発する	52	P	DECIDED	estimated	P_ACT	gen_frame		P_ACT	{"を": ["ABSTRACT", "ARTIFACT", "SUBSTANCE_FOOD"]}	{}	44
急冷する	52	P	DECIDED	estimated	P_CHANGE	gen_frame		P_CHANGE	{"を": ["ARTIFACT", "SUBSTANCE_FOOD"]}	{}	27
手術する	52	P	DECIDED	estimated	P_ACT	gen_frame		P_ACT	{"を": ["ARTIFACT", "BODY_PART", "PERSON"]}	{}	22
接客する	52	P	DECIDED	estimated	P_ACT	gen_frame		P_ACT	{"を": ["PERSON"]}	{}	42
提言する	52	P	DECIDED	estimated	P_COMMUNICATE	gen_frame		P_COMMUNICATE	{"を": ["ABSTRACT", "GROUP_ORG", "INFO_LANGUAGE", "PERSON"]}	{}	52
沈着する	52	P	DECIDED	estimated	P_STATE	gen_frame		P_STATE	{"に": ["ABSTRACT", "STATE_PROPERTY"]}	{}	40
清算する	52	P	DECIDED	estimated	P_ACT	gen_frame		P_ACT	{"を": ["ABSTRACT", "ARTIFACT", "SUBSTANCE_FOOD"]}	{}	31
減衰する	52	P	DECIDED	estimated	P_CHANGE	gen_frame		P_CHANGE	{"が": ["ABSTRACT", "NATURAL_PHENOMENON", "SUBSTANCE_FOOD"]}	{}	35
溶融する	52	P	DECIDED	estimated	P_CHANGE	gen_frame		P_CHANGE	{"が": ["SUBSTANCE_FOOD"]}	{}	30
落胆する	52	P	DECIDED	estimated	P_EMOTION	gen_frame		P_EMOTION	{"が": ["ABSTRACT", "EVENT_ACT", "PERSON"]}	{}	32
融解する	52	P	DECIDED	estimated	P_CHANGE	gen_frame		P_CHANGE	{"が": ["ARTIFACT", "SUBSTANCE_FOOD"]}	{}	39
貯留する	52	P	DECIDED	estimated	P_EXIST	gen_frame		P_EXIST	{"を": ["ARTIFACT", "SUBSTANCE_FOOD"]}	{}	46
造語する	52	P	DECIDED	estimated	P_CREATE	gen_frame		P_CREATE	{"を": ["INFO_LANGUAGE"]}	{}	51
進級する	52	P	DECIDED	estimated	P_CHANGE	gen_frame		P_CHANGE	{"に": ["PERSON"]}	{}	42
開庁する	52	P	DECIDED	estimated	P_EXIST	gen_frame		P_EXIST	{"が": ["GROUP_ORG", "PLACE"]}	{}	32
防染する	52	P	DECIDED	estimated	P_ACT	gen_frame		P_ACT	{"を": ["ARTIFACT", "SUBSTANCE_FOOD"]}	{}	51
雪する	52	P	UNPLACED							{}	52
すそ分けする	51	P	DECIDED	estimated	P_GIVE	gen_frame		P_GIVE	{"に": ["PERSON"], "を": ["ARTIFACT", "SUBSTANCE_FOOD"]}	{}	31
イヤホンする	51	P	DECIDED	estimated	P_ACT	gen_frame		P_ACT	{"を": ["ARTIFACT"]}	{}	43
バンドルする	51	P	DECIDED	estimated	P_ACT	gen_frame		P_ACT	{"を": ["ABSTRACT", "ARTIFACT", "INFO_LANGUAGE"]}	{}	28
リネームする	51	P	DECIDED	estimated	P_CHANGE	gen_frame		P_CHANGE	{"を": ["ARTIFACT", "IDENTIFIER", "INFO_LANGUAGE"]}	{}	40
公刊する	51	P	DECIDED	estimated	P_CREATE	gen_frame		P_CREATE	{"を": ["INFO_LANGUAGE", "WORK"]}	{}	49
喚起する	51	P	DECIDED	estimated	P_ACT	gen_frame		P_ACT	{"を": ["ABSTRACT", "EVENT_ACT"]}	{}	44
増進する	51	P	DECIDED	estimated	P_CHANGE	gen_frame		P_CHANGE	{"を": ["ABSTRACT", "STATE_PROPERTY"]}	{}	51
夜ふかしする	51	P	DECIDED	estimated	P_ACT	gen_frame		P_ACT	{"を": ["TIME"]}	{}	20
封する	51	P	DECIDED	estimated	P_ACT	gen_frame		P_ACT	{"を": ["ARTIFACT", "INFO_LANGUAGE"]}	{}	39
拠出する	51	P	DECIDED	estimated	P_GIVE	gen_frame		P_GIVE	{"に": ["GROUP_ORG"], "を": ["QUANTITY", "SUBSTANCE_FOOD"]}	{}	35
提訴する	51	P	DECIDED	estimated	P_ACT	gen_frame		P_ACT	{"を": ["GROUP_ORG", "PERSON"]}	{}	49
相関する	51	P	DECIDED	estimated	P_STATE	gen_frame		P_STATE	{"と": ["ABSTRACT", "STATE_PROPERTY"]}	{}	22
累計する	51	P	DECIDED	estimated	P_ACT	gen_frame		P_ACT	{"を": ["EVENT_ACT", "QUANTITY"]}	{}	50
裾上げする	51	P	DECIDED	estimated	P_ACT	gen_frame		P_ACT	{"を": ["ARTIFACT"]}	{}	41
諡する	51	P	DECIDED	estimated	P_ACT	gen_frame		P_ACT	{"を": ["GROUP_ORG", "PERSON"]}	{}	51
貸し借りする	51	P	DECIDED	estimated	P_GIVE	gen_frame		P_GIVE	{"を": ["ARTIFACT", "QUANTITY", "SUBSTANCE_FOOD"]}	{}	23
随行する	51	P	DECIDED	estimated	P_MOVE	gen_frame		P_MOVE	{"と": ["GROUP_ORG", "PERSON"], "に": ["GROUP_ORG", "PERSON"]}	{}	50
集荷する	51	P	DECIDED	estimated	P_MOVE	gen_frame		P_MOVE	{"を": ["ARTIFACT", "SUBSTANCE_FOOD"]}	{}	41
飾りつけする	51	P	DECIDED	estimated	P_ACT	gen_frame		P_ACT	{"を": ["ARTIFACT", "PLACE"]}	{}	49
スワイプする	50	P	DECIDED	estimated	P_ACT	gen_frame		P_ACT	{"を": ["ARTIFACT", "INFO_LANGUAGE"]}	{}	37
ドロップする	50	P	DECIDED	estimated	P_MOVE	gen_frame		P_MOVE	{"から": ["PLACE"], "を": ["ARTIFACT", "INFO_LANGUAGE"]}	{}	44
並立する	50	P	DECIDED	estimated	P_EXIST	gen_frame		P_EXIST	{"が": ["ABSTRACT", "GROUP_ORG"]}	{}	25
出征する	50	P	DECIDED	estimated	P_MOVE	gen_frame		P_MOVE	{"に": ["PLACE"], "へ": ["PLACE"]}	{}	50
協働する	50	P	DECIDED	estimated	P_ACT	gen_frame		P_ACT	{"と": ["GROUP_ORG", "PERSON"]}	{}	46
同盟する	50	P	DECIDED	estimated	P_ACT	gen_frame		P_ACT	{"と": ["GROUP_ORG"]}	{}	33
好走する	50	P	DECIDED	estimated	P_ACT	gen_frame		P_ACT	{"で": ["EVENT_ACT"]}	{}	50
実況する	50	P	DECIDED	estimated	P_COMMUNICATE	gen_frame		P_COMMUNICATE	{"を": ["EVENT_ACT", "INFO_LANGUAGE"]}	{}	26
手ぶれする	50	P	DECIDED	estimated	P_STATE	gen_frame		P_STATE	{"が": ["ARTIFACT"]}	{}	28
敬愛する	50	P	DECIDED	estimated	P_EMOTION	gen_frame		P_EMOTION	{"を": ["GROUP_ORG", "PERSON"]}	{}	47
書き込みする	50	P	DECIDED	estimated	P_ACT	gen_frame		P_ACT	{"に": ["ARTIFACT", "PLACE"], "を": ["ABSTRACT", "INFO_LANGUAGE"]}	{}	45
服属する	50	P	DECIDED	estimated	P_STATE	gen_frame		P_STATE	{"に": ["GROUP_ORG", "PERSON"]}	{}	32
没頭する	50	P	DECIDED	estimated	P_COGNITION	gen_frame		P_COGNITION	{"に": ["ABSTRACT", "EVENT_ACT", "WORK"]}	{}	42
焼却する	50	P	DECIDED	estimated	P_ACT	gen_frame		P_ACT	{"を": ["ARTIFACT", "INFO_LANGUAGE", "SUBSTANCE_FOOD"]}	{}	24
発散する	50	P	DECIDED	estimated	P_CHANGE	gen_frame		P_CHANGE	{"を": ["ABSTRACT", "NATURAL_PHENOMENON", "STATE_PROPERTY", "SUBSTANCE_FOOD"]}	{}	37
移項する	50	P	DECIDED	estimated	P_ACT	gen_frame		P_ACT	{"を": ["ABSTRACT", "QUANTITY"]}	{}	47
試し縫いする	50	P	DECIDED	estimated	P_CREATE	gen_frame		P_CREATE	{"を": ["ARTIFACT", "SUBSTANCE_FOOD"]}	{}	45
譲受する	50	P	DECIDED	estimated	P_GIVE	gen_frame	DISTRIBUTION_DISAGREES	P_GIVE	{"から": ["GROUP_ORG", "PERSON"], "を": ["ARTIFACT", "QUANTITY"]}	{"role_distribution@jawiki": ["を"]}	50
重ね塗りする	50	P	DECIDED	estimated	P_ACT	gen_frame		P_ACT	{"を": ["ARTIFACT", "PLACE"]}	{}	32
開山する	50	P	DECIDED	estimated	P_MOVE	gen_frame		P_MOVE	{"を": ["PLACE"]}	{}	46
隠居する	50	P	DECIDED	estimated	P_CHANGE	gen_frame		P_CHANGE	{"を": ["GROUP_ORG", "PLACE"]}	{}	49
たびする	49	P	DECIDED	estimated	P_MOVE	gen_frame		P_MOVE	{"へ": ["PLACE"], "を": ["EVENT_ACT", "PLACE"]}	{}	38
だいひょうする	49	P	UNPLACED							{}	49
てつする	49	P	UNPLACED							{}	49
オンエアする	49	P	DECIDED	estimated	P_COMMUNICATE	gen_frame		P_COMMUNICATE	{"を": ["INFO_LANGUAGE", "WORK"]}	{}	49
マップする	49	P	DECIDED	estimated	P_ACT	gen_frame		P_ACT	{"を": ["ABSTRACT", "ARTIFACT", "PLACE"]}	{}	41
リバートする	49	P	DECIDED	estimated	P_CHANGE	gen_frame		P_CHANGE	{"を": ["ABSTRACT", "ARTIFACT", "INFO_LANGUAGE", "STATE_PROPERTY"]}	{}	49
印加する	49	P	DECIDED	estimated	P_ACT	gen_frame		P_ACT	{"を": ["ABSTRACT", "ARTIFACT", "SUBSTANCE_FOOD"]}	{}	48
墓参りする	49	P	DECIDED	estimated	P_ACT	gen_frame		P_ACT	{"に": ["PERSON", "PLACE"]}	{}	33
復刻する	49	P	DECIDED	estimated	P_CREATE	gen_frame		P_CREATE	{"を": ["ARTIFACT", "WORK"]}	{}	49
改革する	49	P	DECIDED	estimated	P_CHANGE	gen_frame		P_CHANGE	{"を": ["ABSTRACT", "GROUP_ORG", "STATE_PROPERTY"]}	{}	36
新築する	49	P	DECIDED	estimated	P_CREATE	gen_frame		P_CREATE	{"を": ["ARTIFACT", "PLACE"]}	{}	39
殺傷する	49	P	DECIDED	estimated	P_ACT	gen_frame		P_ACT	{"を": ["ANIMAL", "PERSON"]}	{}	47
測量する	49	P	DECIDED	estimated	P_PERCEIVE	gen_frame		P_PERCEIVE	{"を": ["ABSTRACT", "PLACE", "QUANTITY"]}	{}	30
秘匿する	49	P	DECIDED	estimated	P_COGNITION	gen_frame		P_COGNITION	{"を": ["ABSTRACT", "ARTIFACT", "INFO_LANGUAGE"]}	{}	29
統轄する	49	P	DECIDED	estimated	P_ACT	gen_frame		P_ACT	{"を": ["ABSTRACT", "GROUP_ORG", "PLACE"]}	{}	49
要望する	49	P	DECIDED	estimated	P_COMMUNICATE	gen_frame		P_COMMUNICATE	{"に": ["GROUP_ORG", "PERSON"], "を": ["ABSTRACT", "ARTIFACT", "EVENT_ACT"]}	{}	30
進塁する	49	P	DECIDED	estimated	P_MOVE	gen_frame		P_MOVE	{"を": ["EVENT_ACT", "QUANTITY"]}	{}	23
遵守する	49	P	DECIDED	estimated	P_ACT	gen_frame		P_ACT	{"を": ["ABSTRACT", "EVENT_ACT", "INFO_LANGUAGE", "STATE_PROPERTY"]}	{}	45
さかいする	48	P	UNPLACED							{}	48
じぎする	48	P	UNPLACED							{}	24
キャンプする	48	P	DECIDED	estimated	P_ACT	gen_frame		P_ACT	{"で": ["NATURAL_PHENOMENON", "PLACE"]}	{}	26
サーブする	48	P	DECIDED	estimated	P_GIVE	gen_frame		P_GIVE	{"を": ["ANIMAL", "EVENT_ACT", "GROUP_ORG", "PERSON"]}	{}	27
スリップする	48	P	DECIDED	estimated	P_CHANGE	gen_frame		P_CHANGE	{"で": ["ARTIFACT", "PLACE"]}	{}	31
互生する	48	P	DECIDED	estimated	P_STATE	gen_frame		P_STATE	{"が": ["PLANT"]}	{}	46
交際する	48	P	DECIDED	estimated	P_ACT	gen_frame		P_ACT	{"と": ["PERSON"]}	{}	47
内定する	48	P	DECIDED	estimated	P_STATE	gen_frame		P_STATE	{"が": ["ABSTRACT", "EVENT_ACT", "STATE_PROPERTY"]}	{}	39
刷新する	48	P	DECIDED	estimated	P_CHANGE	gen_frame		P_CHANGE	{"を": ["ABSTRACT", "INFO_LANGUAGE", "STATE_PROPERTY"]}	{}	42
回覧する	48	P	DECIDED	estimated	P_ACT	gen_frame		P_ACT	{"を": ["ARTIFACT", "INFO_LANGUAGE"]}	{}	31
増築する	48	P	DECIDED	estimated	P_CREATE	gen_frame		P_CREATE	{"を": ["ARTIFACT", "PLACE"]}	{}	46
寄進する	48	P	DECIDED	estimated	P_GIVE	gen_frame		P_GIVE	{"に": ["GROUP_ORG", "PERSON", "PLACE"], "を": ["ARTIFACT", "SUBSTANCE_FOOD"]}	{}	34
往来する	48	P	DECIDED	estimated	P_MOVE	gen_frame		P_MOVE	{"を": ["ABSTRACT", "EVENT_ACT", "PLACE"]}	{}	42
志望する	48	P	DECIDED	estimated	P_COGNITION	gen_frame		P_COGNITION	{"を": ["ABSTRACT", "EVENT_ACT", "GROUP_ORG", "WORK"]}	{}	42
投開票する	48	P	DECIDED	estimated	P_ACT	gen_frame		P_ACT	{"を": ["EVENT_ACT", "INFO_LANGUAGE"]}	{}	48
棄却する	48	P	DECIDED	estimated	P_ACT	gen_frame		P_ACT	{"を": ["ABSTRACT", "EVENT_ACT", "INFO_LANGUAGE"]}	{}	39
横取りする	48	P	DECIDED	estimated	P_GIVE	gen_frame		P_GIVE	{"を": ["ABSTRACT", "ARTIFACT", "SUBSTANCE_FOOD"]}	{}	20
英訳する	48	P	DECIDED	estimated	P_COMMUNICATE	gen_frame		P_COMMUNICATE	{"を": ["INFO_LANGUAGE", "WORK"]}	{}	45
討死する	48	P	DECIDED	estimated	P_STATE	gen_frame		P_STATE	{"で": ["EVENT_ACT", "PLACE"]}	{}	48
閉園する	48	P	DECIDED	estimated	P_CHANGE	gen_frame		P_CHANGE	{"を": ["GROUP_ORG", "PLACE"]}	{}	31
風化する	48	P	DECIDED	estimated	P_CHANGE	gen_frame		P_CHANGE	{"が": ["ARTIFACT", "PLACE", "STATE_PROPERTY"]}	{}	29
PRする	47	P	DECIDED	estimated	P_COMMUNICATE	gen_frame		P_COMMUNICATE	{"を": ["ABSTRACT", "INFO_LANGUAGE", "WORK"]}	{}	47
じっする	47	P	UNPLACED							{}	47
わらする	47	P	UNPLACED							{}	37
サービスする	47	P	DECIDED	estimated	P_GIVE	gen_frame		P_GIVE	{"を": ["ABSTRACT", "ARTIFACT", "PERSON"]}	{}	24
マッピングする	47	P	DECIDED	estimated	P_ACT	gen_frame		P_ACT	{"を": ["ABSTRACT", "INFO_LANGUAGE", "PLACE"]}	{}	29
俗称する	47	P	DECIDED	estimated	P_COMMUNICATE	gen_frame		P_COMMUNICATE	{"を": ["GROUP_ORG", "INFO_LANGUAGE", "PERSON"]}	{}	47
刻印する	47	P	DECIDED	estimated	P_CREATE	gen_frame		P_CREATE	{"を": ["ABSTRACT", "ARTIFACT", "BODY_PART", "PLACE", "SUBSTANCE_FOOD"]}	{}	42
対話する	47	P	DECIDED	estimated	P_COMMUNICATE	gen_frame		P_COMMUNICATE	{"と": ["GROUP_ORG", "PERSON"]}	{}	20
尊する	47	P	UNPLACED							{}	47
幽閉する	47	P	DECIDED	estimated	P_ACT	gen_frame		P_ACT	{"を": ["ANIMAL", "PERSON"]}	{}	46
急逝する	47	P	DECIDED	estimated	P_EXIST	gen_frame		P_EXIST		{}	47
悔悛する	47	P	DECIDED	estimated	P_CHANGE	gen_frame		P_CHANGE		{}	47
推計する	47	P	DECIDED	estimated	P_COGNITION	gen_frame		P_COGNITION	{"を": ["ABSTRACT", "EVENT_ACT", "INFO_LANGUAGE", "QUANTITY"]}	{}	39
放牧する	47	P	DECIDED	estimated	P_ACT	gen_frame		P_ACT	{"で": ["PLACE"], "を": ["ANIMAL"]}	{}	28
敗死する	47	P	DECIDED	estimated	P_EXIST	gen_frame		P_EXIST		{}	45
新編する	47	P	DECIDED	estimated	P_CREATE	gen_frame		P_CREATE	{"を": ["INFO_LANGUAGE", "WORK"]}	{}	47
水足する	47	P	UNPLACED							{}	45
立証する	47	P	DECIDED	estimated	P_COGNITION	gen_frame		P_COGNITION	{"を": ["ABSTRACT", "EVENT_ACT", "INFO_LANGUAGE"]}	{}	37
累乗する	47	P	DECIDED	estimated	P_ACT	gen_frame		P_ACT	{"を": ["QUANTITY"]}	{}	46
開創する	47	P	DECIDED	estimated	P_CREATE	gen_frame		P_CREATE	{"を": ["ARTIFACT", "GROUP_ORG", "PLACE"]}	{}	47
陥没する	47	P	DECIDED	estimated	P_CHANGE	gen_frame		P_CHANGE	{"が": ["ARTIFACT", "PLACE"]}	{}	37
くちする	46	P	UNPLACED							{}	46
せいねんする	46	P	UNPLACED							{}	46
なかする	46	P	UNPLACED							{}	46
みずする	46	P	UNPLACED							{}	45
シミュレートする	46	P	DECIDED	estimated	P_COGNITION	gen_frame		P_COGNITION	{"を": ["ABSTRACT", "EVENT_ACT", "STATE_PROPERTY"]}	{}	46
ドッキングする	46	P	DECIDED	estimated	P_MOVE	gen_frame		P_MOVE	{"と": ["ARTIFACT", "PLACE"], "に": ["ARTIFACT", "PLACE"]}	{}	46
フィルターする	46	P	DECIDED	estimated	P_ACT	gen_frame		P_ACT	{"を": ["ARTIFACT", "INFO_LANGUAGE", "SUBSTANCE_FOOD"]}	{}	23
一転する	46	P	DECIDED	estimated	P_CHANGE	gen_frame		P_CHANGE	{"が": ["ABSTRACT", "STATE_PROPERTY"]}	{}	34
休眠する	46	P	DECIDED	estimated	P_STATE	gen_frame		P_STATE	{"が": ["ANIMAL", "GROUP_ORG", "PLANT"]}	{}	35
休載する	46	P	DECIDED	estimated	P_ACT	gen_frame		P_ACT	{"を": ["INFO_LANGUAGE", "WORK"]}	{}	46
伝搬する	46	P	DECIDED	estimated	P_MOVE	gen_frame		P_MOVE	{"が": ["ABSTRACT", "NATURAL_PHENOMENON", "SUBSTANCE_FOOD"]}	{}	30
列聖する	46	P	DECIDED	estimated	P_CHANGE	gen_frame		P_CHANGE	{"を": ["PERSON"]}	{}	46
刺殺する	46	P	DECIDED	estimated	P_ACT	gen_frame		P_ACT	{"で": ["ARTIFACT", "BODY_PART"], "を": ["ANIMAL", "PERSON"]}	{}	46
勃興する	46	P	DECIDED	estimated	P_CHANGE	gen_frame		P_CHANGE	{"が": ["ABSTRACT", "EVENT_ACT", "GROUP_ORG"]}	{}	46
回想する	46	P	DECIDED	estimated	P_COGNITION	gen_frame		P_COGNITION	{"を": ["ABSTRACT", "EVENT_ACT", "WORK"]}	{}	42
固執する	46	P	DECIDED	estimated	P_STATE	gen_frame		P_STATE	{"に": ["ABSTRACT", "INFO_LANGUAGE", "PERSON"]}	{}	27
声かけする	46	P	DECIDED	estimated	P_COMMUNICATE	gen_frame		P_COMMUNICATE	{"に": ["PERSON"]}	{}	25
店じまいする	46	P	DECIDED	estimated	P_ACT	gen_frame		P_ACT	{"を": ["ARTIFACT", "GROUP_ORG", "PLACE"]}	{}	22
改作する	46	P	DECIDED	estimated	P_CREATE	gen_frame		P_CREATE	{"を": ["INFO_LANGUAGE", "WORK"]}	{}	46
散水する	46	P	DECIDED	estimated	P_ACT	gen_frame		P_ACT	{"に": ["ARTIFACT", "PLACE", "PLANT"], "を": ["ARTIFACT", "PLACE", "PLANT"]}	{}	28
灌水する	46	P	DECIDED	estimated	P_ACT	gen_frame		P_ACT	{"を": ["PLACE", "PLANT"]}	{}	46
給電する	46	P	DECIDED	estimated	P_ACT	gen_frame		P_ACT	{"に": ["ARTIFACT", "GROUP_ORG", "PLACE"]}	{}	33
規律する	46	P	DECIDED	estimated	P_STATE	gen_frame		P_STATE	{"を": ["ABSTRACT", "GROUP_ORG", "PERSON"]}	{}	36
視察する	46	P	DECIDED	estimated	P_PERCEIVE	gen_frame		P_PERCEIVE	{"を": ["ARTIFACT", "GROUP_ORG", "PLACE"]}	{}	40
討議する	46	P	DECIDED	estimated	P_COMMUNICATE	gen_frame		P_COMMUNICATE	{"を": ["ABSTRACT", "EVENT_ACT", "INFO_LANGUAGE"]}	{}	30
popする	45	P	DECIDED	estimated	P_ACT	gen_frame		P_ACT	{"を": ["EVENT_ACT"]}	{}	42
かごする	45	P	UNPLACED							{}	45
まじゅつする	45	P	UNPLACED							{}	45
カスタマイズする	45	P	DECIDED	estimated	P_CHANGE	gen_frame		P_CHANGE	{"を": ["ARTIFACT", "INFO_LANGUAGE", "WORK"]}	{}	37
スポーツする	45	P	DECIDED	estimated	P_ACT	gen_frame		P_ACT	{"を": ["EVENT_ACT"]}	{}	26
便乗する	45	P	DECIDED	estimated	P_ACT	gen_frame		P_ACT	{"と": ["GROUP_ORG", "PERSON"], "に": ["EVENT_ACT"]}	{}	21
分家する	45	P	DECIDED	estimated	P_CHANGE	gen_frame		P_CHANGE	{"から": ["GROUP_ORG", "PERSON"]}	{}	45
分派する	45	P	DECIDED	estimated	P_CHANGE	gen_frame		P_CHANGE	{"から": ["GROUP_ORG"]}	{}	45
加筆する	45	P	DECIDED	estimated	P_CREATE	gen_frame		P_CREATE	{"を": ["INFO_LANGUAGE", "WORK"]}	{}	43
塩漬けする	45	P	DECIDED	estimated	P_CHANGE	gen_frame		P_CHANGE	{"を": ["ARTIFACT", "SUBSTANCE_FOOD"]}	{}	33
変態する	45	P	DECIDED	estimated	P_CHANGE	gen_frame		P_CHANGE	{"に": ["ANIMAL", "PERSON", "PLANT"]}	{}	34
差別する	45	P	DECIDED	estimated	P_ACT	gen_frame		P_ACT	{"を": ["GROUP_ORG", "PERSON"]}	{}	26
感電する	45	P	DECIDED	estimated	P_CHANGE	gen_frame		P_CHANGE	{"で": ["EVENT_ACT", "NATURAL_PHENOMENON"]}	{}	27
減塩する	45	P	DECIDED	estimated	P_CHANGE	gen_frame		P_CHANGE	{"を": ["SUBSTANCE_FOOD"]}	{}	45
粉砕する	45	P	DECIDED	estimated	P_CHANGE	gen_frame		P_CHANGE	{"を": ["ARTIFACT", "SUBSTANCE_FOOD"]}	{}	35
胃もたれする	45	P	DECIDED	estimated	P_STATE	gen_frame		P_STATE	{"が": ["ANIMAL", "PERSON"]}	{}	23
裏ごしする	45	P	DECIDED	estimated	P_CHANGE	gen_frame		P_CHANGE	{"を": ["ARTIFACT", "SUBSTANCE_FOOD"]}	{}	22
襲来する	45	P	DECIDED	estimated	P_MOVE	gen_frame		P_MOVE	{"に": ["PLACE"]}	{}	26
越冬する	45	P	DECIDED	estimated	P_STATE	gen_frame		P_STATE	{"を": ["TIME"]}	{}	28
退学する	45	P	DECIDED	estimated	P_CHANGE	gen_frame		P_CHANGE	{"を": ["GROUP_ORG", "PLACE"]}	{}	45
送球する	45	P	DECIDED	estimated	P_ACT	gen_frame		P_ACT	{"を": ["ANIMAL", "ARTIFACT"]}	{}	20
開所する	45	P	DECIDED	estimated	P_CREATE	gen_frame		P_CREATE	{"を": ["GROUP_ORG", "PLACE"]}	{}	35
附属する	45	P	DECIDED	estimated	P_STATE	gen_frame		P_STATE	{"に": ["GROUP_ORG", "PLACE"]}	{}	45
音訳する	45	P	DECIDED	estimated	P_CREATE	gen_frame		P_CREATE	{"を": ["INFO_LANGUAGE", "WORK"]}	{}	45
detachする	44	P	UNPLACED							{}	44
なわする	44	P	UNPLACED							{}	41
ものする	44	P	DECIDED	estimated	P_CREATE	gen_frame		P_CREATE	{"を": ["ARTIFACT", "EVENT_ACT", "INFO_LANGUAGE"]}	{}	38
侵略する	44	P	DECIDED	estimated	P_MOVE	gen_frame		P_MOVE	{"を": ["GROUP_ORG", "PLACE"]}	{}	43
先着する	44	P	DECIDED	estimated	P_MOVE	gen_frame		P_MOVE	{"に": ["PLACE"]}	{}	25
播種する	44	P	DECIDED	estimated	P_ACT	gen_frame		P_ACT	{"を": ["PLANT"]}	{}	37
暴走する	44	P	DECIDED	estimated	P_ACT	gen_frame		P_ACT	{"が": ["ANIMAL", "ARTIFACT"]}	{}	38
梅雨入りする	44	P	DECIDED	estimated	P_EXIST	gen_frame		P_EXIST	{"に": ["TIME"]}	{}	34
殺到する	44	P	DECIDED	estimated	P_MOVE	gen_frame		P_MOVE	{"に": ["GROUP_ORG", "PERSON", "PLACE"]}	{}	41
粛清する	44	P	DECIDED	estimated	P_CHANGE	gen_frame		P_CHANGE	{"を": ["GROUP_ORG", "PERSON"]}	{}	44
追突する	44	P	DECIDED	estimated	P_ACT	gen_frame		P_ACT	{"に": ["ARTIFACT", "PLACE"]}	{}	22
りょうする	43	P	UNPLACED							{}	43
カヴァーする	43	P	DECIDED	estimated	P_CREATE	gen_frame		P_CREATE	{"を": ["ARTIFACT", "INFO_LANGUAGE", "WORK"]}	{}	43
ジョギングする	43	P	DECIDED	estimated	P_ACT	gen_frame		P_ACT	{"を": ["EVENT_ACT"]}	{}	20
仲裁する	43	P	DECIDED	estimated	P_ACT	gen_frame		P_ACT	{"を": ["ABSTRACT", "EVENT_ACT"]}	{}	29
再版する	43	P	DECIDED	estimated	P_CREATE	gen_frame		P_CREATE	{"を": ["INFO_LANGUAGE", "WORK"]}	{}	42
売り買いする	43	P	DECIDED	estimated	P_GIVE	gen_frame		P_GIVE	{"と": ["GROUP_ORG", "PERSON"], "を": ["ARTIFACT", "SUBSTANCE_FOOD"]}	{}	38
崩落する	43	P	DECIDED	estimated	P_MOVE	gen_frame		P_MOVE	{"が": ["ARTIFACT", "NATURAL_PHENOMENON", "PLACE"]}	{}	37
成型する	43	P	DECIDED	estimated	P_CREATE	gen_frame		P_CREATE	{"を": ["ABSTRACT", "ARTIFACT", "SUBSTANCE_FOOD"]}	{}	43
日帰りする	43	P	DECIDED	direct	P_MOVE	gen_frame,role_distribution@codex:conversation		P_MOVE	{"に": ["PLACE"]}	{"role_distribution@codex:conversation": ["へ"]}	24
水張りする	43	P	DECIDED	estimated	P_ACT	gen_frame		P_ACT	{"を": ["ARTIFACT", "PLACE"]}	{}	41
疎開する	43	P	DECIDED	estimated	P_MOVE	gen_frame		P_MOVE	{"から": ["PLACE"], "に": ["PLACE"]}	{}	41
登用する	43	P	DECIDED	estimated	P_GIVE	gen_frame		P_GIVE	{"を": ["GROUP_ORG", "PERSON"]}	{}	22
相対する	43	P	DECIDED	estimated	P_ACT	gen_frame		P_ACT	{"と": ["GROUP_ORG", "PERSON"]}	{}	43
組閣する	43	P	DECIDED	estimated	P_CREATE	gen_frame		P_CREATE	{"を": ["GROUP_ORG"]}	{}	43
落葉する	43	P	DECIDED	estimated	P_CHANGE	gen_frame		P_CHANGE	{"が": ["PLANT"]}	{}	22
著述する	43	P	DECIDED	estimated	P_CREATE	gen_frame		P_CREATE	{"を": ["INFO_LANGUAGE", "WORK"]}	{}	43
試乗する	43	P	DECIDED	estimated	P_PERCEIVE	gen_frame		P_PERCEIVE	{"を": ["ARTIFACT"]}	{}	30
開講する	43	P	DECIDED	estimated	P_CREATE	gen_frame		P_CREATE	{"を": ["ABSTRACT", "EVENT_ACT"]}	{}	39
除名する	43	P	DECIDED	estimated	P_ACT	gen_frame		P_ACT	{"から": ["GROUP_ORG"], "を": ["PERSON"]}	{}	43
隆盛する	43	P	DECIDED	estimated	P_STATE	gen_frame		P_STATE	{"が": ["ABSTRACT", "GROUP_ORG", "PLANT"]}	{}	43
freeする	42	P	UNPLACED							{}	24
かくれんぼする	42	P	DECIDED	estimated	P_ACT	gen_frame		P_ACT	{"を": ["EVENT_ACT"]}	{}	29
がんする	42	P	UNPLACED							{}	40
カーブする	42	P	DECIDED	estimated	P_MOVE	gen_frame		P_MOVE	{"が": ["ARTIFACT", "NATURAL_PHENOMENON"]}	{}	23
パイプする	42	P	DECIDED	estimated	P_ACT	gen_frame		P_ACT	{"を": ["ARTIFACT", "SUBSTANCE_FOOD"]}	{}	30
ベルトする	42	P	DECIDED	estimated	P_ACT	gen_frame		P_ACT	{"を": ["ARTIFACT"]}	{}	26
ローストする	42	P	DECIDED	estimated	P_CONSUME	gen_frame		P_CONSUME	{"を": ["SUBSTANCE_FOOD"]}	{}	20
付帯する	42	P	DECIDED	estimated	P_STATE	gen_frame		P_STATE	{"に": ["ABSTRACT", "ARTIFACT"]}	{}	27
再入する	42	P	DECIDED	estimated	P_MOVE	gen_frame		P_MOVE	{"に": ["PLACE"]}	{}	41
出国する	42	P	DECIDED	estimated	P_MOVE	gen_frame		P_MOVE	{"から": ["PLACE"]}	{}	37
半周する	42	P	DECIDED	estimated	P_MOVE	gen_frame		P_MOVE	{"を": ["ABSTRACT", "PLACE"]}	{}	34
受注する	42	P	DECIDED	estimated	P_COMMUNICATE	gen_frame		P_COMMUNICATE	{"を": ["ARTIFACT", "SUBSTANCE_FOOD"]}	{}	40
大破する	42	P	DECIDED	estimated	P_CHANGE	gen_frame		P_CHANGE	{"が": ["ARTIFACT"]}	{}	41
失念する	42	P	DECIDED	estimated	P_COGNITION	gen_frame		P_COGNITION	{"を": ["ABSTRACT", "EVENT_ACT", "INFO_LANGUAGE"]}	{}	22
投降する	42	P	DECIDED	estimated	P_MOVE	gen_frame		P_MOVE	{"に": ["GROUP_ORG", "PERSON"]}	{}	42
暗示する	42	P	DECIDED	estimated	P_COMMUNICATE	gen_frame		P_COMMUNICATE	{"を": ["EVENT_ACT", "INFO_LANGUAGE"]}	{}	37
流下する	42	P	DECIDED	estimated	P_MOVE	gen_frame		P_MOVE	{"から": ["PLACE"]}	{}	40
潜伏する	42	P	DECIDED	estimated	P_EXIST	gen_frame		P_EXIST	{"に": ["PLACE"]}	{}	28
熟練する	42	P	DECIDED	estimated	P_STATE	gen_frame		P_STATE	{"に": ["ABSTRACT", "STATE_PROPERTY"]}	{}	28
移調する	42	P	DECIDED	estimated	P_CHANGE	gen_frame		P_CHANGE	{"を": ["INFO_LANGUAGE", "WORK"]}	{}	32
筋トレする	42	P	DECIDED	estimated	P_ACT	gen_frame		P_ACT	{"を": ["ABSTRACT", "BODY_PART"]}	{}	22
縦貫する	42	P	DECIDED	estimated	P_MOVE	gen_frame		P_MOVE	{"を": ["PLACE"]}	{}	42
迫害する	42	P	DECIDED	estimated	P_ACT	gen_frame		P_ACT	{"を": ["GROUP_ORG", "PERSON"]}	{}	27
進歩する	42	P	DECIDED	estimated	P_CHANGE	gen_frame		P_CHANGE	{"が": ["ABSTRACT", "STATE_PROPERTY"]}	{}	30
遺伝する	42	P	DECIDED	estimated	P_STATE	gen_frame		P_STATE	{"が": ["ABSTRACT", "ANIMAL", "PLANT"]}	{}	34
遺棄する	42	P	DECIDED	estimated	P_ACT	gen_frame		P_ACT	{"を": ["ANIMAL", "ARTIFACT", "PERSON", "SUBSTANCE_FOOD"]}	{}	41
うえする	41	P	UNPLACED							{}	41
かいする	41	P	UNPLACED							{}	41
コンフリクトする	41	P	DECIDED	estimated	P_STATE	gen_frame		P_STATE	{"と": ["ABSTRACT", "GROUP_ORG", "PERSON"]}	{}	41
トッピングする	41	P	DECIDED	estimated	P_ACT	gen_frame		P_ACT	{"を": ["SUBSTANCE_FOOD"]}	{}	41
ハングする	41	P	DECIDED	estimated	P_EXIST	gen_frame		P_EXIST	{"が": ["ARTIFACT"]}	{}	40
侮辱する	41	P	DECIDED	estimated	P_COMMUNICATE	gen_frame		P_COMMUNICATE	{"を": ["GROUP_ORG", "PERSON"]}	{}	23
剃髪する	41	P	DECIDED	estimated	P_ACT	gen_frame		P_ACT	{"を": ["PERSON"]}	{}	41
叙任する	41	P	DECIDED	estimated	P_GIVE	gen_frame		P_GIVE	{"に": ["ABSTRACT", "GROUP_ORG", "PERSON"], "を": ["PERSON"]}	{}	35
周遊する	41	P	DECIDED	estimated	P_MOVE	gen_frame		P_MOVE	{"を": ["PLACE"]}	{}	34
在宅する	41	P	DECIDED	estimated	P_STATE	gen_frame		P_STATE	{"で": ["PLACE"]}	{}	24
在職する	41	P	DECIDED	estimated	P_STATE	gen_frame		P_STATE	{"に": ["GROUP_ORG", "PLACE"]}	{}	38
変貌する	41	P	DECIDED	estimated	P_CHANGE	gen_frame		P_CHANGE	{"に": ["STATE_PROPERTY"]}	{}	41
局在する	41	P	DECIDED	estimated	P_EXIST	gen_frame		P_EXIST	{"に": ["ABSTRACT", "PLACE"]}	{}	38
平定する	41	P	DECIDED	estimated	P_ACT	gen_frame		P_ACT	{"を": ["GROUP_ORG", "PLACE"]}	{}	36
彫刻する	41	P	DECIDED	estimated	P_CREATE	gen_frame		P_CREATE	{"を": ["ABSTRACT", "STATE_PROPERTY"]}	{}	27
推理する	41	P	DECIDED	estimated	P_COGNITION	gen_frame		P_COGNITION	{"を": ["ABSTRACT", "EVENT_ACT", "INFO_LANGUAGE"]}	{}	21
放火する	41	P	DECIDED	estimated	P_ACT	gen_frame		P_ACT	{"に": ["ARTIFACT", "PLACE"]}	{}	41
欠勤する	41	P	DECIDED	estimated	P_ACT	gen_frame		P_ACT	{"を": ["EVENT_ACT"]}	{}	28
礼拝する	41	P	DECIDED	estimated	P_ACT	gen_frame		P_ACT	{"を": ["ABSTRACT", "EVENT_ACT"]}	{}	27
続投する	41	P	DECIDED	estimated	P_ACT	gen_frame		P_ACT	{"を": ["EVENT_ACT", "GROUP_ORG"]}	{}	26
蔓延する	41	P	DECIDED	estimated	P_STATE	gen_frame		P_STATE	{"に": ["BODY_PART", "PLACE"]}	{}	41
連合する	41	P	DECIDED	estimated	P_CHANGE	gen_frame		P_CHANGE	{"と": ["GROUP_ORG", "PERSON"]}	{}	39
養殖する	41	P	DECIDED	estimated	P_CREATE	gen_frame		P_CREATE	{"を": ["ANIMAL", "PLANT"]}	{}	32
ぜんする	40	P	UNPLACED							{}	40
そんざいする	40	P	DECIDED	estimated	P_EXIST	gen_frame		P_EXIST	{"が": ["ABSTRACT"]}	{}	40
やりくりする	40	P	DECIDED	estimated	P_ACT	gen_frame		P_ACT	{"を": ["ABSTRACT", "QUANTITY", "SUBSTANCE_FOOD"]}	{}	20
アセンブルする	40	P	DECIDED	estimated	P_CREATE	gen_frame	DISTRIBUTION_DISAGREES	P_CREATE	{"を": ["ARTIFACT"]}	{"role_distribution@codex:code": ["を"]}	37
互換する	40	P	DECIDED	estimated	P_STATE	gen_frame		P_STATE	{"が": ["ABSTRACT", "ARTIFACT"], "と": ["ABSTRACT", "ARTIFACT"]}	{}	39
全滅する	40	P	DECIDED	estimated	P_CHANGE	gen_frame		P_CHANGE	{"が": ["ANIMAL", "GROUP_ORG", "PLANT"]}	{}	40
分掌する	40	P	DECIDED	estimated	P_ACT	gen_frame		P_ACT	{"を": ["ABSTRACT", "GROUP_ORG"]}	{}	39
噴霧する	40	P	DECIDED	estimated	P_ACT	gen_frame		P_ACT	{"を": ["ARTIFACT", "SUBSTANCE_FOOD"]}	{}	25
寝起きする	40	P	DECIDED	estimated	P_ACT	gen_frame		P_ACT		{}	22
拮抗する	40	P	DECIDED	estimated	P_STATE	gen_frame		P_STATE	{"と": ["ABSTRACT", "GROUP_ORG", "PERSON"]}	{}	32
挙兵する	40	P	DECIDED	estimated	P_ACT	gen_frame		P_ACT	{"を": ["GROUP_ORG", "PLACE"]}	{}	28
振興する	40	P	DECIDED	estimated	P_CHANGE	gen_frame		P_CHANGE	{"を": ["ABSTRACT", "GROUP_ORG"]}	{}	36
掲揚する	40	P	DECIDED	estimated	P_ACT	gen_frame		P_ACT	{"を": ["ARTIFACT", "INFO_LANGUAGE"]}	{}	40
改元する	40	P	DECIDED	estimated	P_CHANGE	gen_frame		P_CHANGE	{"を": ["TIME"]}	{}	36
放流する	40	P	DECIDED	estimated	P_MOVE	gen_frame		P_MOVE	{"を": ["ANIMAL", "SUBSTANCE_FOOD"]}	{}	26
早とちりする	40	P	DECIDED	estimated	P_COGNITION	gen_frame		P_COGNITION	{"を": ["ABSTRACT", "INFO_LANGUAGE"]}	{}	38
林立する	40	P	DECIDED	estimated	P_EXIST	gen_frame		P_EXIST	{"が": ["ARTIFACT", "PLACE"]}	{}	38
植樹する	40	P	DECIDED	estimated	P_CREATE	gen_frame		P_CREATE	{"を": ["PLANT"]}	{}	28
減点する	40	P	DECIDED	estimated	P_CHANGE	gen_frame		P_CHANGE	{"を": ["ABSTRACT", "QUANTITY"]}	{}	30
爪とぎする	40	P	DECIDED	estimated	P_ACT	gen_frame		P_ACT	{"を": ["ARTIFACT", "BODY_PART"]}	{}	30
癒合する	40	P	DECIDED	estimated	P_CHANGE	gen_frame		P_CHANGE	{"が": ["ARTIFACT", "BODY_PART", "PLANT"]}	{}	21
秋高する	40	P	UNPLACED							{}	40
立脚する	40	P	DECIDED	estimated	P_STATE	gen_frame		P_STATE	{"に": ["ABSTRACT", "INFO_LANGUAGE", "STATE_PROPERTY"]}	{}	40
装填する	40	P	DECIDED	estimated	P_ACT	gen_frame		P_ACT	{"に": ["ARTIFACT", "SUBSTANCE_FOOD"], "を": ["ARTIFACT", "SUBSTANCE_FOOD"]}	{}	37
覆土する	40	P	DECIDED	estimated	P_ACT	gen_frame		P_ACT	{"を": ["ARTIFACT", "PLACE", "PLANT"]}	{}	24
課金する	40	P	DECIDED	estimated	P_CONSUME	gen_frame		P_CONSUME	{"に": ["GROUP_ORG", "PERSON"], "を": ["ABSTRACT", "SUBSTANCE_FOOD"]}	{}	21
警備する	40	P	DECIDED	estimated	P_ACT	gen_frame		P_ACT	{"を": ["ARTIFACT", "GROUP_ORG", "PERSON", "PLACE"]}	{}	38
貫流する	40	P	DECIDED	estimated	P_MOVE	gen_frame		P_MOVE	{"を": ["ARTIFACT", "NATURAL_PHENOMENON", "PLACE"]}	{}	39
隷属する	40	P	DECIDED	estimated	P_STATE	gen_frame		P_STATE	{"に": ["GROUP_ORG", "PERSON"]}	{}	39
CASTする	39	P	UNPLACED							{}	31
はくする	39	P	DECIDED	estimated	P_COMMUNICATE	gen_frame		P_COMMUNICATE	{"を": ["ABSTRACT", "INFO_LANGUAGE"]}	{}	37
まきする	39	P	UNPLACED							{}	36
みちする	39	P	UNPLACED							{}	38
ろうする	39	P	UNPLACED							{}	38
クォートする	39	P	DECIDED	estimated	P_ACT	gen_frame		P_ACT	{"を": ["ARTIFACT", "INFO_LANGUAGE"]}	{}	29
ブレイクする	39	P	DECIDED	estimated	P_ACT	gen_frame		P_ACT	{"を": ["ABSTRACT", "ARTIFACT", "EVENT_ACT"]}	{}	39
リレーする	39	P	DECIDED	estimated	P_MOVE	gen_frame		P_MOVE	{"を": ["ARTIFACT", "EVENT_ACT", "INFO_LANGUAGE"]}	{}	23
前貸する	39	P	DECIDED	estimated	P_GIVE	gen_frame		P_GIVE	{"に": ["GROUP_ORG", "PERSON"], "を": ["ABSTRACT", "QUANTITY", "SUBSTANCE_FOOD"]}	{}	39
創部する	39	P	DECIDED	estimated	P_CREATE	gen_frame		P_CREATE	{"を": ["ABSTRACT", "GROUP_ORG"]}	{}	39
厳選する	39	P	DECIDED	estimated	P_COGNITION	gen_frame		P_COGNITION	{"を": ["ABSTRACT", "ARTIFACT", "SUBSTANCE_FOOD"]}	{}	36
否決する	39	P	DECIDED	estimated	P_COMMUNICATE	gen_frame		P_COMMUNICATE	{"を": ["ABSTRACT", "EVENT_ACT", "INFO_LANGUAGE"]}	{}	28
埋没する	39	P	DECIDED	estimated	P_STATE	gen_frame		P_STATE	{"に": ["ABSTRACT", "ARTIFACT", "PLACE"]}	{}	33
失速する	39	P	DECIDED	estimated	P_CHANGE	gen_frame		P_CHANGE	{"が": ["ANIMAL", "ARTIFACT", "EVENT_ACT"]}	{}	27
奪回する	39	P	DECIDED	estimated	P_ACT	gen_frame		P_ACT	{"を": ["ABSTRACT", "ARTIFACT", "PLACE"]}	{}	29
完備する	39	P	DECIDED	estimated	P_POSSESS	gen_frame		P_POSSESS	{"を": ["ABSTRACT", "ARTIFACT", "PLACE"]}	{}	39
崩御する	39	P	DECIDED	estimated	P_EXIST	gen_frame		P_EXIST	{"が": ["PERSON"]}	{}	39
座礁する	39	P	DECIDED	estimated	P_CHANGE	gen_frame		P_CHANGE	{"が": ["ANIMAL", "ARTIFACT"]}	{}	29
探査する	39	P	DECIDED	estimated	P_COGNITION	gen_frame		P_COGNITION	{"を": ["ABSTRACT", "ARTIFACT", "NATURAL_PHENOMENON", "PLACE"]}	{}	35
探知する	39	P	DECIDED	estimated	P_PERCEIVE	gen_frame		P_PERCEIVE	{"を": ["ABSTRACT", "ARTIFACT", "NATURAL_PHENOMENON", "SUBSTANCE_FOOD"]}	{}	36
探究する	39	P	DECIDED	estimated	P_COGNITION	gen_frame		P_COGNITION	{"を": ["ABSTRACT", "INFO_LANGUAGE", "NATURAL_PHENOMENON"]}	{}	38
早食いする	39	P	DECIDED	estimated	P_CONSUME	gen_frame		P_CONSUME	{"を": ["SUBSTANCE_FOOD"]}	{}	24
来庁する	39	P	DECIDED	estimated	P_MOVE	gen_frame		P_MOVE	{"へ": ["GROUP_ORG", "PLACE"]}	{}	39
根詰まりする	39	P	DECIDED	estimated	P_STATE	gen_frame		P_STATE	{"が": ["ARTIFACT", "BODY_PART"]}	{}	26
歩行する	39	P	DECIDED	estimated	P_MOVE	gen_frame		P_MOVE	{"を": ["PLACE"]}	{}	28
照れ笑いする	39	P	DECIDED	estimated	P_EMOTION	gen_frame		P_EMOTION	{"が": ["PERSON"]}	{}	22
画策する	39	P	DECIDED	estimated	P_COGNITION	gen_frame		P_COGNITION	{"を": ["ABSTRACT", "EVENT_ACT", "GROUP_ORG"]}	{}	39
細分する	39	P	DECIDED	estimated	P_CHANGE	gen_frame		P_CHANGE	{"を": ["ABSTRACT"]}	{}	38
逝去する	39	P	DECIDED	estimated	P_EXIST	gen_frame		P_EXIST	{"が": ["PERSON"]}	{}	39
trimする	38	P	UNPLACED							{}	31
かねする	38	P	UNPLACED							{}	38
こうかいする	38	P	UNPLACED							{}	37
さきする	38	P	UNPLACED							{}	38
さとする	38	P	DECIDED	estimated	P_COMMUNICATE	gen_frame		P_COMMUNICATE	{"を": ["ABSTRACT", "PERSON"]}	{}	38
においする	38	P	DECIDED	estimated	P_STATE	gen_frame		P_STATE	{"が": ["NATURAL_PHENOMENON", "SUBSTANCE_FOOD"]}	{}	23
フォークする	38	P	DECIDED	estimated	P_ACT	gen_frame		P_ACT	{"を": ["ARTIFACT"]}	{}	30
フローする	38	P	DECIDED	estimated	P_EXIST	gen_frame		P_EXIST	{"が": ["ABSTRACT", "EVENT_ACT"]}	{}	30
リストする	38	P	DECIDED	estimated	P_CREATE	gen_frame		P_CREATE	{"を": ["ABSTRACT", "INFO_LANGUAGE"]}	{}	38
一変する	38	P	DECIDED	estimated	P_CHANGE	gen_frame		P_CHANGE	{"が": ["ABSTRACT", "STATE_PROPERTY"]}	{}	25
丸かじりする	38	P	DECIDED	estimated	P_CONSUME	gen_frame		P_CONSUME	{"を": ["SUBSTANCE_FOOD"]}	{}	23
享受する	38	P	DECIDED	estimated	P_CONSUME	gen_frame		P_CONSUME	{"を": ["ABSTRACT", "EVENT_ACT", "SUBSTANCE_FOOD"]}	{}	37
保冷する	38	P	DECIDED	estimated	P_ACT	gen_frame		P_ACT	{"を": ["ARTIFACT", "SUBSTANCE_FOOD"]}	{}	23
充当する	38	P	DECIDED	estimated	P_ACT	gen_frame		P_ACT	{"に": ["ABSTRACT", "EVENT_ACT"], "を": ["ABSTRACT", "EVENT_ACT"]}	{}	29
先取する	38	P	DECIDED	estimated	P_GIVE	gen_frame		P_GIVE	{"を": ["ABSTRACT", "EVENT_ACT"]}	{}	23
切り盛りする	38	P	DECIDED	estimated	P_ACT	gen_frame		P_ACT	{"を": ["ABSTRACT", "EVENT_ACT"]}	{}	21
同化する	38	P	DECIDED	estimated	P_CHANGE	gen_frame		P_CHANGE	{"が": ["ABSTRACT", "STATE_PROPERTY"], "と": ["ABSTRACT", "STATE_PROPERTY"]}	{}	29
回帰する	38	P	DECIDED	estimated	P_MOVE	gen_frame		P_MOVE	{"に": ["ABSTRACT", "PLACE", "TIME"]}	{}	32
変する	38	P	UNPLACED							{}	24
対向する	38	P	DECIDED	estimated	P_ACT	gen_frame		P_ACT	{"と": ["ARTIFACT", "GROUP_ORG", "PERSON"]}	{}	22
弔問する	38	P	DECIDED	estimated	P_ACT	gen_frame		P_ACT	{"を": ["PERSON"]}	{}	38
思いする	38	P	UNPLACED							{}	36
押収する	38	P	DECIDED	estimated	P_ACT	gen_frame		P_ACT	{"を": ["ABSTRACT", "ARTIFACT"]}	{}	25
援用する	38	P	DECIDED	estimated	P_COGNITION	gen_frame		P_COGNITION	{"を": ["ABSTRACT", "INFO_LANGUAGE"]}	{}	20
替えする	38	P	UNPLACED							{}	31
格付けする	38	P	DECIDED	estimated	P_STATE	gen_frame		P_STATE	{"を": ["ABSTRACT", "STATE_PROPERTY"]}	{}	38
洗い物する	38	P	DECIDED	estimated	P_ACT	gen_frame		P_ACT	{"を": ["ARTIFACT", "SUBSTANCE_FOOD"]}	{}	35
登壇する	38	P	DECIDED	estimated	P_COMMUNICATE	gen_frame		P_COMMUNICATE	{"に": ["EVENT_ACT", "PLACE"]}	{}	24
自習する	38	P	DECIDED	estimated	P_COGNITION	gen_frame		P_COGNITION	{"を": ["ABSTRACT", "INFO_LANGUAGE"]}	{}	22
裂開する	38	P	DECIDED	estimated	P_CHANGE	gen_frame		P_CHANGE	{"が": ["ARTIFACT", "BODY_PART"]}	{}	33
裏打ちする	38	P	DECIDED	estimated	P_ACT	gen_frame		P_ACT	{"を": ["ABSTRACT", "INFO_LANGUAGE"]}	{}	21
複合する	38	P	DECIDED	estimated	P_CHANGE	gen_frame		P_CHANGE	{"が": ["ABSTRACT", "ARTIFACT"], "と": ["ABSTRACT", "ARTIFACT"]}	{}	33
訴追する	38	P	DECIDED	estimated	P_ACT	gen_frame		P_ACT	{"を": ["PERSON"]}	{}	26
試聴する	38	P	DECIDED	estimated	P_PERCEIVE	gen_frame		P_PERCEIVE	{"を": ["INFO_LANGUAGE", "WORK"]}	{}	28
食害する	38	P	DECIDED	estimated	P_CONSUME	gen_frame		P_CONSUME	{"を": ["PLANT", "SUBSTANCE_FOOD"]}	{}	23
deriveする	37	P	DECIDED	estimated	P_CREATE	gen_frame		P_CREATE	{"を": ["ABSTRACT", "INFO_LANGUAGE"]}	{}	29
こばする	37	P	UNPLACED							{}	37
したする	37	P	UNPLACED							{}	35
わん曲する	37	P	DECIDED	estimated	P_CHANGE	gen_frame		P_CHANGE	{"が": ["ABSTRACT", "ARTIFACT"]}	{}	29
ダッシュする	37	P	DECIDED	estimated	P_MOVE	gen_frame		P_MOVE	{"が": ["ANIMAL", "PERSON"], "へ": ["PLACE"]}	{}	29
ノックアウトする	37	P	DECIDED	estimated	P_ACT	gen_frame		P_ACT	{"が": ["ANIMAL", "PERSON"], "を": ["ANIMAL", "PERSON"]}	{}	32
ホストする	37	P	DECIDED	estimated	P_ACT	gen_frame		P_ACT	{"が": ["GROUP_ORG", "PERSON"], "を": ["EVENT_ACT", "GROUP_ORG"]}	{}	34
交替する	37	P	DECIDED	estimated	P_CHANGE	gen_frame		P_CHANGE	{"が": ["ABSTRACT", "GROUP_ORG", "PERSON"], "と": ["GROUP_ORG", "PERSON"]}	{}	25
休養する	37	P	DECIDED	estimated	P_STATE	gen_frame		P_STATE	{"が": ["ANIMAL", "PERSON"]}	{}	22
出願する	37	P	DECIDED	estimated	P_ACT	gen_frame		P_ACT	{"が": ["GROUP_ORG", "PERSON"], "に": ["GROUP_ORG", "PLACE"]}	{}	29
参与する	37	P	DECIDED	estimated	P_ACT	gen_frame		P_ACT	{"が": ["GROUP_ORG", "PERSON"], "に": ["EVENT_ACT", "GROUP_ORG"]}	{}	37
叙爵する	37	P	DECIDED	estimated	P_GIVE	gen_frame		P_GIVE	{"が": ["GROUP_ORG", "PERSON"], "に": ["PERSON"]}	{}	37
商売する	37	P	DECIDED	estimated	P_ACT	gen_frame		P_ACT	{"が": ["GROUP_ORG", "PERSON"], "を": ["ABSTRACT", "ARTIFACT", "SUBSTANCE_FOOD"]}	{}	33
嘔吐する	37	P	DECIDED	estimated	P_ACT	gen_frame		P_ACT	{"が": ["ANIMAL", "PERSON"], "を": ["SUBSTANCE_FOOD"]}	{}	32
変速する	37	P	DECIDED	estimated	P_CHANGE	gen_frame		P_CHANGE	{"が": ["ARTIFACT"]}	{}	29
宿題する	37	P	DECIDED	estimated	P_ACT	gen_frame		P_ACT	{"が": ["PERSON"], "を": ["ARTIFACT", "EVENT_ACT"]}	{}	32
届出する	37	P	DECIDED	estimated	P_COMMUNICATE	gen_frame		P_COMMUNICATE	{"が": ["GROUP_ORG", "PERSON"], "を": ["ABSTRACT", "INFO_LANGUAGE"]}	{}	25
復讐する	37	P	DECIDED	estimated	P_ACT	gen_frame		P_ACT	{"が": ["GROUP_ORG", "PERSON"], "に": ["GROUP_ORG", "PERSON"]}	{}	37
打診する	37	P	DECIDED	estimated	P_COMMUNICATE	gen_frame		P_COMMUNICATE	{"が": ["GROUP_ORG", "PERSON"], "を": ["ABSTRACT", "EVENT_ACT"]}	{}	25
投射する	37	P	DECIDED	estimated	P_ACT	gen_frame		P_ACT	{"が": ["ARTIFACT", "PERSON"], "を": ["ABSTRACT", "ARTIFACT"]}	{}	37
換装する	37	P	DECIDED	estimated	P_ACT	gen_frame		P_ACT	{"が": ["GROUP_ORG", "PERSON"], "を": ["ARTIFACT"]}	{}	37
搾乳する	37	P	DECIDED	estimated	P_ACT	gen_frame		P_ACT	{"が": ["ANIMAL", "PERSON"], "を": ["SUBSTANCE_FOOD"]}	{}	22
改易する	37	P	DECIDED	estimated	P_CHANGE	gen_frame		P_CHANGE	{"が": ["GROUP_ORG"], "を": ["PERSON"]}	{}	37
模写する	37	P	DECIDED	estimated	P_CREATE	gen_frame		P_CREATE	{"が": ["ANIMAL", "PERSON"], "を": ["ARTIFACT", "INFO_LANGUAGE", "WORK"]}	{}	20
激怒する	37	P	DECIDED	estimated	P_EMOTION	gen_frame		P_EMOTION	{"が": ["ANIMAL", "GROUP_ORG", "PERSON"]}	{}	37
留置する	37	P	DECIDED	estimated	P_ACT	gen_frame		P_ACT	{"が": ["GROUP_ORG", "PERSON"], "を": ["ARTIFACT", "PERSON"]}	{}	33
結束する	37	P	DECIDED	estimated	P_CHANGE	gen_frame		P_CHANGE	{"が": ["ABSTRACT", "GROUP_ORG", "PERSON"], "を": ["ABSTRACT", "GROUP_ORG", "PERSON"]}	{}	21
被爆する	37	P	DECIDED	estimated	P_CHANGE	gen_frame		P_CHANGE	{"が": ["GROUP_ORG", "PERSON"], "に": ["NATURAL_PHENOMENON"]}	{}	36
調剤する	37	P	DECIDED	estimated	P_ACT	gen_frame		P_ACT	{"が": ["PERSON"], "を": ["SUBSTANCE_FOOD"]}	{}	22
賦課する	37	P	DECIDED	estimated	P_ACT	gen_frame		P_ACT	{"が": ["GROUP_ORG"], "に": ["GROUP_ORG", "PERSON"]}	{}	37
頭痛する	37	P	DECIDED	estimated	P_STATE	gen_frame		P_STATE	{"が": ["PERSON"]}	{}	36
UNIONする	36	P	UNPLACED							{}	35
catchする	36	P	DECIDED	estimated	P_ACT	gen_frame		P_ACT	{"が": ["PERSON"], "を": ["ARTIFACT", "INFO_LANGUAGE", "SUBSTANCE_FOOD"]}	{}	34
sortする	36	P	DECIDED	estimated	P_ACT	gen_frame		P_ACT	{"が": ["GROUP_ORG", "PERSON"], "を": ["ABSTRACT", "ARTIFACT", "INFO_LANGUAGE"]}	{}	24
あおきする	36	P	UNPLACED							{}	36
けんていする	36	P	UNPLACED							{}	36
さわする	36	P	UNPLACED							{}	36
みよしする	36	P	UNPLACED							{}	36
カテゴライズする	36	P	DECIDED	estimated	P_CREATE	gen_frame		P_CREATE	{"が": ["GROUP_ORG", "PERSON"], "を": ["ABSTRACT", "INFO_LANGUAGE"]}	{}	36
ネームする	36	P	DECIDED	estimated	P_ACT	gen_frame		P_ACT	{"が": ["GROUP_ORG", "PERSON"], "を": ["ARTIFACT", "INFO_LANGUAGE", "PERSON"]}	{}	32
ブレンドする	36	P	DECIDED	estimated	P_CHANGE	gen_frame		P_CHANGE	{"が": ["GROUP_ORG", "PERSON"], "を": ["ABSTRACT", "ARTIFACT", "SUBSTANCE_FOOD"]}	{}	35
プログラムする	36	P	DECIDED	estimated	P_CREATE	gen_frame		P_CREATE	{"が": ["GROUP_ORG", "PERSON"], "を": ["ABSTRACT", "ARTIFACT", "INFO_LANGUAGE"]}	{}	34
ランキングする	36	P	DECIDED	estimated	P_ACT	gen_frame		P_ACT	{"が": ["ABSTRACT", "GROUP_ORG"], "を": ["ARTIFACT", "PERSON", "WORK"]}	{}	30
啓発する	36	P	DECIDED	estimated	P_COMMUNICATE	gen_frame		P_COMMUNICATE	{"を": ["ABSTRACT", "INFO_LANGUAGE", "STATE_PROPERTY"]}	{}	36
失望する	36	P	DECIDED	estimated	P_EMOTION	gen_frame		P_EMOTION	{"に": ["EVENT_ACT", "STATE_PROPERTY"]}	{}	20
容認する	36	P	DECIDED	estimated	P_COGNITION	gen_frame		P_COGNITION	{"を": ["ABSTRACT", "EVENT_ACT", "STATE_PROPERTY"]}	{}	36
干拓する	36	P	DECIDED	estimated	P_CREATE	gen_frame		P_CREATE	{"を": ["PLACE"]}	{}	33
廃刊する	36	P	DECIDED	estimated	P_ACT	gen_frame		P_ACT	{"を": ["INFO_LANGUAGE", "WORK"]}	{}	36
新製する	36	P	DECIDED	estimated	P_CREATE	gen_frame		P_CREATE	{"を": ["ARTIFACT", "SUBSTANCE_FOOD"]}	{}	36
書写する	36	P	DECIDED	estimated	P_ACT	gen_frame		P_ACT	{"を": ["INFO_LANGUAGE", "WORK"]}	{}	32
着生する	36	P	DECIDED	estimated	P_EXIST	gen_frame		P_EXIST	{"に": ["ARTIFACT", "PLACE", "PLANT"]}	{}	27
納税する	36	P	DECIDED	estimated	P_ACT	gen_frame		P_ACT	{"を": ["ABSTRACT", "QUANTITY"]}	{}	27
聴取する	36	P	DECIDED	estimated	P_PERCEIVE	gen_frame		P_PERCEIVE	{"を": ["ANIMAL", "GROUP_ORG", "INFO_LANGUAGE", "PERSON"]}	{}	24
肥厚する	36	P	DECIDED	estimated	P_CHANGE	gen_frame		P_CHANGE	{"が": ["BODY_PART", "STATE_PROPERTY"]}	{}	20
補填する	36	P	DECIDED	estimated	P_CHANGE	gen_frame		P_CHANGE	{"を": ["ABSTRACT", "ARTIFACT", "QUANTITY"]}	{}	20
軽視する	36	P	DECIDED	estimated	P_COGNITION	gen_frame		P_COGNITION	{"を": ["ABSTRACT", "EVENT_ACT", "STATE_PROPERTY"]}	{}	27
逆引きする	36	P	DECIDED	estimated	P_PERCEIVE	gen_frame		P_PERCEIVE	{"を": ["ABSTRACT", "INFO_LANGUAGE", "WORK"]}	{}	23
選果する	36	P	DECIDED	estimated	P_ACT	gen_frame		P_ACT	{"を": ["PLANT", "SUBSTANCE_FOOD"]}	{}	34
閉塞する	36	P	DECIDED	estimated	P_CHANGE	gen_frame		P_CHANGE	{"が": ["ARTIFACT", "BODY_PART", "PLACE"]}	{}	33
駆逐する	36	P	DECIDED	estimated	P_ACT	gen_frame	DISTRIBUTION_DISAGREES	P_ACT	{"を": ["ANIMAL", "GROUP_ORG", "PERSON"]}	{"role_distribution@jawiki": ["を"]}	36
高揚する	36	P	DECIDED	estimated	P_CHANGE	gen_frame		P_CHANGE	{"が": ["ABSTRACT", "STATE_PROPERTY"]}	{}	20
わくする	35	P	DECIDED	estimated	P_CHANGE	gen_frame		P_CHANGE	{"が": ["ABSTRACT", "STATE_PROPERTY"]}	{}	34
伝授する	35	P	DECIDED	estimated	P_COMMUNICATE	gen_frame		P_COMMUNICATE	{"に": ["GROUP_ORG", "PERSON"], "を": ["ABSTRACT", "INFO_LANGUAGE"]}	{}	33
切除する	35	P	DECIDED	estimated	P_ACT	gen_frame		P_ACT	{"を": ["ARTIFACT", "BODY_PART"]}	{}	27
加圧する	35	P	DECIDED	estimated	P_CHANGE	gen_frame		P_CHANGE	{"を": ["ARTIFACT", "BODY_PART", "SUBSTANCE_FOOD"]}	{}	27
助長する	35	P	DECIDED	estimated	P_CHANGE	gen_frame		P_CHANGE	{"を": ["ABSTRACT", "EVENT_ACT", "STATE_PROPERTY"]}	{}	30
名する	35	P	DECIDED	estimated	P_ACT	gen_frame		P_ACT	{"を": ["ABSTRACT", "GROUP_ORG", "PERSON"]}	{}	35
変容する	35	P	DECIDED	estimated	P_CHANGE	gen_frame		P_CHANGE	{"が": ["ABSTRACT", "EVENT_ACT", "STATE_PROPERTY"]}	{}	35
大喜びする	35	P	DECIDED	estimated	P_EMOTION	gen_frame		P_EMOTION	{"が": ["ABSTRACT", "EVENT_ACT", "STATE_PROPERTY"]}	{}	21
婚姻する	35	P	DECIDED	estimated	P_ACT	gen_frame		P_ACT	{"と": ["GROUP_ORG", "PERSON"]}	{}	22
志願する	35	P	DECIDED	estimated	P_ACT	gen_frame		P_ACT	{"に": ["ABSTRACT", "EVENT_ACT", "GROUP_ORG"]}	{}	34
投合する	35	P	DECIDED	estimated	P_STATE	gen_frame		P_STATE	{"と": ["GROUP_ORG", "PERSON"]}	{}	35
攪拌する	35	P	DECIDED	estimated	P_ACT	gen_frame		P_ACT	{"を": ["ARTIFACT", "SUBSTANCE_FOOD"]}	{}	22
沈降する	35	P	DECIDED	estimated	P_MOVE	gen_frame		P_MOVE	{"が": ["ARTIFACT", "PLACE", "SUBSTANCE_FOOD"]}	{}	20
治癒する	35	P	DECIDED	estimated	P_CHANGE	gen_frame		P_CHANGE	{"が": ["ANIMAL", "BODY_PART", "PERSON", "STATE_PROPERTY"]}	{}	34
泥はねする	35	P	DECIDED	estimated	P_ACT	gen_frame		P_ACT	{"を": ["ARTIFACT", "SUBSTANCE_FOOD"]}	{}	25
病没する	35	P	DECIDED	estimated	P_EXIST	gen_frame		P_EXIST	{"が": ["PERSON"]}	{}	35
立ちくらみする	35	P	DECIDED	estimated	P_CHANGE	gen_frame		P_CHANGE	{"が": ["BODY_PART", "PERSON", "STATE_PROPERTY"]}	{}	32
腕まくりする	35	P	DECIDED	estimated	P_ACT	gen_frame		P_ACT	{"を": ["ARTIFACT", "BODY_PART"]}	{}	23
賞する	35	P	DECIDED	estimated	P_COMMUNICATE	gen_frame		P_COMMUNICATE	{"を": ["ABSTRACT", "GROUP_ORG", "PERSON", "WORK"]}	{}	23
超越する	35	P	DECIDED	estimated	P_STATE	gen_frame		P_STATE	{"を": ["ABSTRACT", "EVENT_ACT", "STATE_PROPERTY"]}	{}	35
隔絶する	35	P	DECIDED	estimated	P_STATE	gen_frame		P_STATE	{"と": ["ARTIFACT", "GROUP_ORG", "PERSON", "PLACE"]}	{}	32
yieldする	34	P	UNPLACED							{}	33
くまする	34	P	UNPLACED							{}	34
つかする	34	P	UNPLACED							{}	34
つばする	34	P	UNPLACED							{}	34
べつする	34	P	UNPLACED							{}	34
みなとする	34	P	UNPLACED							{}	34
シミュレーションする	34	P	DECIDED	estimated	P_ACT	gen_frame		P_ACT	{"を": ["ABSTRACT", "EVENT_ACT"]}	{}	23
ハッシュする	34	P	DECIDED	estimated	P_CHANGE	gen_frame		P_CHANGE	{"を": ["ABSTRACT", "INFO_LANGUAGE"]}	{}	23
乳化する	34	P	DECIDED	estimated	P_CHANGE	gen_frame		P_CHANGE	{"が": ["SUBSTANCE_FOOD"], "を": ["SUBSTANCE_FOOD"]}	{}	26
交易する	34	P	DECIDED	estimated	P_GIVE	gen_frame		P_GIVE	{"と": ["GROUP_ORG", "PERSON"], "を": ["ABSTRACT", "ARTIFACT", "SUBSTANCE_FOOD"]}	{}	23
併置する	34	P	DECIDED	estimated	P_ACT	gen_frame		P_ACT	{"に": ["PLACE"], "を": ["ABSTRACT", "ARTIFACT", "PLACE"]}	{}	33
入厩する	34	P	DECIDED	estimated	P_MOVE	gen_frame		P_MOVE	{"に": ["ANIMAL", "PLACE"]}	{}	34
反撃する	34	P	DECIDED	estimated	P_ACT	gen_frame		P_ACT	{"に": ["GROUP_ORG", "PERSON"], "を": ["ANIMAL", "GROUP_ORG", "PERSON"]}	{}	20
固結する	34	P	DECIDED	estimated	P_CHANGE	gen_frame		P_CHANGE	{"が": ["SUBSTANCE_FOOD"]}	{}	22
奏上する	34	P	DECIDED	estimated	P_COMMUNICATE	gen_frame		P_COMMUNICATE	{"に": ["GROUP_ORG", "PERSON"], "を": ["INFO_LANGUAGE"]}	{}	21
子育てする	34	P	DECIDED	estimated	P_ACT	gen_frame		P_ACT	{"を": ["ANIMAL", "PERSON"]}	{}	25
屈曲する	34	P	DECIDED	estimated	P_CHANGE	gen_frame		P_CHANGE	{"が": ["ABSTRACT", "ARTIFACT", "BODY_PART"]}	{}	34
布教する	34	P	DECIDED	estimated	P_COMMUNICATE	gen_frame		P_COMMUNICATE	{"に": ["GROUP_ORG", "PERSON"], "を": ["ABSTRACT", "INFO_LANGUAGE"]}	{}	29
打ち合わせする	34	P	DECIDED	estimated	P_COMMUNICATE	gen_frame		P_COMMUNICATE	{"と": ["GROUP_ORG", "PERSON"], "を": ["ABSTRACT", "ARTIFACT", "EVENT_ACT"]}	{}	34
抜粋する	34	P	DECIDED	estimated	P_ACT	gen_frame		P_ACT	{"から": ["INFO_LANGUAGE", "WORK"], "を": ["ABSTRACT", "INFO_LANGUAGE", "WORK"]}	{}	32
披露目する	34	P	DECIDED	estimated	P_COMMUNICATE	gen_frame		P_COMMUNICATE	{"に": ["GROUP_ORG", "PERSON"], "を": ["ABSTRACT", "ARTIFACT", "WORK"]}	{}	27
捕縛する	34	P	DECIDED	estimated	P_ACT	gen_frame		P_ACT	{"を": ["ANIMAL", "PERSON"]}	{}	34
撫でする	34	P	DECIDED	estimated	P_ACT	gen_frame	DISTRIBUTION_DISAGREES	P_ACT	{"を": ["ANIMAL", "PERSON"]}	{"role_distribution@codex:pro": ["を"]}	20
枯死する	34	P	DECIDED	estimated	P_CHANGE	gen_frame		P_CHANGE	{"が": ["ANIMAL", "PLANT"]}	{}	33
直視する	34	P	DECIDED	estimated	P_PERCEIVE	gen_frame		P_PERCEIVE	{"を": ["ANIMAL", "EVENT_ACT", "PERSON"]}	{}	22
相手する	34	P	DECIDED	estimated	P_ACT	gen_frame		P_ACT	{"を": ["ABSTRACT", "EVENT_ACT", "GROUP_ORG", "PERSON"]}	{}	29
種まきする	34	P	DECIDED	estimated	P_ACT	gen_frame		P_ACT	{"に": ["PLACE"], "を": ["PLANT"]}	{}	31
積分する	34	P	DECIDED	estimated	P_ACT	gen_frame		P_ACT	{"を": ["ABSTRACT", "QUANTITY"]}	{}	22
統廃合する	34	P	DECIDED	estimated	P_CHANGE	gen_frame		P_CHANGE	{"を": ["ABSTRACT", "GROUP_ORG"]}	{}	34
縮約する	34	P	DECIDED	estimated	P_CHANGE	gen_frame		P_CHANGE	{"を": ["ABSTRACT", "INFO_LANGUAGE"]}	{}	26
自書する	34	P	DECIDED	estimated	P_CREATE	gen_frame	DISTRIBUTION_DISAGREES	P_CREATE	{"を": ["ABSTRACT", "INFO_LANGUAGE"]}	{"role_distribution@codex:general_qa": ["を"]}	33
草むしりする	34	P	DECIDED	estimated	P_ACT	gen_frame		P_ACT	{"を": ["PLACE", "PLANT"]}	{}	26
覚醒する	34	P	DECIDED	estimated	P_CHANGE	gen_frame		P_CHANGE	{"が": ["ANIMAL", "PERSON"]}	{}	24
講義する	34	P	DECIDED	direct	P_COMMUNICATE	gen_frame,role_distribution@jawiki		P_COMMUNICATE	{"に": ["GROUP_ORG", "PERSON"], "を": ["ABSTRACT", "INFO_LANGUAGE"]}	{"role_distribution@jawiki": ["を"]}	30
銃殺する	34	P	DECIDED	estimated	P_ACT	gen_frame		P_ACT	{"を": ["ANIMAL", "PERSON"]}	{}	34
錯綜する	34	P	DECIDED	estimated	P_STATE	gen_frame		P_STATE	{"が": ["ABSTRACT", "EVENT_ACT"]}	{}	28
香りする	34	P	DECIDED	estimated	P_EXIST	gen_frame		P_EXIST	{"が": ["NATURAL_PHENOMENON", "SUBSTANCE_FOOD"]}	{}	32
amendする	33	P	DECIDED	estimated	P_CHANGE	gen_frame		P_CHANGE	{"を": ["ABSTRACT", "INFO_LANGUAGE"]}	{}	33
れんらくする	33	P	DECIDED	estimated	P_COMMUNICATE	gen_frame		P_COMMUNICATE	{"に": ["GROUP_ORG", "PERSON"], "を": ["ABSTRACT", "INFO_LANGUAGE"]}	{}	33
スケーリングする	33	P	DECIDED	estimated	P_CHANGE	gen_frame		P_CHANGE	{"を": ["ABSTRACT", "ARTIFACT", "BODY_PART"]}	{}	29
バドミントンする	33	P	DECIDED	estimated	P_ACT	gen_frame		P_ACT	{"を": ["EVENT_ACT"]}	{}	29
プロットする	33	P	DECIDED	estimated	P_CREATE	gen_frame		P_CREATE	{"を": ["ABSTRACT", "EVENT_ACT", "WORK"]}	{}	31
リサイクルする	33	P	DECIDED	estimated	P_CHANGE	gen_frame		P_CHANGE	{"を": ["ARTIFACT", "SUBSTANCE_FOOD"]}	{}	21
一報する	33	P	DECIDED	estimated	P_COMMUNICATE	gen_frame		P_COMMUNICATE	{"に": ["GROUP_ORG", "PERSON"], "を": ["INFO_LANGUAGE"]}	{}	33
出没する	33	P	DECIDED	estimated	P_EXIST	gen_frame		P_EXIST	{"が": ["PLACE"], "に": ["ANIMAL", "PERSON"]}	{}	29
出陣する	33	P	DECIDED	estimated	P_MOVE	gen_frame		P_MOVE	{"に": ["EVENT_ACT", "PLACE"]}	{}	31
区分けする	33	P	DECIDED	estimated	P_CHANGE	gen_frame		P_CHANGE	{"を": ["ABSTRACT", "ARTIFACT"]}	{}	27
大勝する	33	P	DECIDED	estimated	P_ACT	gen_frame		P_ACT	{"に": ["GROUP_ORG", "PERSON"]}	{}	29
奉職する	33	P	DECIDED	estimated	P_ACT	gen_frame		P_ACT	{"に": ["GROUP_ORG", "PLACE"]}	{}	33
完投する	33	P	DECIDED	estimated	P_ACT	gen_frame		P_ACT	{"を": ["ABSTRACT", "EVENT_ACT"]}	{}	29
寄託する	33	P	DECIDED	estimated	P_GIVE	gen_frame		P_GIVE	{"に": ["GROUP_ORG", "PERSON"], "を": ["ABSTRACT", "ARTIFACT"]}	{}	29
採譜する	33	P	DECIDED	estimated	P_CREATE	gen_frame		P_CREATE	{"を": ["INFO_LANGUAGE", "WORK"]}	{}	21
推察する	33	P	DECIDED	estimated	P_COGNITION	gen_frame		P_COGNITION	{"を": ["ABSTRACT", "EVENT_ACT"]}	{}	33
格下げする	33	P	DECIDED	estimated	P_CHANGE	gen_frame		P_CHANGE	{"に": ["STATE_PROPERTY"], "を": ["ABSTRACT", "GROUP_ORG", "PERSON"]}	{}	32
棚卸しする	33	P	DECIDED	estimated	P_ACT	gen_frame		P_ACT	{"を": ["ARTIFACT"]}	{}	22
活着する	33	P	DECIDED	estimated	P_EXIST	gen_frame		P_EXIST	{"が": ["ANIMAL", "PLANT"], "に": ["PLACE", "SUBSTANCE_FOOD"]}	{}	22
混色する	33	P	DECIDED	estimated	P_CHANGE	gen_frame	DISTRIBUTION_DISAGREES	P_CHANGE	{"を": ["ARTIFACT", "SUBSTANCE_FOOD"]}	{"role_distribution@codex:general_qa": ["を"]}	26
絶縁する	33	P	DECIDED	estimated	P_CHANGE	gen_frame		P_CHANGE	{"と": ["GROUP_ORG", "PERSON"], "を": ["ARTIFACT", "BODY_PART"]}	{}	21
胴上げする	33	P	DECIDED	estimated	P_ACT	gen_frame		P_ACT	{"を": ["PERSON"]}	{}	33
自決する	33	P	DECIDED	estimated	P_ACT	gen_frame		P_ACT	{"を": ["PERSON"]}	{}	33
荷崩れする	33	P	DECIDED	estimated	P_CHANGE	gen_frame		P_CHANGE	{"が": ["ARTIFACT", "SUBSTANCE_FOOD"]}	{}	24
誘致する	33	P	DECIDED	estimated	P_ACT	gen_frame		P_ACT	{"に": ["PLACE"], "を": ["GROUP_ORG", "PERSON"]}	{}	33
走破する	33	P	DECIDED	estimated	P_MOVE	gen_frame		P_MOVE	{"を": ["EVENT_ACT", "PLACE"]}	{}	33
輪唱する	33	P	DECIDED	estimated	P_COMMUNICATE	gen_frame		P_COMMUNICATE	{"を": ["INFO_LANGUAGE", "WORK"]}	{}	25
追究する	33	P	DECIDED	estimated	P_COGNITION	gen_frame		P_COGNITION	{"を": ["ABSTRACT", "EVENT_ACT"]}	{}	33
退却する	33	P	DECIDED	estimated	P_MOVE	gen_frame		P_MOVE	{"から": ["GROUP_ORG", "PLACE"], "へ": ["PLACE"]}	{}	27
邦訳する	33	P	DECIDED	estimated	P_CREATE	gen_frame		P_CREATE	{"を": ["INFO_LANGUAGE", "WORK"]}	{}	33
長話する	33	P	DECIDED	estimated	P_COMMUNICATE	gen_frame		P_COMMUNICATE	{"と": ["GROUP_ORG", "PERSON"]}	{}	23
げんこうする	32	P	UNPLACED							{}	32
こおりする	32	P	UNPLACED							{}	30
みどりする	32	P	UNPLACED							{}	31
キックする	32	P	DECIDED	estimated	P_ACT	gen_frame		P_ACT	{"を": ["ARTIFACT", "BODY_PART"]}	{}	20
コンタクトする	32	P	DECIDED	estimated	P_COMMUNICATE	gen_frame		P_COMMUNICATE	{"に": ["GROUP_ORG", "PERSON"], "を": ["ARTIFACT", "INFO_LANGUAGE"]}	{}	25
スルーする	32	P	DECIDED	estimated	P_ACT	gen_frame		P_ACT	{"を": ["ARTIFACT", "EVENT_ACT", "INFO_LANGUAGE"]}	{}	23
ブレークする	32	P	DECIDED	estimated	P_CHANGE	gen_frame		P_CHANGE	{"が": ["ABSTRACT", "EVENT_ACT"]}	{}	26
予洗いする	32	P	DECIDED	estimated	P_CONSUME	gen_frame		P_CONSUME	{"を": ["ARTIFACT", "SUBSTANCE_FOOD"]}	{}	22
偽造する	32	P	DECIDED	estimated	P_CREATE	gen_frame		P_CREATE	{"を": ["ARTIFACT", "IDENTIFIER", "INFO_LANGUAGE"]}	{}	20
共謀する	32	P	DECIDED	estimated	P_ACT	gen_frame		P_ACT	{"と": ["GROUP_ORG", "PERSON"], "を": ["EVENT_ACT"]}	{}	32
兼用する	32	P	DECIDED	estimated	P_ACT	gen_frame		P_ACT	{"に": ["ABSTRACT", "EVENT_ACT"], "を": ["ABSTRACT", "ARTIFACT"]}	{}	20
割りする	32	P	DECIDED	estimated	P_CHANGE	gen_frame		P_CHANGE	{"を": ["ARTIFACT", "QUANTITY", "SUBSTANCE_FOOD"]}	{}	31
叙述する	32	P	DECIDED	estimated	P_COMMUNICATE	gen_frame		P_COMMUNICATE	{"を": ["ABSTRACT", "EVENT_ACT", "INFO_LANGUAGE"]}	{}	30
否認する	32	P	DECIDED	estimated	P_COGNITION	gen_frame		P_COGNITION	{"を": ["ABSTRACT", "INFO_LANGUAGE"]}	{}	31
嘱望する	32	P	DECIDED	estimated	P_COGNITION	gen_frame		P_COGNITION	{"を": ["ABSTRACT", "GROUP_ORG", "PERSON"]}	{}	32
女装する	32	P	DECIDED	estimated	P_ACT	gen_frame		P_ACT	{"を": ["ARTIFACT"]}	{}	32
強奪する	32	P	DECIDED	estimated	P_GIVE	gen_frame		P_GIVE	{"を": ["ARTIFACT", "QUANTITY", "SUBSTANCE_FOOD"]}	{}	32
惨敗する	32	P	DECIDED	estimated	P_ACT	gen_frame		P_ACT	{"に": ["GROUP_ORG", "PERSON"]}	{}	32
指向する	32	P	DECIDED	estimated	P_STATE	gen_frame		P_STATE	{"を": ["ABSTRACT", "STATE_PROPERTY"]}	{}	32
摘出する	32	P	DECIDED	estimated	P_ACT	gen_frame		P_ACT	{"を": ["ARTIFACT", "BODY_PART", "SUBSTANCE_FOOD"]}	{}	32
救護する	32	P	DECIDED	estimated	P_GIVE	gen_frame		P_GIVE	{"を": ["ANIMAL", "PERSON"]}	{}	31
是正する	32	P	DECIDED	estimated	P_CHANGE	gen_frame		P_CHANGE	{"を": ["ABSTRACT", "STATE_PROPERTY"]}	{}	29
時間する	32	P	UNPLACED							{}	23
死傷する	32	P	DECIDED	estimated	P_STATE	gen_frame		P_STATE	{"が": ["ANIMAL", "PERSON"]}	{}	28
水切れする	32	P	UNPLACED							{}	20
獄死する	32	P	DECIDED	estimated	P_ACT	gen_frame		P_ACT	{"で": ["PLACE"]}	{}	32
究明する	32	P	DECIDED	estimated	P_COGNITION	gen_frame		P_COGNITION	{"を": ["ABSTRACT", "EVENT_ACT"]}	{}	32
買い出しする	32	P	DECIDED	estimated	P_MOVE	gen_frame		P_MOVE	{"を": ["ARTIFACT", "SUBSTANCE_FOOD"]}	{}	32
離反する	32	P	DECIDED	estimated	P_CHANGE	gen_frame		P_CHANGE	{"に": ["ABSTRACT", "GROUP_ORG", "PERSON"]}	{}	29
飛翔する	32	P	DECIDED	estimated	P_MOVE	gen_frame		P_MOVE	{"を": ["NATURAL_PHENOMENON", "PLACE"]}	{}	27
鼓舞する	32	P	DECIDED	estimated	P_COMMUNICATE	gen_frame		P_COMMUNICATE	{"を": ["GROUP_ORG", "PERSON"]}	{}	26
いくらする	31	P	DECIDED	estimated	P_STATE	gen_frame		P_STATE	{"が": ["QUANTITY"]}	{}	23
うみする	31	P	UNPLACED							{}	30
くらする	31	P	UNPLACED							{}	31
ぐちする	31	P	UNPLACED							{}	31
こうせいする	31	P	UNPLACED							{}	31
ふっこうする	31	P	UNPLACED							{}	31
コラボする	31	P	DECIDED	estimated	P_ACT	gen_frame		P_ACT	{"と": ["GROUP_ORG", "PERSON"]}	{}	31
ステージングする	31	P	DECIDED	estimated	P_ACT	gen_frame		P_ACT	{"を": ["ABSTRACT", "EVENT_ACT"]}	{}	29
スプレーする	31	P	DECIDED	estimated	P_ACT	gen_frame		P_ACT	{"を": ["ARTIFACT", "SUBSTANCE_FOOD"]}	{}	27
ハイジャックする	31	P	DECIDED	estimated	P_ACT	gen_frame		P_ACT	{"を": ["ARTIFACT"]}	{}	30
フィニッシュする	31	P	DECIDED	estimated	P_ACT	gen_frame		P_ACT	{"を": ["ARTIFACT", "EVENT_ACT"]}	{}	20
仮託する	31	P	DECIDED	estimated	P_ACT	gen_frame		P_ACT	{"を": ["ABSTRACT", "GROUP_ORG", "INFO_LANGUAGE", "PERSON"]}	{}	29
入局する	31	P	DECIDED	estimated	P_MOVE	gen_frame		P_MOVE	{"に": ["GROUP_ORG", "PLACE"]}	{}	31
全焼する	31	P	DECIDED	estimated	P_CHANGE	gen_frame		P_CHANGE	{"が": ["ARTIFACT", "PLACE"]}	{}	28
分村する	31	P	DECIDED	estimated	P_CREATE	gen_frame		P_CREATE	{"に": ["PLACE"], "を": ["GROUP_ORG", "PERSON"]}	{}	31
分流する	31	P	DECIDED	estimated	P_MOVE	gen_frame		P_MOVE	{"から": ["NATURAL_PHENOMENON", "SUBSTANCE_FOOD"], "へ": ["PLACE"]}	{}	21
告訴する	31	P	DECIDED	estimated	P_COMMUNICATE	gen_frame		P_COMMUNICATE	{"を": ["GROUP_ORG", "PERSON"]}	{}	23
圧勝する	31	P	DECIDED	estimated	P_GIVE	gen_frame		P_GIVE	{"に": ["GROUP_ORG", "PERSON"]}	{}	31
安売りする	31	P	DECIDED	estimated	P_GIVE	gen_frame		P_GIVE	{"を": ["ARTIFACT", "SUBSTANCE_FOOD"]}	{}	24
左遷する	31	P	DECIDED	estimated	P_MOVE	gen_frame		P_MOVE	{"へ": ["GROUP_ORG", "PLACE"], "を": ["PERSON"]}	{}	27
帰着する	31	P	DECIDED	estimated	P_MOVE	gen_frame		P_MOVE	{"に": ["ABSTRACT", "PLACE"]}	{}	23
常設する	31	P	DECIDED	estimated	P_CREATE	gen_frame		P_CREATE	{"を": ["ARTIFACT", "EVENT_ACT", "PLACE"]}	{}	22
強姦する	31	P	DECIDED	estimated	P_ACT	gen_frame		P_ACT	{"を": ["PERSON"]}	{}	31
徴兵する	31	P	DECIDED	estimated	P_ACT	gen_frame		P_ACT	{"を": ["PERSON"]}	{}	28
拍動する	31	P	DECIDED	estimated	P_STATE	gen_frame		P_STATE	{"が": ["BODY_PART"]}	{}	25
損壊する	31	P	DECIDED	estimated	P_CHANGE	gen_frame		P_CHANGE	{"を": ["ABSTRACT", "ARTIFACT", "PLACE"]}	{}	26
早歩きする	31	P	DECIDED	estimated	P_MOVE	gen_frame		P_MOVE	{"で": ["PLACE"]}	{}	27
暗躍する	31	P	DECIDED	estimated	P_ACT	gen_frame		P_ACT	{"で": ["PLACE"]}	{}	31
減便する	31	P	DECIDED	estimated	P_CHANGE	gen_frame		P_CHANGE	{"が": ["ARTIFACT", "EVENT_ACT"]}	{}	26
着床する	31	P	DECIDED	estimated	P_EXIST	gen_frame		P_EXIST	{"が": ["BODY_PART"]}	{}	26
破砕する	31	P	DECIDED	estimated	P_CHANGE	gen_frame		P_CHANGE	{"を": ["ARTIFACT", "SUBSTANCE_FOOD"]}	{}	25
簒奪する	31	P	DECIDED	estimated	P_GIVE	gen_frame		P_GIVE	{"を": ["ABSTRACT", "ARTIFACT", "GROUP_ORG"]}	{}	31
組成する	31	P	DECIDED	estimated	P_CREATE	gen_frame		P_CREATE	{"を": ["ABSTRACT", "SUBSTANCE_FOOD"]}	{}	28
繁茂する	31	P	DECIDED	estimated	P_EXIST	gen_frame		P_EXIST	{"が": ["PLANT"]}	{}	26
造形する	31	P	DECIDED	estimated	P_CREATE	gen_frame		P_CREATE	{"を": ["ARTIFACT", "WORK"]}	{}	23
露見する	31	P	DECIDED	estimated	P_COGNITION	gen_frame		P_COGNITION	{"が": ["ABSTRACT", "EVENT_ACT", "INFO_LANGUAGE"]}	{}	30
かずする	30	P	UNPLACED							{}	30
やなぎする	30	P	UNPLACED							{}	30
インタビューする	30	P	DECIDED	estimated	P_COMMUNICATE	gen_frame		P_COMMUNICATE	{"と": ["PERSON"], "に": ["PERSON"]}	{}	22
サプライズする	30	P	DECIDED	estimated	P_CREATE	gen_frame		P_CREATE	{"を": ["GROUP_ORG", "PERSON"]}	{}	30
ハウリングする	30	P	DECIDED	estimated	P_ACT	gen_frame		P_ACT	{"が": ["ANIMAL", "ARTIFACT"]}	{}	23
下向する	30	P	DECIDED	estimated	P_MOVE	gen_frame		P_MOVE	{"に": ["PLACE"]}	{}	29
入封する	30	P	DECIDED	estimated	P_MOVE	gen_frame		P_MOVE	{"に": ["PLACE"]}	{}	30
分譲する	30	P	DECIDED	estimated	P_GIVE	gen_frame		P_GIVE	{"に": ["GROUP_ORG", "PERSON"], "を": ["ARTIFACT", "PLACE"]}	{}	30
創案する	30	P	DECIDED	estimated	P_CREATE	gen_frame		P_CREATE	{"を": ["ABSTRACT", "WORK"]}	{}	30
即決する	30	P	DECIDED	estimated	P_COGNITION	gen_frame		P_COGNITION	{"を": ["ABSTRACT", "EVENT_ACT"]}	{}	22
寵愛する	30	P	DECIDED	estimated	P_EMOTION	gen_frame		P_EMOTION	{"を": ["PERSON"]}	{}	30
息継ぎする	30	P	DECIDED	estimated	P_ACT	gen_frame		P_ACT	{"を": ["BODY_PART"]}	{}	27
憑依する	30	P	DECIDED	estimated	P_EXIST	gen_frame		P_EXIST	{"に": ["ANIMAL", "PERSON"]}	{}	30
抑留する	30	P	DECIDED	estimated	P_MOVE	gen_frame		P_MOVE	{"を": ["PERSON"]}	{}	30
捏造する	30	P	DECIDED	estimated	P_CREATE	gen_frame		P_CREATE	{"を": ["ABSTRACT", "INFO_LANGUAGE", "WORK"]}	{}	27
採録する	30	P	DECIDED	estimated	P_CREATE	gen_frame		P_CREATE	{"を": ["EVENT_ACT", "INFO_LANGUAGE", "WORK"]}	{}	29
推挙する	30	P	DECIDED	estimated	P_GIVE	gen_frame		P_GIVE	{"を": ["GROUP_ORG", "PERSON"]}	{}	30
摂食する	30	P	DECIDED	estimated	P_CONSUME	gen_frame		P_CONSUME	{"を": ["ANIMAL", "SUBSTANCE_FOOD"]}	{}	28
改稿する	30	P	DECIDED	estimated	P_CREATE	gen_frame		P_CREATE	{"を": ["INFO_LANGUAGE", "WORK"]}	{}	28
求愛する	30	P	DECIDED	estimated	P_ACT	gen_frame		P_ACT	{"に": ["ANIMAL", "PERSON"]}	{}	23
漢訳する	30	P	DECIDED	estimated	P_COMMUNICATE	gen_frame		P_COMMUNICATE	{"を": ["INFO_LANGUAGE", "WORK"]}	{}	29
灌漑する	30	P	DECIDED	estimated	P_ACT	gen_frame		P_ACT	{"を": ["PLACE", "PLANT", "SUBSTANCE_FOOD"]}	{}	20
特記する	30	P	DECIDED	estimated	P_COMMUNICATE	gen_frame		P_COMMUNICATE	{"を": ["ABSTRACT", "EVENT_ACT", "INFO_LANGUAGE"]}	{}	30
被覆する	30	P	DECIDED	estimated	P_CHANGE	gen_frame		P_CHANGE	{"を": ["ARTIFACT", "BODY_PART", "PLACE"]}	{}	28
訳する	30	P	DECIDED	estimated	P_COMMUNICATE	gen_frame		P_COMMUNICATE	{"を": ["INFO_LANGUAGE", "WORK"]}	{}	21
近侍する	30	P	DECIDED	estimated	P_ACT	gen_frame		P_ACT	{"に": ["GROUP_ORG", "PERSON"]}	{}	30
除籍する	30	P	DECIDED	estimated	P_CHANGE	gen_frame		P_CHANGE	{"から": ["GROUP_ORG", "PERSON"], "を": ["GROUP_ORG", "PERSON"]}	{}	27
音読みする	30	P	DECIDED	estimated	P_COGNITION	gen_frame		P_COGNITION	{"を": ["INFO_LANGUAGE"]}	{}	26
飛び火する	30	P	DECIDED	estimated	P_MOVE	gen_frame		P_MOVE	{"が": ["NATURAL_PHENOMENON"], "に": ["PLACE"]}	{}	29
えきする	29	P	UNPLACED							{}	28
おつする	29	P	UNPLACED							{}	29
かがくする	29	P	UNPLACED							{}	29
くろする	29	P	UNPLACED							{}	29
こえする	29	P	UNPLACED							{}	28
たいこうする	29	P	DECIDED	estimated	P_STATE	gen_frame		P_STATE	{"と": ["ABSTRACT", "EVENT_ACT"]}	{}	29
てんせいする	29	P	DECIDED	estimated	P_CHANGE	gen_frame		P_CHANGE	{"に": ["GROUP_ORG", "PERSON"]}	{}	29
みねする	29	P	UNPLACED							{}	29
わたする	29	P	DECIDED	estimated	P_GIVE	gen_frame		P_GIVE	{"を": ["ARTIFACT", "SUBSTANCE_FOOD"]}	{}	21
ヒリヒリする	29	P	DECIDED	estimated	P_STATE	gen_frame		P_STATE		{}	23
任用する	29	P	DECIDED	estimated	P_GIVE	gen_frame		P_GIVE	{"を": ["GROUP_ORG", "PERSON"]}	{}	27
入省する	29	P	DECIDED	estimated	P_MOVE	gen_frame		P_MOVE	{"に": ["GROUP_ORG", "PLACE"]}	{}	29
全通する	29	P	DECIDED	estimated	P_STATE	gen_frame		P_STATE	{"が": ["ARTIFACT", "PLACE"]}	{}	29
内接する	29	P	DECIDED	estimated	P_STATE	gen_frame		P_STATE	{"に": ["ABSTRACT", "ARTIFACT"]}	{}	29
合着する	29	P	DECIDED	estimated	P_CHANGE	gen_frame		P_CHANGE	{"と": ["ARTIFACT", "SUBSTANCE_FOOD"]}	{}	28
守備する	29	P	DECIDED	estimated	P_ACT	gen_frame		P_ACT	{"を": ["ARTIFACT", "PLACE"]}	{}	24
山歩きする	29	P	DECIDED	estimated	P_MOVE	gen_frame		P_MOVE	{"を": ["PLACE"]}	{}	20
徒長する	29	P	DECIDED	estimated	P_CHANGE	gen_frame		P_CHANGE	{"が": ["PLANT"]}	{}	29
扶養する	29	P	DECIDED	estimated	P_GIVE	gen_frame		P_GIVE	{"を": ["ANIMAL", "PERSON"]}	{}	24
教化する	29	P	DECIDED	estimated	P_CHANGE	gen_frame		P_CHANGE	{"を": ["GROUP_ORG", "PERSON"]}	{}	29
施肥する	29	P	DECIDED	estimated	P_ACT	gen_frame		P_ACT	{"に": ["PLACE", "PLANT"]}	{}	20
検定する	29	P	DECIDED	estimated	P_COGNITION	gen_frame		P_COGNITION	{"を": ["ABSTRACT", "ARTIFACT", "PERSON"]}	{}	23
渡しする	29	P	DECIDED	estimated	P_GIVE	gen_frame		P_GIVE	{"を": ["ARTIFACT", "SUBSTANCE_FOOD"]}	{}	28
渾名する	29	P	DECIDED	estimated	P_CREATE	gen_frame		P_CREATE	{"を": ["ANIMAL", "PERSON"]}	{}	29
溺死する	29	P	DECIDED	estimated	P_STATE	gen_frame		P_STATE	{"で": ["ANIMAL", "PERSON"]}	{}	29
漏洩する	29	P	DECIDED	estimated	P_MOVE	gen_frame		P_MOVE	{"から": ["ARTIFACT", "PLACE"], "が": ["INFO_LANGUAGE"]}	{}	29
発出する	29	P	DECIDED	estimated	P_COMMUNICATE	gen_frame		P_COMMUNICATE	{"を": ["ABSTRACT", "INFO_LANGUAGE"]}	{}	29
砲撃する	29	P	DECIDED	estimated	P_ACT	gen_frame		P_ACT	{"を": ["ARTIFACT", "PLACE"]}	{}	24
称揚する	29	P	DECIDED	estimated	P_COMMUNICATE	gen_frame		P_COMMUNICATE	{"を": ["ABSTRACT", "PERSON"]}	{}	29
糊化する	29	P	DECIDED	estimated	P_CHANGE	gen_frame		P_CHANGE	{"が": ["SUBSTANCE_FOOD"]}	{}	24
絵付けする	29	P	DECIDED	estimated	P_CREATE	gen_frame		P_CREATE	{"に": ["ARTIFACT", "WORK"]}	{}	24
線引きする	29	P	DECIDED	estimated	P_ACT	gen_frame		P_ACT	{"を": ["ABSTRACT", "ARTIFACT"]}	{}	25
縦走する	29	P	DECIDED	estimated	P_MOVE	gen_frame		P_MOVE	{"を": ["PLACE"]}	{}	26
蓋する	29	P	DECIDED	estimated	P_STATE	gen_frame		P_STATE	{"を": ["ARTIFACT", "PLACE"]}	{}	26
閉山する	29	P	DECIDED	estimated	P_CHANGE	gen_frame		P_CHANGE	{"が": ["PLACE"]}	{}	26
開口する	29	P	DECIDED	estimated	P_CHANGE	gen_frame		P_CHANGE	{"が": ["ARTIFACT", "BODY_PART"]}	{}	27
UPDATEする	28	P	DECIDED	estimated	P_ACT	gen_frame		P_ACT	{"を": ["ABSTRACT", "INFO_LANGUAGE"]}	{}	27
closeする	28	P	DECIDED	estimated	P_ACT	gen_frame		P_ACT	{"を": ["ARTIFACT", "GROUP_ORG", "PLACE"]}	{}	23
settleする	28	P	DECIDED	estimated	P_CHANGE	gen_frame		P_CHANGE	{"を": ["ABSTRACT", "ARTIFACT", "PLACE"]}	{}	28
えいせいする	28	P	UNPLACED							{}	28
おやまする	28	P	UNPLACED							{}	28
おんがくする	28	P	DECIDED	estimated	P_CREATE	gen_frame		P_CREATE	{"を": ["EVENT_ACT", "WORK"]}	{}	28
だいがくする	28	P	UNPLACED							{}	28
はたする	28	P	DECIDED	estimated	P_ACT	gen_frame		P_ACT	{"を": ["ABSTRACT", "ARTIFACT", "EVENT_ACT"]}	{}	28
リマスターする	28	P	DECIDED	estimated	P_CREATE	gen_frame		P_CREATE	{"を": ["ARTIFACT", "WORK"]}	{}	28
交雑する	28	P	DECIDED	estimated	P_CREATE	gen_frame		P_CREATE	{"が": ["ANIMAL", "PLANT"], "と": ["ANIMAL", "PLANT"]}	{}	23
作画する	28	P	DECIDED	estimated	P_CREATE	gen_frame	DISTRIBUTION_DISAGREES	P_CREATE	{"を": ["ARTIFACT", "INFO_LANGUAGE", "WORK"]}	{"role_distribution@jawiki": ["が", "を"]}	28
先住する	28	P	DECIDED	estimated	P_EXIST	gen_frame		P_EXIST	{"に": ["PLACE"]}	{}	28
凝集する	28	P	DECIDED	estimated	P_CHANGE	gen_frame		P_CHANGE	{"が": ["ABSTRACT", "SUBSTANCE_FOOD"]}	{}	20
出兵する	28	P	DECIDED	estimated	P_MOVE	gen_frame		P_MOVE	{"に": ["GROUP_ORG", "PLACE"], "を": ["ARTIFACT", "GROUP_ORG"]}	{}	24
召喚する	28	P	DECIDED	estimated	P_GIVE	gen_frame		P_GIVE	{"を": ["ANIMAL", "GROUP_ORG", "PERSON"]}	{}	26
変革する	28	P	DECIDED	estimated	P_CHANGE	gen_frame		P_CHANGE	{"を": ["ABSTRACT", "GROUP_ORG", "STATE_PROPERTY"]}	{}	26
排斥する	28	P	DECIDED	estimated	P_ACT	gen_frame		P_ACT	{"を": ["GROUP_ORG", "PERSON"]}	{}	25
改番する	28	P	DECIDED	estimated	P_CHANGE	gen_frame		P_CHANGE	{"を": ["ARTIFACT", "IDENTIFIER"]}	{}	28
日する	28	P	DECIDED	estimated	P_ACT	gen_frame		P_ACT	{"を": ["EVENT_ACT", "TIME"]}	{}	21
曳航する	28	P	DECIDED	estimated	P_MOVE	gen_frame		P_MOVE	{"から": ["PLACE"], "へ": ["PLACE"], "を": ["ARTIFACT"]}	{}	22
服薬する	28	P	DECIDED	estimated	P_CONSUME	gen_frame		P_CONSUME	{"を": ["SUBSTANCE_FOOD"]}	{}	21
横行する	28	P	DECIDED	estimated	P_ACT	gen_frame		P_ACT	{"を": ["ABSTRACT", "GROUP_ORG", "PLACE"]}	{}	28
毎週する	28	P	DECIDED	estimated	P_ACT	gen_frame		P_ACT	{"を": ["ABSTRACT", "EVENT_ACT"]}	{}	28
混用する	28	P	DECIDED	estimated	P_ACT	gen_frame		P_ACT	{"を": ["ARTIFACT", "INFO_LANGUAGE", "SUBSTANCE_FOOD"]}	{}	21
続発する	28	P	DECIDED	estimated	P_EXIST	gen_frame		P_EXIST	{"が": ["EVENT_ACT"]}	{}	28
脱却する	28	P	DECIDED	estimated	P_CHANGE	gen_frame		P_CHANGE	{"から": ["ABSTRACT", "PLACE", "STATE_PROPERTY"]}	{}	28
蒐集する	28	P	DECIDED	estimated	P_ACT	gen_frame		P_ACT	{"を": ["ARTIFACT", "INFO_LANGUAGE", "WORK"]}	{}	28
虐待する	28	P	DECIDED	estimated	P_ACT	gen_frame		P_ACT	{"を": ["ANIMAL", "PERSON"]}	{}	24
衰弱する	28	P	DECIDED	estimated	P_CHANGE	gen_frame		P_CHANGE	{"が": ["ANIMAL", "BODY_PART", "PERSON"]}	{}	20
解禁する	28	P	DECIDED	estimated	P_CHANGE	gen_frame		P_CHANGE	{"を": ["ABSTRACT", "ARTIFACT", "EVENT_ACT"]}	{}	27
解離する	28	P	DECIDED	estimated	P_CHANGE	gen_frame		P_CHANGE	{"が": ["ABSTRACT", "BODY_PART", "SUBSTANCE_FOOD"]}	{}	27
読了する	28	P	DECIDED	estimated	P_CONSUME	gen_frame		P_CONSUME	{"を": ["ARTIFACT", "INFO_LANGUAGE", "WORK"]}	{}	23
貿易する	28	P	DECIDED	estimated	P_GIVE	gen_frame		P_GIVE	{"を": ["ABSTRACT", "ARTIFACT", "SUBSTANCE_FOOD"]}	{}	25
述懐する	28	P	DECIDED	estimated	P_COMMUNICATE	gen_frame		P_COMMUNICATE	{"を": ["ABSTRACT", "EVENT_ACT", "INFO_LANGUAGE"]}	{}	28
間延びする	28	P	DECIDED	estimated	P_STATE	gen_frame		P_STATE	{"が": ["STATE_PROPERTY", "TIME"]}	{}	21
poisonする	27	P	UNPLACED							{}	27
ぎじゅつする	27	P	UNPLACED							{}	27
さぎする	27	P	DECIDED	estimated	P_COMMUNICATE	gen_frame		P_COMMUNICATE	{"を": ["ABSTRACT", "GROUP_ORG", "PERSON"]}	{}	27
しゅうかんする	27	P	DECIDED	estimated	P_ACT	gen_frame		P_ACT	{"を": ["ABSTRACT", "STATE_PROPERTY"]}	{}	27
たこ焼きする	27	P	DECIDED	estimated	P_CONSUME	gen_frame		P_CONSUME	{"を": ["EVENT_ACT", "SUBSTANCE_FOOD"]}	{}	27
アプローチする	27	P	DECIDED	estimated	P_ACT	gen_frame		P_ACT	{"に": ["GROUP_ORG", "PERSON", "PLACE"], "を": ["ABSTRACT", "ARTIFACT", "EVENT_ACT"]}	{}	27
付設する	27	P	DECIDED	estimated	P_CREATE	gen_frame		P_CREATE	{"を": ["ARTIFACT", "PLACE"]}	{}	27
休校する	27	P	DECIDED	estimated	P_STATE	gen_frame		P_STATE	{"が": ["GROUP_ORG", "PLACE"]}	{}	24
判決する	27	P	DECIDED	estimated	P_ACT	gen_frame		P_ACT	{"に": ["GROUP_ORG", "PERSON"]}	{}	25
喧伝する	27	P	DECIDED	estimated	P_COMMUNICATE	gen_frame		P_COMMUNICATE	{"を": ["ABSTRACT", "INFO_LANGUAGE"]}	{}	27
堕落する	27	P	DECIDED	estimated	P_CHANGE	gen_frame		P_CHANGE	{"が": ["GROUP_ORG", "PERSON"]}	{}	27
声する	27	P	UNPLACED							{}	21
失明する	27	P	DECIDED	estimated	P_CHANGE	gen_frame		P_CHANGE	{"が": ["ANIMAL", "PERSON"]}	{}	27
忌避する	27	P	DECIDED	estimated	P_ACT	gen_frame		P_ACT	{"を": ["ABSTRACT", "EVENT_ACT", "PERSON"]}	{}	27
手続する	27	P	DECIDED	estimated	P_ACT	gen_frame		P_ACT	{"を": ["ABSTRACT", "EVENT_ACT"]}	{}	27
押しする	27	P	UNPLACED							{}	21
推戴する	27	P	DECIDED	estimated	P_ACT	gen_frame		P_ACT	{"を": ["GROUP_ORG", "PERSON"]}	{}	27
敗走する	27	P	DECIDED	estimated	P_MOVE	gen_frame		P_MOVE	{"から": ["PLACE"], "が": ["GROUP_ORG", "PERSON"]}	{}	25
映えする	27	P	UNPLACED							{}	21
架設する	27	P	DECIDED	estimated	P_CREATE	gen_frame		P_CREATE	{"を": ["ARTIFACT", "PLACE"]}	{}	27
欠如する	27	P	DECIDED	estimated	P_EXIST	gen_frame		P_EXIST	{"が": ["ABSTRACT", "STATE_PROPERTY"]}	{}	21
混和する	27	P	DECIDED	estimated	P_CHANGE	gen_frame		P_CHANGE	{"を": ["ABSTRACT", "SUBSTANCE_FOOD"]}	{}	25
減量する	27	P	DECIDED	estimated	P_CHANGE	gen_frame		P_CHANGE	{"を": ["QUANTITY", "SUBSTANCE_FOOD"]}	{}	20
濾過する	27	P	DECIDED	estimated	P_ACT	gen_frame		P_ACT	{"を": ["SUBSTANCE_FOOD"]}	{}	21
現生する	27	P	UNPLACED							{}	26
発議する	27	P	DECIDED	estimated	P_COMMUNICATE	gen_frame		P_COMMUNICATE	{"を": ["ABSTRACT", "EVENT_ACT"]}	{}	24
答申する	27	P	DECIDED	estimated	P_COMMUNICATE	gen_frame		P_COMMUNICATE	{"に": ["GROUP_ORG"], "を": ["ABSTRACT", "EVENT_ACT"]}	{}	27
聴診する	27	P	DECIDED	estimated	P_PERCEIVE	gen_frame		P_PERCEIVE	{"を": ["BODY_PART"]}	{}	26
落城する	27	P	DECIDED	estimated	P_CHANGE	gen_frame		P_CHANGE	{"が": ["ARTIFACT", "PLACE"]}	{}	24
賛美する	27	P	DECIDED	estimated	P_EMOTION	gen_frame		P_EMOTION	{"を": ["ABSTRACT", "GROUP_ORG", "PERSON", "WORK"]}	{}	27
躍進する	27	P	DECIDED	estimated	P_CHANGE	gen_frame		P_CHANGE	{"が": ["ABSTRACT", "GROUP_ORG", "PERSON"]}	{}	27
迎撃する	27	P	DECIDED	estimated	P_ACT	gen_frame		P_ACT	{"を": ["ARTIFACT", "GROUP_ORG", "PERSON"]}	{}	25
酷評する	27	P	DECIDED	estimated	P_COMMUNICATE	gen_frame		P_COMMUNICATE	{"を": ["ABSTRACT", "EVENT_ACT", "WORK"]}	{}	27
開基する	27	P	DECIDED	estimated	P_CREATE	gen_frame		P_CREATE	{"を": ["ABSTRACT", "PLACE"]}	{}	27
難破する	27	P	DECIDED	estimated	P_STATE	gen_frame		P_STATE	{"が": ["ARTIFACT", "PLACE"]}	{}	26
麻痺する	27	P	DECIDED	estimated	P_CHANGE	gen_frame		P_CHANGE	{"が": ["ANIMAL", "BODY_PART", "PERSON"]}	{}	23
あさひする	26	P	UNPLACED							{}	26
おしっこする	26	P	DECIDED	estimated	P_CONSUME	gen_frame		P_CONSUME	{"を": ["SUBSTANCE_FOOD"]}	{}	24
つうしんする	26	P	DECIDED	estimated	P_COMMUNICATE	gen_frame		P_COMMUNICATE	{"と": ["GROUP_ORG", "PERSON"]}	{}	26
つぎする	26	P	UNPLACED							{}	26
らいする	26	P	UNPLACED							{}	25
わきする	26	P	UNPLACED							{}	26
ツアーする	26	P	DECIDED	estimated	P_MOVE	gen_frame		P_MOVE	{"を": ["EVENT_ACT", "PLACE"]}	{}	25
交叉する	26	P	DECIDED	estimated	P_CHANGE	gen_frame		P_CHANGE	{"を": ["ABSTRACT", "ARTIFACT"]}	{}	26
会合する	26	P	DECIDED	estimated	P_ACT	gen_frame		P_ACT	{"が": ["GROUP_ORG", "PERSON"], "で": ["PLACE"]}	{}	26
併発する	26	P	DECIDED	estimated	P_EXIST	gen_frame		P_EXIST	{"が": ["NATURAL_PHENOMENON", "STATE_PROPERTY"]}	{}	26
出向する	26	P	DECIDED	estimated	P_MOVE	gen_frame		P_MOVE	{"から": ["GROUP_ORG", "PLACE"], "へ": ["PLACE"]}	{}	25
収拾する	26	P	DECIDED	estimated	P_ACT	gen_frame		P_ACT	{"を": ["ABSTRACT", "EVENT_ACT"]}	{}	23
土着する	26	P	DECIDED	estimated	P_STATE	gen_frame		P_STATE	{"に": ["PLACE"]}	{}	26
執着する	26	P	DECIDED	estimated	P_EMOTION	gen_frame		P_EMOTION	{"に": ["ABSTRACT", "PERSON"]}	{}	21
存命する	26	P	DECIDED	estimated	P_STATE	gen_frame		P_STATE		{}	26
射撃する	26	P	DECIDED	estimated	P_ACT	gen_frame		P_ACT	{"に": ["ANIMAL", "ARTIFACT", "PERSON", "PLACE"], "を": ["ANIMAL", "ARTIFACT", "PERSON"]}	{}	23
将棋する	26	P	DECIDED	estimated	P_ACT	gen_frame		P_ACT	{"を": ["ARTIFACT"]}	{}	26
尊称する	26	P	DECIDED	estimated	P_ACT	gen_frame		P_ACT	{"を": ["PERSON"]}	{}	26
局する	26	P	UNPLACED							{}	21
挿し木する	26	P	DECIDED	estimated	P_CREATE	gen_frame		P_CREATE	{"を": ["PLANT"]}	{}	23
放浪する	26	P	DECIDED	estimated	P_MOVE	gen_frame		P_MOVE	{"を": ["PLACE"]}	{}	26
横滑りする	26	P	DECIDED	estimated	P_MOVE	gen_frame		P_MOVE	{"に": ["ARTIFACT", "PLACE"], "を": ["ARTIFACT", "PLACE"]}	{}	21
死別する	26	P	DECIDED	estimated	P_STATE	gen_frame		P_STATE	{"と": ["PERSON"]}	{}	25
浸食する	26	P	DECIDED	estimated	P_CHANGE	gen_frame		P_CHANGE	{"を": ["NATURAL_PHENOMENON", "PLACE"]}	{}	20
爆撃する	26	P	DECIDED	estimated	P_ACT	gen_frame		P_ACT	{"に": ["PLACE"], "を": ["ARTIFACT", "PERSON", "PLACE"]}	{}	26
着水する	26	P	DECIDED	estimated	P_MOVE	gen_frame		P_MOVE	{"に": ["NATURAL_PHENOMENON", "PLACE"]}	{}	20
自沈する	26	P	DECIDED	estimated	P_CHANGE	gen_frame		P_CHANGE	{"で": ["ARTIFACT", "PLACE"]}	{}	26
運送する	26	P	DECIDED	estimated	P_MOVE	gen_frame		P_MOVE	{"から": ["PLACE"], "へ": ["GROUP_ORG", "PLACE"], "を": ["ARTIFACT", "SUBSTANCE_FOOD"]}	{}	21
音高する	26	P	DECIDED	estimated	P_STATE	gen_frame		P_STATE	{"が": ["ABSTRACT", "STATE_PROPERTY"]}	{}	26
spawnする	25	P	DECIDED	estimated	P_CREATE	gen_frame		P_CREATE	{"を": ["ABSTRACT", "ARTIFACT"]}	{}	24
うじする	25	P	UNPLACED							{}	25
がくしゅうする	25	P	DECIDED	estimated	P_COGNITION	gen_frame		P_COGNITION	{"を": ["ABSTRACT", "INFO_LANGUAGE"]}	{}	25
けんきゅうする	25	P	DECIDED	estimated	P_COGNITION	gen_frame		P_COGNITION	{"を": ["ABSTRACT", "INFO_LANGUAGE"]}	{}	25
けん引する	25	P	DECIDED	estimated	P_MOVE	gen_frame		P_MOVE	{"で": ["ARTIFACT", "PLACE"], "を": ["ANIMAL", "ARTIFACT"]}	{}	20
たちばなする	25	P	UNPLACED							{}	25
ぬまする	25	P	UNPLACED							{}	25
ゴミ出しする	25	P	DECIDED	estimated	P_ACT	gen_frame		P_ACT	{"を": ["ARTIFACT", "SUBSTANCE_FOOD"]}	{}	24
チャレンジする	25	P	DECIDED	estimated	P_ACT	gen_frame		P_ACT	{"に": ["ABSTRACT", "EVENT_ACT"], "を": ["ABSTRACT", "EVENT_ACT"]}	{}	25
ドラッグする	25	P	DECIDED	estimated	P_ACT	gen_frame		P_ACT	{"を": ["ARTIFACT", "INFO_LANGUAGE"]}	{}	24
ラインナップする	25	P	DECIDED	estimated	P_ACT	gen_frame		P_ACT	{"を": ["ARTIFACT", "GROUP_ORG", "PERSON", "WORK"]}	{}	25
乖離する	25	P	DECIDED	estimated	P_STATE	gen_frame		P_STATE	{"と": ["ABSTRACT", "STATE_PROPERTY"]}	{}	24
再任する	25	P	DECIDED	estimated	P_CHANGE	gen_frame		P_CHANGE	{"に": ["GROUP_ORG", "PERSON"]}	{}	25
協同する	25	P	DECIDED	estimated	P_ACT	gen_frame		P_ACT	{"で": ["GROUP_ORG", "PERSON"], "と": ["GROUP_ORG", "PERSON"]}	{}	21
息抜きする	25	P	DECIDED	estimated	P_ACT	gen_frame		P_ACT		{}	22
擬態する	25	P	DECIDED	estimated	P_ACT	gen_frame		P_ACT	{"に": ["ANIMAL", "PLANT"]}	{}	21
東流する	25	P	DECIDED	estimated	P_MOVE	gen_frame		P_MOVE	{"へ": ["PLACE"]}	{}	24
毎晩する	25	P	DECIDED	estimated	P_ACT	gen_frame		P_ACT	{"に": ["TIME"]}	{}	23
決心する	25	P	DECIDED	estimated	P_COGNITION	gen_frame		P_COGNITION	{"を": ["ABSTRACT", "EVENT_ACT"]}	{}	21
生長する	25	P	DECIDED	estimated	P_CHANGE	gen_frame		P_CHANGE	{"が": ["ANIMAL", "PLANT"]}	{}	21
著作する	25	P	DECIDED	estimated	P_CREATE	gen_frame		P_CREATE	{"を": ["INFO_LANGUAGE", "WORK"]}	{}	25
補任する	25	P	DECIDED	estimated	P_ACT	gen_frame		P_ACT	{"に": ["GROUP_ORG", "PERSON"]}	{}	25
討伐する	25	P	DECIDED	estimated	P_ACT	gen_frame		P_ACT	{"を": ["ANIMAL", "GROUP_ORG", "PERSON"]}	{}	25
誘いする	25	P	UNPLACED							{}	22
調乳する	25	P	DECIDED	estimated	P_ACT	gen_frame		P_ACT	{"を": ["SUBSTANCE_FOOD"]}	{}	24
賃貸する	25	P	DECIDED	estimated	P_POSSESS	gen_frame		P_POSSESS	{"に": ["GROUP_ORG", "PERSON"], "を": ["ARTIFACT", "PLACE"]}	{}	24
連座する	25	P	DECIDED	estimated	P_STATE	gen_frame		P_STATE	{"に": ["EVENT_ACT", "GROUP_ORG", "PERSON"]}	{}	25
随伴する	25	P	DECIDED	estimated	P_ACT	gen_frame		P_ACT	{"と": ["GROUP_ORG", "PERSON"], "に": ["GROUP_ORG", "PERSON"]}	{}	25
集金する	25	P	DECIDED	estimated	P_ACT	gen_frame		P_ACT	{"を": ["QUANTITY", "SUBSTANCE_FOOD"]}	{}	23
静置する	25	P	DECIDED	estimated	P_ACT	gen_frame		P_ACT	{"を": ["ARTIFACT", "SUBSTANCE_FOOD"]}	{}	24
かいとうする	24	P	UNPLACED							{}	24
かたする	24	P	UNPLACED							{}	24
しぶする	24	P	UNPLACED							{}	24
すずきする	24	P	UNPLACED							{}	24
せんもんする	24	P	UNPLACED							{}	24
ひろする	24	P	UNPLACED							{}	24
ふくしする	24	P	UNPLACED							{}	24
みつする	24	P	UNPLACED							{}	24
むねする	24	P	UNPLACED							{}	24
オーバーランする	24	P	DECIDED	estimated	P_MOVE	gen_frame		P_MOVE	{"を": ["ARTIFACT", "PLACE"]}	{}	23
ブックマークする	24	P	DECIDED	estimated	P_ACT	gen_frame		P_ACT	{"を": ["ARTIFACT", "INFO_LANGUAGE", "WORK"]}	{}	22
プロモーションする	24	P	DECIDED	estimated	P_ACT	gen_frame		P_ACT	{"を": ["EVENT_ACT", "INFO_LANGUAGE", "WORK"]}	{}	24
共闘する	24	P	DECIDED	estimated	P_ACT	gen_frame		P_ACT	{"と": ["GROUP_ORG", "PERSON"]}	{}	24
出所する	24	P	DECIDED	estimated	P_MOVE	gen_frame		P_MOVE	{"から": ["GROUP_ORG", "PLACE"]}	{}	24
分社する	24	P	DECIDED	estimated	P_CREATE	gen_frame		P_CREATE	{"を": ["GROUP_ORG"]}	{}	24
刑死する	24	P	DECIDED	estimated	P_CHANGE	gen_frame		P_CHANGE	{"で": ["PLACE"]}	{}	24
列長する	24	P	UNPLACED							{}	24
創製する	24	P	DECIDED	estimated	P_CREATE	gen_frame		P_CREATE	{"を": ["ABSTRACT", "ARTIFACT", "SUBSTANCE_FOOD"]}	{}	23
包摂する	24	P	DECIDED	estimated	P_ACT	gen_frame		P_ACT	{"を": ["ABSTRACT", "EVENT_ACT", "INFO_LANGUAGE"]}	{}	24
北流する	24	P	DECIDED	estimated	P_MOVE	gen_frame		P_MOVE	{"を": ["PLACE"]}	{}	20
受勲する	24	P	DECIDED	estimated	P_GIVE	gen_frame		P_GIVE	{"から": ["GROUP_ORG", "PERSON"]}	{}	24
吻合する	24	P	DECIDED	estimated	P_ACT	gen_frame		P_ACT	{"を": ["ARTIFACT", "BODY_PART"]}	{}	24
客演する	24	P	DECIDED	estimated	P_ACT	gen_frame		P_ACT	{"に": ["EVENT_ACT", "PLACE", "WORK"]}	{}	24
帰順する	24	P	DECIDED	estimated	P_ACT	gen_frame		P_ACT	{"に": ["GROUP_ORG", "PERSON"]}	{}	24
現出する	24	P	DECIDED	estimated	P_EXIST	gen_frame		P_EXIST	{"が": ["ABSTRACT", "EVENT_ACT", "NATURAL_PHENOMENON"]}	{}	24
皿洗いする	24	P	DECIDED	estimated	P_ACT	gen_frame		P_ACT	{"を": ["ARTIFACT", "SUBSTANCE_FOOD"]}	{}	20
耳コピする	24	P	DECIDED	estimated	P_ACT	gen_frame		P_ACT	{"を": ["INFO_LANGUAGE", "WORK"]}	{}	23
臣従する	24	P	DECIDED	estimated	P_STATE	gen_frame		P_STATE	{"に": ["GROUP_ORG", "PERSON"]}	{}	21
転化する	24	P	DECIDED	estimated	P_CHANGE	gen_frame		P_CHANGE	{"に": ["ABSTRACT", "STATE_PROPERTY", "SUBSTANCE_FOOD"]}	{}	24
隠棲する	24	P	DECIDED	estimated	P_STATE	gen_frame		P_STATE	{"に": ["PLACE"]}	{}	24
頑張りする	24	P	UNPLACED							{}	20
nする	23	P	UNPLACED							{}	23
いしする	23	P	UNPLACED							{}	23
いじょうする	23	P	UNPLACED							{}	23
かいしゅんする	23	P	UNPLACED							{}	23
かすがいする	23	P	UNPLACED							{}	23
さとうする	23	P	UNPLACED							{}	21
ほけんする	23	P	UNPLACED							{}	23
みやこする	23	P	UNPLACED							{}	23
わかまつする	23	P	UNPLACED							{}	23
メンテナンスする	23	P	UNPLACED							{}	22
中座する	23	P	DECIDED	estimated	P_MOVE	gen_frame		P_MOVE	{"を": ["PLACE"]}	{}	22
内線する	23	P	DECIDED	estimated	P_COMMUNICATE	gen_frame		P_COMMUNICATE	{"を": ["INFO_LANGUAGE"]}	{}	23
再録する	23	P	DECIDED	estimated	P_CREATE	gen_frame		P_CREATE	{"を": ["INFO_LANGUAGE", "WORK"]}	{}	22
厩する	23	P	DECIDED	estimated	P_ACT	gen_frame		P_ACT	{"を": ["ANIMAL"]}	{}	23
弛緩する	23	P	DECIDED	estimated	P_CHANGE	gen_frame		P_CHANGE	{"が": ["ARTIFACT", "BODY_PART", "STATE_PROPERTY"]}	{}	21
惹起する	23	P	DECIDED	estimated	P_CREATE	gen_frame		P_CREATE	{"を": ["EVENT_ACT"]}	{}	23
所轄する	23	P	DECIDED	estimated	P_STATE	gen_frame		P_STATE	{"を": ["ABSTRACT", "EVENT_ACT"]}	{}	21
投棄する	23	P	DECIDED	estimated	P_ACT	gen_frame		P_ACT	{"を": ["ARTIFACT", "SUBSTANCE_FOOD"]}	{}	20
掲出する	23	P	DECIDED	estimated	P_ACT	gen_frame		P_ACT	{"を": ["ARTIFACT", "INFO_LANGUAGE"]}	{}	23
撰述する	23	P	DECIDED	estimated	P_CREATE	gen_frame		P_CREATE	{"を": ["INFO_LANGUAGE", "WORK"]}	{}	23
暴行する	23	P	DECIDED	estimated	P_ACT	gen_frame		P_ACT	{"を": ["ANIMAL", "GROUP_ORG", "PERSON"]}	{}	23
疲弊する	23	P	DECIDED	estimated	P_CHANGE	gen_frame		P_CHANGE	{"が": ["ABSTRACT", "GROUP_ORG", "STATE_PROPERTY"]}	{}	21
襲爵する	23	P	DECIDED	estimated	P_POSSESS	gen_frame		P_POSSESS	{"を": ["ABSTRACT", "IDENTIFIER"]}	{}	23
誅殺する	23	P	DECIDED	estimated	P_ACT	gen_frame		P_ACT	{"を": ["ANIMAL", "PERSON"]}	{}	23
たかなする	22	P	UNPLACED							{}	22
コミカライズする	22	P	DECIDED	estimated	P_CHANGE	gen_frame		P_CHANGE	{"を": ["WORK"]}	{}	22
テニスする	22	P	DECIDED	estimated	P_ACT	gen_frame		P_ACT	{"を": ["EVENT_ACT"]}	{}	20
ディスパッチする	22	P	DECIDED	estimated	P_COMMUNICATE	gen_frame		P_COMMUNICATE	{"を": ["ARTIFACT", "INFO_LANGUAGE", "PERSON"]}	{}	20
バーベキューする	22	P	DECIDED	estimated	P_CONSUME	gen_frame		P_CONSUME	{"を": ["SUBSTANCE_FOOD"]}	{}	22
ボイコットする	22	P	DECIDED	estimated	P_ACT	gen_frame		P_ACT	{"を": ["ABSTRACT", "EVENT_ACT"]}	{}	22
リミックスする	22	P	DECIDED	estimated	P_CREATE	gen_frame		P_CREATE	{"を": ["INFO_LANGUAGE", "WORK"]}	{}	22
レンダリングする	22	P	DECIDED	estimated	P_CREATE	gen_frame		P_CREATE	{"を": ["INFO_LANGUAGE", "WORK"]}	{}	20
一人暮らしする	22	P	DECIDED	estimated	P_STATE	gen_frame		P_STATE	{"で": ["PLACE"]}	{}	21
併称する	22	P	DECIDED	estimated	P_COMMUNICATE	gen_frame		P_COMMUNICATE	{"を": ["GROUP_ORG", "PERSON", "WORK"]}	{}	22
入信する	22	P	DECIDED	estimated	P_CHANGE	gen_frame		P_CHANGE	{"に": ["ABSTRACT", "GROUP_ORG", "INFO_LANGUAGE"]}	{}	22
入閣する	22	P	DECIDED	estimated	P_MOVE	gen_frame		P_MOVE	{"に": ["GROUP_ORG"]}	{}	22
去勢する	22	P	DECIDED	estimated	P_CHANGE	gen_frame		P_CHANGE	{"を": ["ANIMAL", "BODY_PART"]}	{}	22
収益する	22	P	DECIDED	estimated	P_EXIST	gen_frame		P_EXIST	{"が": ["ABSTRACT", "QUANTITY"]}	{}	20
啓蒙する	22	P	DECIDED	estimated	P_COMMUNICATE	gen_frame		P_COMMUNICATE	{"を": ["GROUP_ORG", "PERSON"]}	{}	22
外接する	22	P	DECIDED	estimated	P_STATE	gen_frame		P_STATE	{"と": ["PLACE"]}	{}	22
好発する	22	P	DECIDED	estimated	P_EXIST	gen_frame		P_EXIST	{"が": ["EVENT_ACT"]}	{}	22
差し入れする	22	P	DECIDED	estimated	P_GIVE	gen_frame		P_GIVE	{"に": ["GROUP_ORG", "PERSON"], "を": ["ARTIFACT", "SUBSTANCE_FOOD"]}	{}	20
帰投する	22	P	DECIDED	estimated	P_MOVE	gen_frame		P_MOVE	{"に": ["PLACE"]}	{}	22
惜敗する	22	P	DECIDED	estimated	P_ACT	gen_frame		P_ACT	{"に": ["GROUP_ORG", "PERSON"]}	{}	22
拘留する	22	P	DECIDED	estimated	P_ACT	gen_frame		P_ACT	{"を": ["PERSON"]}	{}	22
指切りする	22	P	DECIDED	estimated	P_ACT	gen_frame		P_ACT	{"と": ["PERSON"]}	{}	21
最近する	22	P	UNPLACED							{}	20
比肩する	22	P	DECIDED	estimated	P_STATE	gen_frame		P_STATE	{"に": ["GROUP_ORG", "PERSON"]}	{}	22
治定する	22	P	UNPLACED							{}	22
種別する	22	P	DECIDED	estimated	P_ACT	gen_frame		P_ACT	{"を": ["ABSTRACT", "ARTIFACT", "EVENT_ACT"]}	{}	22
糾弾する	22	P	DECIDED	estimated	P_COMMUNICATE	gen_frame		P_COMMUNICATE	{"を": ["GROUP_ORG", "PERSON"]}	{}	22
素焼きする	22	P	DECIDED	estimated	P_CREATE	gen_frame		P_CREATE	{"を": ["SUBSTANCE_FOOD"]}	{}	20
終焉する	22	P	DECIDED	estimated	P_EXIST	gen_frame		P_EXIST	{"が": ["EVENT_ACT", "TIME"]}	{}	22
脱獄する	22	P	DECIDED	estimated	P_MOVE	gen_frame		P_MOVE	{"から": ["PLACE"]}	{}	22
腹ごしらえする	22	P	DECIDED	estimated	P_CONSUME	gen_frame		P_CONSUME	{"を": ["SUBSTANCE_FOOD"]}	{}	22
街歩きする	22	P	DECIDED	estimated	P_ACT	gen_frame		P_ACT	{"で": ["PLACE"]}	{}	21
詐称する	22	P	DECIDED	estimated	P_COMMUNICATE	gen_frame		P_COMMUNICATE	{"を": ["ABSTRACT", "GROUP_ORG", "INFO_LANGUAGE", "PERSON"]}	{}	22
起始する	22	P	DECIDED	estimated	P_EXIST	gen_frame		P_EXIST	{"が": ["EVENT_ACT", "TIME"]}	{}	21
送還する	22	P	DECIDED	estimated	P_MOVE	gen_frame		P_MOVE	{"から": ["PLACE"], "へ": ["PLACE"], "を": ["PERSON"]}	{}	21
防護する	22	P	DECIDED	estimated	P_ACT	gen_frame		P_ACT	{"を": ["ARTIFACT", "PERSON", "PLACE"]}	{}	20
うらする	21	P	UNPLACED							{}	21
かんとくする	21	P	UNPLACED							{}	21
くぼする	21	P	UNPLACED							{}	21
しゃかいする	21	P	UNPLACED							{}	21
やぎする	21	P	UNPLACED							{}	21
コンバートする	21	P	DECIDED	estimated	P_CHANGE	gen_frame		P_CHANGE	{"を": ["ABSTRACT", "ARTIFACT", "INFO_LANGUAGE"]}	{}	21
チェンジする	21	P	DECIDED	estimated	P_CHANGE	gen_frame		P_CHANGE	{"を": ["ABSTRACT", "ARTIFACT", "STATE_PROPERTY"]}	{}	21
デフォルメする	21	P	DECIDED	estimated	P_CHANGE	gen_frame		P_CHANGE	{"を": ["ABSTRACT", "ARTIFACT", "STATE_PROPERTY", "WORK"]}	{}	21
デュエットする	21	P	DECIDED	estimated	P_ACT	gen_frame		P_ACT	{"と": ["PERSON"]}	{}	21
フォーカスする	21	P	DECIDED	estimated	P_PERCEIVE	gen_frame		P_PERCEIVE	{"を": ["ABSTRACT", "ARTIFACT", "WORK"]}	{}	21
マフラーする	21	P	DECIDED	estimated	P_ACT	gen_frame		P_ACT	{"を": ["ARTIFACT", "BODY_PART"]}	{}	21
リクルートする	21	P	DECIDED	estimated	P_ACT	gen_frame		P_ACT	{"を": ["PERSON"]}	{}	21
亢進する	21	P	DECIDED	estimated	P_CHANGE	gen_frame		P_CHANGE	{"が": ["ABSTRACT", "STATE_PROPERTY"]}	{}	20
伝存する	21	P	DECIDED	estimated	P_EXIST	gen_frame		P_EXIST	{"が": ["ABSTRACT", "ARTIFACT", "WORK"]}	{}	20
剥離する	21	P	DECIDED	estimated	P_CHANGE	gen_frame		P_CHANGE	{"から": ["ARTIFACT", "BODY_PART", "SUBSTANCE_FOOD"], "が": ["ARTIFACT", "BODY_PART", "SUBSTANCE_FOOD"]}	{}	21
取り消しする	21	P	DECIDED	estimated	P_CHANGE	gen_frame		P_CHANGE	{"を": ["ABSTRACT", "EVENT_ACT", "INFO_LANGUAGE"]}	{}	20
埋設する	21	P	DECIDED	estimated	P_ACT	gen_frame		P_ACT	{"を": ["ARTIFACT", "SUBSTANCE_FOOD"]}	{}	20
奉献する	21	P	DECIDED	estimated	P_GIVE	gen_frame		P_GIVE	{"を": ["ABSTRACT", "ARTIFACT", "SUBSTANCE_FOOD"]}	{}	20
懇願する	21	P	DECIDED	estimated	P_COMMUNICATE	gen_frame		P_COMMUNICATE	{"に": ["GROUP_ORG", "PERSON"], "を": ["ABSTRACT", "EVENT_ACT"]}	{}	21
扇動する	21	P	DECIDED	estimated	P_COMMUNICATE	gen_frame		P_COMMUNICATE	{"を": ["GROUP_ORG", "PERSON"]}	{}	21
招致する	21	P	DECIDED	estimated	P_MOVE	gen_frame		P_MOVE	{"を": ["EVENT_ACT", "GROUP_ORG"]}	{}	20
炸裂する	21	P	DECIDED	estimated	P_ACT	gen_frame		P_ACT	{"が": ["EVENT_ACT", "NATURAL_PHENOMENON"]}	{}	21
留任する	21	P	DECIDED	estimated	P_STATE	gen_frame		P_STATE	{"に": ["PERSON"]}	{}	21
肥育する	21	P	DECIDED	estimated	P_ACT	gen_frame		P_ACT	{"を": ["ANIMAL"]}	{}	21
興行する	21	P	DECIDED	estimated	P_ACT	gen_frame		P_ACT	{"を": ["EVENT_ACT"]}	{}	21
興隆する	21	P	DECIDED	estimated	P_STATE	gen_frame		P_STATE	{"が": ["ABSTRACT", "STATE_PROPERTY"]}	{}	21
薨去する	21	P	DECIDED	estimated	P_STATE	gen_frame		P_STATE	{"が": ["PERSON"]}	{}	21
誘起する	21	P	DECIDED	estimated	P_CREATE	gen_frame		P_CREATE	{"を": ["ABSTRACT", "EVENT_ACT", "STATE_PROPERTY"]}	{}	20
謳歌する	21	P	DECIDED	estimated	P_EMOTION	gen_frame		P_EMOTION	{"を": ["ABSTRACT", "EVENT_ACT", "WORK"]}	{}	20
送電する	21	P	DECIDED	estimated	P_ACT	gen_frame		P_ACT	{"に": ["ARTIFACT", "PLACE"], "を": ["SUBSTANCE_FOOD"]}	{}	20
醸成する	21	P	DECIDED	estimated	P_CREATE	gen_frame		P_CREATE	{"を": ["ABSTRACT", "STATE_PROPERTY"]}	{}	21
集大成する	21	P	DECIDED	estimated	P_CREATE	gen_frame		P_CREATE	{"を": ["ABSTRACT", "EVENT_ACT", "WORK"]}	{}	21
かいてんする	20	P	UNPLACED							{}	20
かぎする	20	P	UNPLACED							{}	20
かんこうする	20	P	UNPLACED							{}	20
きばする	20	P	UNPLACED							{}	20
けいざいする	20	P	UNPLACED							{}	20
こうこうする	20	P	UNPLACED							{}	20
こうたいする	20	P	UNPLACED							{}	20
ぜんこくする	20	P	UNPLACED							{}	20
たけのこする	20	P	UNPLACED							{}	20
たわらする	20	P	UNPLACED							{}	20
はなする	20	P	UNPLACED							{}	20
ほうじんする	20	P	DECIDED	estimated	P_COMMUNICATE	gen_frame		P_COMMUNICATE	{"を": ["PERSON"]}	{}	20
みずほする	20	P	UNPLACED							{}	20
カップリングする	20	P	DECIDED	estimated	P_ACT	gen_frame		P_ACT	{"を": ["ANIMAL", "PERSON"]}	{}	20
乗艦する	20	P	DECIDED	estimated	P_MOVE	gen_frame		P_MOVE	{"に": ["ARTIFACT", "PLACE"]}	{}	20
併催する	20	P	DECIDED	estimated	P_ACT	gen_frame		P_ACT	{"で": ["EVENT_ACT", "PLACE"], "を": ["EVENT_ACT"]}	{}	20
快勝する	20	P	DECIDED	estimated	P_ACT	gen_frame		P_ACT	{"に": ["GROUP_ORG", "PERSON"]}	{}	20
拘禁する	20	P	DECIDED	estimated	P_ACT	gen_frame		P_ACT	{"を": ["PERSON"]}	{}	20
掠奪する	20	P	DECIDED	estimated	P_GIVE	gen_frame		P_GIVE	{"を": ["ABSTRACT", "ARTIFACT", "SUBSTANCE_FOOD"]}	{}	20
昇任する	20	P	DECIDED	estimated	P_CHANGE	gen_frame		P_CHANGE	{"に": ["GROUP_ORG", "PERSON"]}	{}	20
業務する	20	P	DECIDED	estimated	P_ACT	gen_frame		P_ACT	{"に": ["GROUP_ORG", "PLACE"]}	{}	20
標識する	20	P	DECIDED	estimated	P_CREATE	gen_frame		P_CREATE	{"を": ["ARTIFACT", "IDENTIFIER", "INFO_LANGUAGE"]}	{}	20
殲滅する	20	P	DECIDED	estimated	P_ACT	gen_frame		P_ACT	{"を": ["ANIMAL", "GROUP_ORG", "PERSON"]}	{}	20
毒殺する	20	P	DECIDED	estimated	P_ACT	gen_frame		P_ACT	{"を": ["ANIMAL", "PERSON"]}	{}	20
知行する	20	P	DECIDED	estimated	P_POSSESS	gen_frame		P_POSSESS	{"を": ["ABSTRACT", "PLACE"]}	{}	20
破滅する	20	P	DECIDED	estimated	P_STATE	gen_frame		P_STATE	{"が": ["ABSTRACT", "PERSON", "STATE_PROPERTY"]}	{}	20
糾合する	20	P	DECIDED	estimated	P_ACT	gen_frame		P_ACT	{"を": ["GROUP_ORG", "PERSON"]}	{}	20
苦悩する	20	P	DECIDED	estimated	P_EMOTION	gen_frame		P_EMOTION	{"が": ["PERSON"]}	{}	20
起爆する	20	P	DECIDED	estimated	P_ACT	gen_frame		P_ACT	{"を": ["ARTIFACT", "SUBSTANCE_FOOD"]}	{}	20
追撃する	20	P	DECIDED	estimated	P_ACT	gen_frame		P_ACT	{"を": ["ANIMAL", "GROUP_ORG", "PERSON"]}	{}	20
都する	20	P	UNPLACED							{}	20
限局する	20	P	DECIDED	estimated	P_STATE	gen_frame		P_STATE	{"が": ["BODY_PART", "PLACE", "STATE_PROPERTY"]}	{}	20
除隊する	20	P	DECIDED	estimated	P_MOVE	gen_frame		P_MOVE	{"から": ["GROUP_ORG"]}	{}	20
